query_id,product_id,label,hybrid_rank
20566,B001G42Q4W,E,
104359,B0734SN6VR,C,
21597,B01G9B2B2S,S,
85511,B07N95KFYC,E,
1217,B07HZHCDQG,S,
25415,B086CBWB2N,E,
85787,B08564NLZG,I,
48375,B08MTGT62P,E,
36236,B07YXTYZSY,C,
51993,0134767322,C,
46357,B07H8W9FD6,E,
94290,B07FR32S4P,E,
53271,B01N2VRBP3,I,
50541,B07MWPNPPB,E,
41390,B00VEK5PIM,E,
81481,B079TJHVN3,E,
84825,B07QDLCRVF,E,
10774,B07TJ1RT4W,I,
26918,B0057JA1QC,E,
36367,B09B1Q64ZH,I,
113944,B082NM8ZFR,S,
87291,B07T49893J,S,
95927,B007TEZD2A,S,
64579,B07JG918D6,E,
81550,B07S73JXVB,E,
32815,B06XD6XBCM,C,
59257,B07FJQ5BJQ,E,
86117,B013FEINW4,I,
76630,B07GDKKC9P,C,
101890,B00000G42T,S,
3783,B00UMAKFA8,C,
103578,B07CSDXZM2,I,
41583,B000G187FS,C,
102523,B08Y6D74GY,S,
1596,B07R7NTX6D,C,
44295,B08PBFYNF8,S,
25460,B017B6NAJS,S,
64489,B07GXZ6FYB,E,
57559,B00M5EK66W,C,
115665,B082XV9CDK,I,
95221,B07YD7RSQ4,E,
65575,B08DKWKCD2,C,
91709,B08YRD11VS,S,
109340,B00FBRPH1E,C,
13161,B002EZHGQK,E,
44062,B0742DCLDH,S,
1912,B00HPYAFKY,S,
5485,B08K8HZRFS,S,
91405,B01MXJCYNH,C,
20939,B07WQSYV1Y,E,
106948,B07NY38NTY,C,
1247,B0872XGDWJ,I,
76707,B01AT3T0GC,C,
44219,B07XX42BBC,E,
66948,B00SGF5N1M,E,
17621,B074MBD643,S,
80818,B0001VUSKU,E,
102790,0307010856,I,
100955,B01N29CVAE,I,
68562,B009G4JDTA,I,
31938,039330230X,I,
22593,B000QJ9DBC,I,
85041,B006GTXQKU,I,
56746,B07RFTDQ6K,C,
94218,B0817SHH1Z,S,
102035,B07NRT4DCG,I,
27656,B01DA61WY8,S,
22847,B0895L1N7G,C,
72282,B07GM1FKS3,S,
81394,B016KXSLD8,I,
77128,B076YGC758,E,
69255,B085HF7R3C,C,
30594,B076VKL4H1,I,
92643,B004OUVK4W,S,
64586,B07FZXCHTT,E,
87525,B0721B8M3J,C,
75528,B004CW5YUI,S,
58752,B00D4C18CU,S,
20766,B01MUJBT42,S,
40652,B017UOZGYI,I,
922,1839061758,I,
93284,B07V9KMNGY,I,
61395,B07JMHK2PL,E,
90293,B07Y1FH2WW,C,
399,B0030BEW96,I,
91910,B07TT8TL1B,I,
149,B08R2Z7D7G,I,
51115,B0885RR1MW,E,
56346,B06XPSCJLC,I,
62359,B00SYN288C,I,
72722,0895770598,C,
50573,B07R74S4ZM,E,
91632,B07TY3HF1C,I,
36561,B07XMN3SK6,I,
54143,B07N929634,I,
11248,B08KXST16C,C,
9057,B0825SCYB8,S,
35634,B07BKRFHMQ,S,
53120,B000QE7DZ0,S,
41060,B084TQSFK4,S,
102152,B00KXSXQ7I,E,
92088,B088D2BG66,S,
7878,B08132QTBP,C,
41617,B078RCLMSL,E,
27110,B0762NJD1F,C,
45999,B079WWFZY6,S,
62626,B07VVBLHFW,I,
84039,B07XH4V5KR,C,
10631,B076YXJD81,E,
8624,B003VNKLIY,S,
60658,B06WLMCG8M,E,
5647,B086SLBYMC,I,
40141,B07JH58C81,C,
28465,B0757HLNLJ,I,
1877,B08B2VCS41,C,
1935,B01J9QVIR4,S,
9642,B085KZP7KX,C,
114034,B015HJJM2K,E,
46323,B0831DH969,E,
92942,B004AC6UOO,E,
34400,B07HBYGJCT,E,
958,B07S7VBHR2,I,
53214,B08XX261V7,S,
20025,B002DW0INW,C,
75488,B07WC6YYJZ,I,
18976,B087JS8YQM,E,
35226,B01FXZE3NG,S,
50539,B077WYF5TW,S,
11245,B06XY1PY6D,E,
49269,B073V53X2Q,C,
32,B07D8WWYDV,S,
2937,B077V2B6Z6,C,
105326,B073Z285XZ,C,
18931,B07G3S6VL1,E,
10886,B078LFQK3B,C,
113403,B003DNR3AG,E,
1277,B079H93J5N,E,
95090,B00G4CIG7M,E,
37249,B07DNZP4J1,S,
25046,149644082X,I,
39295,B005FH7BD2,I,
81666,B07G1G66CC,C,
3480,B07M5HQKGX,S,
92108,B07HVRVJKY,I,
41284,B07V34DVVB,C,
34515,B08R9SN8B3,C,
81663,B00ILK6IS4,E,
77243,B01D98NOVG,C,
43937,B06WGS47NG,S,
16691,B07D753NR2,E,
17752,B07L9H6KKG,I,
94245,B07FKR6KXF,I,
106966,B00SOYXJ1Q,I,
103835,B06X99FDT7,E,
108618,B09C1B4BBL,C,
17156,B079TK6ZS1,C,
17778,B003X1SJ7Y,C,
76588,B084LJZVH7,S,
15237,B07P24BV9S,C,
17596,B082HY8SN3,C,
114166,B07XZT24B8,C,
95875,B07CL2HN14,C,
76644,B094YBCNR7,C,
109802,B089XY4MPY,C,
44574,B00UZ89SZA,C,
62182,B08F4ZSTH2,E,
5656,B07JNCC93S,I,
50851,B07GS9MPY8,S,
94565,B07NKQCD4D,C,
1701,B0000DAQ93,C,
16829,B07HH756N2,S,
50053,B07NQ7F57F,E,
7031,B07DF83HK7,S,
49550,B08RJCJKDB,C,
63557,B07MZPB62M,I,
83735,B0752VD9BQ,I,
45346,1501154656,I,
113446,B075FDNNDJ,I,
100934,B07KRJS6RT,I,
6319,B07RF1XD36,E,
75488,B07WC6YYHW,I,
53465,B06Y1DGLKG,C,
63950,B08BR1XGKV,I,
90871,B07GVRL7V9,I,
97595,B071GPFWWC,E,
82879,B07KPQRLS7,E,
2058,B07BQWVDWD,I,
37779,B01BZ0LXL8,I,
10966,B07SPZTTJ8,C,
113601,B00FZ9TN2C,C,
13319,B081D9LB74,S,
99734,B00FKKUZ0K,C,
12196,B076L1JDQ4,S,
40765,B00ASP3YZK,C,
10420,B000ZMD5I2,S,
16328,B07TXG77SW,S,
109740,B017PFD8OM,E,
52432,B07YKMZR3P,E,
109636,B00I38PCKE,I,
14078,B07MJP4ZQV,S,
94172,B0793QBWBD,I,
91144,B01KBEOM2G,I,
105557,B07BJ495GL,I,
36458,0761160957,S,
43061,B00S0YA5GM,E,
98813,B08F6YWTF6,E,
44720,B087MW7R4Z,I,
101072,B00A180C3G,S,
3436,B001PT6TZK,E,
103568,B07C2CCMN8,C,
2605,B0007XXPUM,I,
6963,B00GD2QNUA,S,
33723,B083192L2R,S,
20566,B0007A2JF2,C,
52034,B00JP6HQBG,E,
62822,B08FGVZQW5,E,
21870,B083RKMW91,C,
66430,B08GG3MZ53,C,
4505,B075PPMVCT,I,
77351,B076BTX8L3,E,
2823,B000HE57JS,E,
52199,B00LUA11F2,I,
100303,B005H7DRQA,C,
50184,B000OYJ9AO,C,
25584,B00VVWIDJG,I,
56592,1416997458,I,
55011,B00KCL1222,S,
55799,B075FJM9KH,E,
12358,B089DR9QH2,I,
73285,B07K6H6K43,C,
92839,B01MSAVJ5W,C,
9318,B075D8483P,C,
62518,B07NST28Y3,I,
83992,B08T1R3WYQ,C,
25099,B07FV64QLX,E,
51002,B091YBYPN8,S,
112213,B07Q424WFW,S,
19284,B07G7X9MSZ,E,
40175,B004R33U1C,C,
44692,B01KR63NOG,C,
54972,0132944103,I,
52323,B00769RHK4,C,
23597,B074S2H4H9,S,
70070,B07Q31WX1C,S,
52234,B07XMRQZGM,C,
71746,B07PZ6X3RV,S,
689,B092QBY9S1,S,
104146,B01N27WI9N,C,
549,B01NCWGXHK,E,
52251,B07PDCV5GV,C,
53890,B07Y4R4WSZ,C,
889,B07YM4YHVY,C,
47115,B081KZ538D,C,
70835,B007T6QSDG,C,
4226,B097BF2FRZ,S,
51094,B00GNMBYF4,C,
77291,B0166CQ4HI,E,
68008,B07D1L8M13,S,
130539,B085NMRZC3,I,
55175,B07NLDX7D7,C,
14582,B07QD624QZ,I,
63871,B08BRXNBG6,S,
383,B07FN3LGGH,I,
29394,B07NZ6RQ8J,I,
51506,B07SRK6M9G,S,
105123,B004UHY2TY,I,
87671,B00J5S8XXY,C,
47578,B0765BJV74,C,
76293,B00J86E5JE,I,
4991,B093SMYVFN,I,
58987,B00TI4XFA6,S,
35089,B00NWFKFBE,C,
92128,B00412N97E,S,
51574,B07KWZ5798,E,
5705,B01MG4F074,I,
8249,B00RKWAK60,S,
90712,B000CISZLG,C,
32640,B07ZG7CHJB,I,
79696,B004PVLWW0,I,
105960,B07K3275ZH,E,
37795,B014F0QL3K,S,
35813,B07HFKX16Y,E,
96391,B07NNT7TL5,E,
111749,B07NXXWZGX,S,
74667,B00JRW7QCC,C,
99926,B07Z9WT7PK,C,
71697,B07MBZYGX6,C,
8962,B0871ZMBP1,E,
56033,B084R89M9Z,C,
107519,B07HVFZ1Q1,I,
19958,B07L6KTGDS,S,
59108,B07NC56VRX,C,
13840,B00N5TUVLQ,C,
4167,B07H2LCXY3,C,
4672,B078HRLFHX,I,
72050,B0962P7HPC,I,
100994,B016BWH2HE,S,
50877,B07JVPD7JS,E,
33226,B07MJLD9VT,E,
66643,B07PN7FB1R,E,
105421,B07DD4FKP6,I,
34045,B07VZXD48R,C,
51067,B076STQHD8,C,
109194,1589470095,I,
104714,B07XG9PRR8,C,
32802,B07FKNXDLJ,S,
70304,B0177EV7E4,I,
9994,B00HBYV2DC,E,
43104,B00L2CS994,E,
37882,B07Y926M1G,S,
31555,B079QMWF72,S,
13881,B07RW7JNXV,I,
53455,B082TRTFKF,S,
55080,B08545RJSP,I,
1297,B07558553P,C,
62563,B01A0EMX6O,E,
29153,B07C5LXPLH,I,
54805,B08C26FQLC,C,
22320,B00SL11US6,S,
947,B00GMSXS30,I,
43012,B07HRGB6GP,S,
99545,B07G5G8TKT,C,
83288,B00EZWKCVG,I,
99007,B077JGN8CG,I,
67303,B0051NGG5O,E,
69141,B07BXHRBQ8,S,
80135,B01CZO5GWA,E,
95557,B074ZHCLMD,I,
89093,B01E4YVCOA,C,
77479,B07D29QNMJ,C,
67060,B07XHRDTMW,E,
90,B08B418VX4,S,
54000,B083V2T324,I,
20483,B07X97CH51,S,
99550,B08XWPTRDK,I,
9792,B081CV51JG,C,
93541,B015DEYJJU,I,
37062,B08T25Q6VX,E,
5426,B06XV8T6JT,S,
104146,B00838IEL8,C,
8391,B000I2PONS,C,
63235,B000669482,I,
83707,B01C7KJSKI,I,
52775,B08QR92KLT,S,
88731,B07KGMQ7K3,E,
25371,B004IZ0GJI,I,
22603,B01LI0GEUA,S,
410,B08BBGZ3R1,E,
86231,B07KQX2DTQ,C,
3945,B076KPYYPC,C,
56713,B09CYG7635,E,
99778,B00LMD06WQ,C,
50717,B07F3918Y6,I,
40490,B07ZKCV5K5,C,
88841,0903515083,E,
103115,B00KNO7TZM,E,
64737,B07M75GKBB,S,
33935,B07WZPXHV1,E,
95233,B07G9Q5TWX,S,
77876,B08R89VCVC,E,
4147,B00D5X791C,S,
33528,B07R47XMVK,E,
72044,B01EBC1NQ2,E,
45075,B07RTXRWV8,I,
6703,B077PDSMFF,E,
1769,B08S329VBL,E,
99204,B01B87TMOS,I,
4962,B075F318FF,I,
16430,B07H9NWGVC,S,
106021,B07X8NS792,C,
59617,B07DGGJZF8,I,
70835,B07B6R8P52,C,
71581,B08HQNYGL2,I,
99473,B07PXCD9TJ,E,
111041,B07RN43X8T,C,
50795,B00CS075E4,I,
110668,B079YTNVGK,E,
72009,B07PSBCFS9,S,
99557,B07BS69G8X,S,
53039,B07DH68WK2,S,
41087,B07FM9JFFL,C,
69890,B00KCPDHWQ,S,
35011,B004W55086,S,
25227,B07S1BXY2F,S,
58321,B00PRTKS1U,I,
49726,B00SCDH6DG,C,
7113,B07BRVNMH3,I,
111619,B08YWLLNNL,E,
96474,1951292294,S,
106438,B089M178BG,S,
87730,B078SGCBXL,S,
18350,069284838X,S,
41590,B07PR4S35H,C,
761,B08N1NLLGN,S,
70886,B01LYAGJI2,C,
10387,B00MXZ5NIE,E,
77925,B07L8RZC3C,E,
2253,B01FJIS022,S,
101025,1570757763,I,
1647,B07BH7L2VK,I,
25000,B07H8LJSDZ,S,
26209,B00GNI0DNM,I,
72689,B07DFKDJ6R,I,
240,B00YT168WA,I,
59814,B06ZZ6B28N,S,
22,B007RC6ZSA,I,
46809,B000002KC2,S,
108096,B07VT87881,C,
101184,B07CX8SDZX,S,
25042,B07PPH61V9,S,
75809,B019FV0UVI,I,
30890,B07GZHXBPJ,E,
85044,B079KN5CBJ,C,
2143,B073HSB796,S,
56817,B0942B1PH9,E,
16653,B07DLN65NZ,E,
42943,B00MULXWMU,E,
83459,B01ENRXHLO,I,
81963,B00H95ONYS,E,
48202,B07WBXHDGT,C,
36223,B07CJDKSVX,C,
60710,B01K4UE6C8,C,
15483,B08C7DSS4M,E,
81253,B01CF9RDW6,C,
56026,B08R3K8QP8,S,
19522,B07MX2SYY9,C,
11356,B083BCTY9L,S,
29734,B0769ZKZ8B,C,
85407,B07GRWNGBR,I,
56712,B078K7398B,S,
74411,B07F1YS3NB,E,
64713,B07GB1D7PF,I,
12523,B00T43NR0E,I,
26655,B0753KMW66,C,
84613,B07QWH7HTC,E,
55583,B076TL38DP,C,
115652,B019PENQ7K,C,
114085,B089B68BWQ,C,
21094,B000I1TJW6,C,
23096,B00JJRJGUU,I,
112999,B07KQ1MKTR,S,
106398,B07RBBBJVH,E,
103266,B088YYF5DV,E,
87469,B011NT1ODS,E,
19850,B00HEYJ08S,S,
26430,B07NHRZDRM,S,
74878,B00996GVD6,C,
77006,B07L7ZZHMH,C,
114827,B076H7GXLW,E,
56953,B078RXNBWQ,I,
499,B07N6QGK9L,C,
11623,B00PNXI5CE,I,
73504,B07KR1FF38,E,
35946,B008PFB3HG,I,
51556,B07DCLWMR4,I,
81394,B00FODKYRW,I,
110134,B07CYYGTFH,S,
6811,B084YR4F6L,E,
80149,B07VBJ7G8H,E,
86294,B0725KCT9D,S,
114397,B07T4FJK1Y,C,
24965,B07ZJ8Z6BJ,E,
1089,B01CUXWUB6,C,
33377,B00JNLI9VE,S,
513,B07LG3X715,I,
7841,B00IHVQ2FQ,C,
83568,B0878ZV7RJ,I,
332,B08MWDVWQ2,S,
36801,B01B13ABSU,S,
59147,B07RHQJ851,C,
92680,B00UFG81IC,S,
93142,B007QUZ16A,S,
2804,B0741XLTR5,C,
20496,B0190UX1HO,E,
61195,B076M7CCYQ,E,
102923,B09FLD1HP6,I,
88469,B016W5UHOU,E,
57378,B00CMAG6BI,S,
110788,0448484277,E,
30269,B07JC2R5T6,I,
7821,B07GLK1NC2,I,
53501,B00FFUPTX8,C,
100086,B00HYQP72O,E,
153,B081CGTJB8,S,
163,B083852LZF,I,
101875,B07VCNGQGW,E,
34860,B01MRV53YT,I,
41187,B07Y15BNGD,E,
83635,B07SQ7CWSZ,S,
48871,B07TDM97CS,I,
91336,B078PV5KBX,C,
107547,B07DRQFYRK,S,
58526,B00ROX6VRW,E,
10024,B07R7BD9GW,E,
21426,B08YJX9NYV,E,
1764,B06VSPJ7GZ,S,
17445,B07SL3BDF9,E,
46093,B07QV839G5,E,
109636,B00XKXVOYK,I,
52950,B089ZQJNGT,E,
49409,B005S6RYH8,C,
16841,B07HXBJYC8,S,
79848,B077JH8ZGL,E,
5730,B00NMFNKIY,I,
50790,B001E4ODXG,S,
9959,B072HZTX3R,E,
89511,B07B46GG1P,E,
39255,B0868GWPNY,S,
57703,B079D3NHWL,I,
76452,B079LXG8XH,S,
27228,B07VWWQ5VR,S,
56706,B01GII8XRE,S,
87976,B06X9P2D8T,S,
80144,B00W6EW2KE,S,
7598,B079VJF51F,E,
45336,B00T7WNHPC,C,
100323,B004OSSCYA,I,
50421,B07TJKWZVG,E,
91934,1484605241,I,
110427,B079DC5N8C,I,
470,B007HRGZDK,S,
19130,B077R928NJ,S,
83,B0936MVSJT,I,
1462,B08SJGL3PG,S,
7878,B07Z14RWWB,C,
32597,B08XQKMNZF,E,
7063,B07XZ5K3K4,E,
172,B07ZFM4BT8,I,
91654,B09B218PBW,S,
14582,B07PH51YKH,C,
37167,B06XB92M6R,I,
27398,B07V4Q68L8,I,
108133,B081RMGKV6,I,
46289,B00005C4KF,I,
39523,B003FNMGJM,S,
26647,B001ENOLZ2,E,
55890,B07YFBW8HQ,I,
105259,B00HMC47J4,E,
49045,B07RNP6KYG,E,
77900,B07MP5SNWP,E,
66184,B072MM7MQX,C,
107861,B091T3H7B4,E,
63905,B07GZTZNFH,E,
25006,B0000C6ECF,I,
13082,B094912X3L,S,
357,B07F48HCN2,E,
3233,B000CI1QQ2,C,
81166,B07N5HZNTN,E,
80926,B089B2CZCD,S,
91111,B0000DH8IT,E,
105186,B07KSHP7VX,I,
80900,B09BMXC36Y,C,
115,B07RLLCV3P,I,
75976,B07G7GNJFP,C,
7015,B00ASYOTKU,I,
388,B081JMW6FJ,I,
94244,B07L4THGR1,C,
75806,B019TUCOM8,I,
40469,B07MBXCDFW,S,
55356,B06X19FVN8,S,
3270,B07GRDR7SZ,S,
23087,B077R1B7LV,I,
47589,B009GHNJVK,C,
100268,B07F27K23P,C,
96056,B081SHJRGD,C,
81257,B07MV23M12,E,
61953,B07W6X8FB2,S,
98301,B075J8TK15,E,
112674,B07BW9VN8B,I,
25791,B07NPP44ZD,I,
6735,B07M5HQ9ZC,I,
56641,B01EN6LT7E,I,
42578,B01KWLFYWA,C,
26801,B079X2ZW6Z,E,
41450,B07X981LYD,C,
107923,B07PCJ82FV,C,
63865,B085R8GJBN,E,
51258,B07ZLCPSXX,S,
2572,B07693Q2L4,S,
14805,B078PPH9KY,S,
940,B092HLP8XD,C,
60573,B01AH27B98,E,
47747,B00P9X7ONO,C,
55371,B01I83FBEU,C,
5869,B094W2K1VY,I,
89434,B07VB5N4S6,C,
3626,B000CESEZM,C,
85036,B084LMX9FM,E,
29431,B094G2N3CL,S,
87805,B0845SJB9C,S,
36261,B07KR2FN89,C,
15111,B07P71VKBK,S,
100744,B071G69TKZ,C,
62910,B07G4HJR5V,E,
1191,B00Y7TZQUY,I,
44716,1635861977,I,
98849,B07HGRK6WY,S,
92008,B072BK3KVK,C,
43699,B07925426M,S,
85688,B0071AKB38,C,
51917,B07M7YM1JC,E,
54006,B08BWP3WQL,E,
14111,B07N2F61SW,I,
19273,B00181B9TG,C,
55460,B06X1F3Y7R,E,
96286,B07L3VQD1C,I,
84573,B075JFGM49,S,
46428,B081VVF84S,I,
5343,B079N4DM13,E,
30908,B000TVWFEY,I,
90543,B06Y33WKVB,E,
42029,B015ES9B52,I,
48615,B07211S6G9,E,
14218,B07W5M7ZRV,I,
32364,B004AI8PNM,C,
62753,B01MA69E8X,I,
91364,B08D6SYQN7,E,
87730,B07BB4C9R9,C,
2922,B07GDXT3PR,C,
104127,B082YYYPKT,S,
53363,B01MXKCYJX,S,
29734,B01N7MPV4H,C,
35565,B000WEKLTE,S,
1459,B08HJDSC3C,I,
15135,B07MWSKNKZ,E,
87156,B0014F66S0,E,
46809,B083LP6PXP,S,
98738,B016LUR08W,S,
109300,B08N4GQYXQ,E,
18510,B07868NRLK,C,
56892,B087B2QCFH,C,
63753,B07P6X1HDM,C,
58713,B004IN4L9G,S,
28564,B00TU9UFTS,S,
38462,B06XG4BHN9,S,
53016,B07C4X2NSH,C,
86527,B0773DVCNY,E,
29065,B07TFRS8G4,S,
113729,B098PPDQ16,I,
30175,B07HYWW9KW,E,
91777,B07MY11KMP,I,
6595,B00006FDBN,I,
75180,B01M214FW4,E,
1582,B07BBWNHG9,S,
95300,B01MG516U2,E,
46705,B07BKR1S9K,E,
52437,B07P6Y7954,S,
40574,B07XQLW1H7,C,
80913,B01LXPJ5B0,E,
857,B08CX9ZMN1,I,
55208,B07QTB77GZ,C,
90029,B07FKL4SB8,E,
84427,B0016QTR10,E,
7529,B07RLVXV5B,I,
1495,B07ND47TQG,I,
114693,B07W41J1JV,I,
100086,B08147F7FJ,I,
63911,B08CFVM1TT,E,
25608,B01N29JSKX,C,
255,B07GD8BS5B,E,
85241,B07QR93TBG,C,
75382,B00VD5NNEQ,E,
98582,B07H2ZX98D,E,
7763,B093KMX8T5,I,
93570,B0788TQB1R,C,
68936,B074RCGYLB,E,
32674,B01NCM02RX,E,
52724,0998363502,I,
47902,B075FWWHLK,S,
201,B07X9N1DXG,I,
53286,B000NNM4BW,C,
80930,B01ACEF2AQ,C,
103041,B01L8JJ80E,S,
21064,B087CRWM8M,E,
15124,B073R7ZHVC,E,
12533,B074WLJDB3,I,
842,B07KT4WKR4,I,
32055,B08SLXLJWF,E,
72362,B001QX2G9S,I,
89727,B012WRIIQQ,S,
88994,B07MVPHTN1,E,
46785,B07CQ1L1WV,S,
53229,B07QS5ZJ21,S,
31949,B07T57YYZK,S,
70533,1838985093,C,
100828,B01D0S1R1Y,C,
7033,B0851R6VKQ,I,
53171,B07GQ8DKH5,E,
25314,B07Q64RFKN,I,
101178,1567312489,I,
101486,B005MZ79EI,E,
104423,B088WBGX8H,I,
24165,B07MNXTWMC,C,
71792,B075VNHLKL,C,
50909,B07JCVN4JV,E,
92768,B00J6AS30Y,S,
97867,B004JGOASY,I,
33495,B07GBTXV1B,E,
92559,B07DJ1KVSR,E,
80563,B074FW4JYT,C,
22228,B07JZNZ8HG,S,
66907,B014XQZ9AM,S,
25279,B07MZD977Y,E,
25106,B07NVJ7775,E,
24001,B076Q2CD69,S,
15711,B097DBXLKK,I,
40490,B07JDGQR7C,C,
42330,B00G0D33TG,E,
97201,B07GNTCJVT,C,
12339,B01N7KAP3V,C,
11965,B072FHKM3S,E,
99478,B086Q92563,C,
1660,B07T8XQXCQ,E,
96779,B07YCRMM74,S,
109022,B01M11242U,E,
68521,B07R78RCP6,C,
56724,B074GMTG84,E,
79742,B0822ZT62Z,S,
35903,B07ZF43L1S,S,
105326,B01L2ZRYVE,S,
71044,B07S37JSBL,C,
33912,B08P8GGD17,E,
62,B00PFCT2R0,I,
66301,B01JR0VK3Y,E,
80932,B08ZYWZR5Y,I,
51548,B075RCS81B,C,
21577,B0045WV4G8,C,
87122,B08GKKJYFR,E,
44722,B014JG7GFC,I,
48858,B087NM97RY,C,
47902,B003YCCJZ0,S,
42034,B07YBKCS99,I,
56984,B07NYVFLGX,E,
23066,B01FMN2GQA,I,
105410,B0076F6EPW,C,
115602,B08T7594Y3,S,
19238,B00OG4UFU6,E,
26010,B0778ZG416,S,
71723,0060935464,I,
19712,B07NY8VX89,S,
47845,B0711V2R5K,C,
48867,B07W5N2K48,C,
7279,B0954RP4KV,E,
7276,B09CPLGV4H,E,
5502,B072MLVD79,C,
51192,B07Q8V5H4N,S,
87014,B00SQXVF7A,S,
60811,B0086VYDW6,C,
71704,B08R5QXHYS,I,
9384,B01MYMVPVX,I,
88821,B00M38FQ8S,I,
92817,B07C2H586Y,S,
51779,B0973LSYS2,E,
68643,B07NMNGRVF,I,
88962,B0044MV4D2,C,
54796,B07F2Q177X,C,
41172,B0814BYTVY,C,
102821,B00ARSDU34,E,
1850,B0744RL87G,S,
9754,B07SFBZ8JM,C,
45889,B07QK891WZ,C,
55215,B08DG642DQ,S,
90971,B01IR96U04,C,
57989,B07LDFJ9QM,S,
89843,B00NR76PIE,E,
37198,B07FTTGM6N,I,
109299,B07M6JH3JF,E,
104549,B07GN1CJ9B,E,
111852,B07N8V7325,C,
1229,B07MC9KHK3,S,
172,B07GVHSSWR,E,
45973,B07Q5HJVYZ,I,
97804,B078MKYN9W,S,
7695,B07G4G1QBR,S,
52949,B07147CGJ4,C,
66191,B08CY64V34,I,
27843,B01N0MJBYT,C,
103157,B07DNPL5CV,C,
3372,B072PQGT9L,E,
58024,B075R3MKP2,E,
43012,B07XCSKLX9,C,
15273,B07WT7X41V,I,
36714,B07SQNGZ8R,E,
106869,B071H86WZ1,S,
95335,B0012NZK8G,C,
7498,B087BGVSPS,S,
74947,B07WN2F77W,I,
83498,B07XTNHM33,I,
52259,B07L44GNSC,S,
4776,B07T9YQZJ1,S,
109802,B089QJ98WX,C,
86441,B08HYVR5HM,E,
28705,B01LX3E3UQ,E,
19621,B082GCCF6D,I,
29712,B08NH8M8YC,S,
85244,B06ZXY43VC,S,
7883,B07T2FZBPK,C,
4630,B074TB5MG5,C,
81792,B07GVY1WXF,I,
5224,B083D5KCLJ,C,
10550,B07WKF47RM,I,
66888,B07DCJ98X6,I,
87507,B000JGJC18,C,
62686,B08HP4K7KC,I,
913,B07MBDZCXT,E,
5731,B08D8L4WDK,C,
52537,B07NDLHJW1,S,
5095,B0772SXXQ3,S,
99438,B08BZ9YQW9,E,
201,B07N12VBMV,S,
79921,B07G35PVQP,E,
19643,B07TJHPC1X,C,
78537,B07CZYLNKD,E,
85573,B0876N9341,E,
17778,B07ND95K9Y,C,
8464,B06XHQ5L56,C,
26647,B01MA6BG4U,E,
11772,B0948H4YKR,E,
31854,B003GEKXRM,C,
37049,B07VZTT6H6,E,
45779,B0031C2JJO,I,
39545,B082LTPBMJ,I,
32839,B07JFH529B,C,
3620,B06XRG7DVD,C,
42149,1250066115,I,
62976,B01KW1XVX4,E,
15635,B01EKE5UIS,S,
69935,B00JGQLZJ4,S,
36589,B07KRY43KN,S,
54382,B07HKQ61NV,S,
101098,B013I0382A,E,
102547,B0018TYI2I,C,
104119,B07GXVKJ8L,E,
81866,B00TPZROJ6,C,
115479,B01N4JLYDW,S,
71704,B0781PG14B,I,
59204,B000CMSBCU,C,
45800,B01IS0FW7O,S,
15182,B0874WWKB5,I,
29337,B00IZHXUM0,E,
5626,B00Q7EPSHI,I,
7534,B081V7JJ26,C,
31533,B009T8BRY2,C,
63188,B07ZF6V941,E,
98685,1630945315,S,
87665,B07HRFP78Z,C,
70418,B085SVL484,C,
110994,B01G882DVG,I,
80149,B09GFYR6W7,E,
6062,B07DB3V5QW,I,
64266,B07VMKGK25,C,
37156,B079K5BG2Y,E,
19242,B08FCW4N3Q,E,
46305,B0871XT2TN,I,
14582,B07T46RXNN,E,
42384,B01FTZJD26,C,
94968,B01F1AHQQE,E,
26389,B000KIDVJE,E,
1180,B00R3N0BDS,E,
55,B07NZZSTJG,C,
63808,B08CGYXK2S,I,
31002,B07K565B5M,I,
111131,B01FY9UFPQ,S,
89362,B084DWM5XZ,I,
96860,B07WS25NNN,C,
1632,B07LGPW59N,E,
58591,B081TTGS5T,E,
64828,1945056851,I,
14094,B08BYB7HDR,S,
90614,B07CRWJKB4,E,
84960,B07VG65JFT,C,
114170,B09575SWX5,I,
27628,B0743X2LLJ,S,
62321,B07B8V8SQ6,S,
42230,B07GMB86G7,S,
69866,B09J4G82RX,E,
1481,B08B4GW4F4,I,
8876,B07YSSFTRH,E,
35812,B07WCMB2K5,I,
50741,0743276396,S,
112302,B012DHBZ2Y,S,
20025,B003SNDNQ4,E,
68896,1484236696,S,
29741,B01I94LOSA,S,
67029,B07PY5ZTKK,I,
5502,B01N7JSHSG,C,
46710,B01KGE5JZ0,S,
66538,B008FV74B4,I,
89380,B081PKW617,S,
59575,B07H9Q7LQP,C,
10494,B002KW3OQS,E,
7885,B07YF9GSTX,C,
110406,B00MX4HBNK,C,
4754,B008427D88,I,
102255,0374380104,S,
76140,B0741FTPXD,I,
103766,B00SJGI12G,S,
61422,B07SCW8VKR,E,
35634,B076CHG7D1,S,
47309,B00FDYB7AA,E,
100624,B07DRCV6Q7,I,
59458,B06XFVKMDH,I,
46373,B07MXB4R9V,I,
69421,B0897N63KL,C,
47541,B0846MPBYZ,E,
20344,B00OMVQE44,E,
26944,B00TTV7YB4,I,
74277,B09991VPX6,E,
105126,B07BVWKMF1,C,
42834,B07QKFG3KT,S,
98057,0865715084,S,
93619,B079H9N1LC,E,
88841,B00000B5OF,I,
582,B07FVKLYP1,C,
52568,B0921NQRT9,S,
56559,B07XYWX3HN,C,
97874,B0135YHWJO,S,
47185,B07V558RWH,E,
35574,B072FR5VDM,C,
81250,B01H7HOR2A,S,
40890,B0016BWUGE,C,
73425,B07JN9HY8G,I,
1814,B01E4YVCOA,I,
52323,B07D3252XN,C,
52289,B000XSI902,C,
101102,B0879Y7PBR,C,
81324,B00F4CEHNK,I,
44564,B07QMN7SNT,I,
53546,B01BFM060K,E,
864,B088RM13B3,E,
32773,B097PPSZSB,C,
46332,B09D75DJ4X,C,
41092,B00E8ATK0Y,I,
45197,B071GJBTCN,E,
108224,B07T85C17V,C,
31630,B07VM23F9B,C,
7033,B074BRPCN5,S,
37958,B094CVSZV2,S,
64021,B07W6JNZK7,S,
2757,B00268WS72,S,
54854,B01B29RGJK,C,
112725,B07GVF4XQ2,E,
641,B008UG6WE4,S,
109817,B0068ETYAY,I,
940,B081J29V6T,E,
31184,B0854G1MFB,S,
31804,B07YF8S143,I,
80851,B07HH5ZLRQ,S,
660,B0002DKAKA,E,
85836,B004B8AZH0,C,
49431,B08MTJ5XND,I,
61687,B07RB1XWHX,I,
105301,B088D3G2RY,S,
7534,B07Y93P1P4,C,
25127,1635440149,E,
16757,B01BD435E4,S,
746,B07BMYXYP9,S,
78249,B086GCSGMD,C,
3871,B07H6G1FK7,I,
33806,B077GZ7FRB,S,
50876,B00FDZ7VZE,S,
98182,B0070Y36N2,S,
88302,B06XHV9BY1,C,
113897,B015W3BPY4,E,
54574,B07HMHLVQ8,C,
7076,B07YNGY8K5,S,
46037,B07MVM23FP,C,
9953,B08JHC56SW,E,
95501,B07KTHMSBS,S,
14790,B01LX3DXIN,I,
86446,B07JV7Z1J5,C,
115088,B07HFHNZWW,S,
70931,B01N9GKV3F,C,
14526,B07Q3FQD85,C,
44231,B01LKOZEF0,E,
71044,B06XJZ6W3G,C,
3918,B08XGQHFK5,S,
40856,B074M35CYP,E,
28765,1641523107,C,
19633,B077YVWQ5G,S,
67760,B07NBWG1M3,S,
24592,B08JGD8QDW,E,
3974,B08BFMN8K2,E,
513,B08B4NYMBJ,S,
24143,B0194MNYBG,C,
54052,B07VKQYPGS,E,
86251,B06XPQSPR8,E,
63357,B07ZLVHJWG,I,
12023,B00IRKA564,E,
2982,B01FWAZEIU,E,
63970,B000RPIPY6,I,
48542,B01ENYKRIS,E,
102734,B078WPH4HJ,I,
513,B00O83OPK6,I,
83411,B07P9PVNHP,C,
41858,B07KX3TRYL,C,
32901,B01GW3R9NY,E,
21426,B07L2TMBTL,C,
56672,B011462DR6,I,
1516,B00501KWO8,E,
3324,B001FOPQQS,I,
108761,B08MW38QPR,S,
78137,B01DL93NRI,C,
83948,B004RMK4P8,C,
34122,B073YPTN4P,I,
22210,B07DN4FY4D,E,
114702,B00TGCB9RG,E,
13250,B07PHTZH1X,C,
76499,B08G7SZ3HC,I,
61746,B074PJ59ZW,C,
90096,B077TQFM3Y,E,
1596,B0836MB93V,I,
2295,B00LU7B8X0,C,
72184,B00135HF40,E,
73194,B085CKVDL5,E,
38441,B07WNHW2FL,C,
9661,B01GVX8N58,C,
104227,B005VQZ09O,C,
88276,B01D1J2BW6,S,
7604,B00PJL8DKO,C,
99632,B00068UATM,E,
26655,B00T57ANDS,I,
63171,B07842TSXQ,E,
12503,B07PYJ4X51,C,
40957,0345472322,C,
49726,B07DQGR4FN,C,
28328,B073CNL5DG,I,
29372,B072B94GXN,C,
66153,B08FLHRK5T,I,
87681,B08FYT3G7Q,C,
95498,B07N3CJF41,S,
6992,B07BYGZMDD,I,
1779,B087Q4SZSX,C,
108860,B082DSCWR7,C,
40175,B08LNQKPB8,I,
8588,B0197ZOMD4,C,
73138,B0784ZC64S,C,
81072,B078SFKVMG,C,
87062,0801822181,I,
5173,B073VQ1ST9,E,
51067,B01I3BDMZM,C,
1616,B01MU0WMGT,I,
73885,B07XDCLJFF,S,
49963,B07SJ7BZRK,I,
54237,B083FP3KZ1,E,
87910,B002HGW6VQ,S,
37233,B073WJL99W,S,
58715,B085ZSJNJM,I,
88185,B07Y9H7QCT,C,
83511,B0043OWJG2,C,
93347,B07SGPHZC6,S,
87311,B07KWW7RH6,I,
49873,B00XBZFWWM,C,
50994,B009Z7EKIC,I,
101001,B07KDNXQC7,C,
4957,B07Y31WBN9,S,
5348,B07PRS6ZLN,E,
67775,B01LYF2GXK,E,
68544,B012JUCO8Y,E,
60631,B00ZY6JHU4,I,
77029,B08BNDHDCT,I,
62827,B005MHY1GA,S,
46491,B07SSPDFCZ,C,
63970,B001U5ERVW,E,
22418,B07L19QSGF,C,
23442,B00FFBSVPK,S,
59588,B01NBY4AC6,I,
10314,B01DB4RP8Q,C,
115354,B088KQVTZS,E,
41858,B07XJRNHD1,C,
45241,1101904402,I,
114114,B002WYK0TI,I,
88469,B08RPCCR51,E,
6899,B0779TQV5K,C,
1666,B06XHZHRXT,S,
44082,B07HFG5T9H,I,
75515,B07HG1S42V,E,
85040,B001DSY4QO,S,
99550,B07S2ZZB9G,I,
12772,B07Y8SNKDV,C,
34045,B086XCGMN7,S,
106248,B07TV1GFPK,S,
99678,B01N33DQ4H,S,
13767,B08L95LBRC,I,
115920,B07WV6B88G,I,
94244,B07FW54Y19,C,
83411,B0838YNFZ8,C,
60496,B08V16JTL9,E,
34294,B076VSFRV3,E,
14128,B005OTUNNG,S,
55209,B00JAB31VA,I,
106363,B07952VXQW,I,
53736,B00HYEIJLW,C,
55198,B07Y7ZRHJH,C,
109590,B0064Q94V0,C,
88808,B01M5B613B,C,
105937,B07CXS17TP,C,
110002,B01JUFBKXQ,S,
102072,0806540583,E,
13374,B01MG3KCSA,S,
107113,B084STTFSG,E,
110916,B07QVPSSCC,I,
41284,B01ETGEX6M,C,
16096,B082XKQJ1M,E,
12894,B08HR7FDH4,C,
11926,B074CST91T,C,
33251,B07JMJ5GD1,C,
74956,B07CWKGZYL,S,
48202,B07W931FLY,C,
26468,B01GUK7NVW,I,
17439,B07Q3SBG95,S,
7571,B0811T3SYV,C,
57611,B07J5Q4P38,S,
90481,B08821GTK5,E,
61443,B07VZLLF1D,I,
63753,B07PK24PCC,C,
68602,B07TKVYR6C,C,
53357,B01NCNGC86,E,
22095,B07W2W6NNQ,E,
78479,B07H3BZFXJ,E,
96668,1934825794,I,
90384,B015GVGEOI,C,
39746,B079Y1RR29,I,
105326,B07SR5H6B5,I,
19461,B004AG643W,E,
6932,B07RPBNNZ3,E,
46767,B01LY0WWB4,I,
97969,B004C6OBBC,C,
1595,B07JZ2HMJ7,S,
39287,B003LVXTD0,C,
65916,B00S7JCXH4,I,
71895,B075FHJM35,C,
762,B07D2HF7ZL,I,
71526,B07MK59T3F,E,
83886,B07SZ5BMP7,C,
52213,B01FVW3EXG,C,
51169,B077QNPNN4,E,
102653,B07YHNBWTN,S,
1615,B08GYB1XWV,C,
86282,B07N327F8P,E,
81921,B00OGW0ZKS,S,
92649,B00HL2DIRC,E,
4630,B07GFRP5HT,C,
83939,B07ST8DL8R,I,
65079,B07SRT4PQ9,C,
9567,B07PQHB5KR,C,
84413,B07PZGD5VZ,S,
43891,B01M2D02HC,S,
66588,B07W8JK62Q,S,
54632,B07TCC7SG3,E,
441,B07QJZMN51,C,
64371,B07TJBGP4P,S,
68503,B0030T174Q,E,
104850,B08WCWM15B,S,
106752,B076H3L5XG,E,
38955,B07FXGV2HH,I,
455,B07DHDGL95,I,
56346,B000X98XS4,I,
67442,B01LQI90DM,E,
152,B0767T7NVT,I,
87157,B08BQ915RM,E,
55818,B001A6LXWW,I,
73665,B08P53SZ49,S,
26971,B07GVW24MP,I,
10523,B06XNSRJVL,C,
66145,B08NPKT21P,S,
13081,B07VLC83PD,S,
35073,B07BB6VBPQ,C,
82026,B00P4PJOVM,S,
5058,B07281P9B3,S,
62609,B000QFMB60,S,
89053,B07MLDT7K6,E,
715,B083JZFDD3,E,
37397,B071YVW59G,S,
98694,B004UBMRKG,I,
681,B071NRXVBP,I,
29542,B000V75638,E,
111928,B08L8WD1F3,E,
414,B07D7WM1QH,E,
71581,B01FYD6U06,I,
66712,B07XJFMYGN,C,
98167,B07D9TLK5Y,S,
79420,B086G2KMC3,E,
64209,B07H3QC99M,S,
36725,B07TGFSRBH,E,
51704,B07T4LQ7L2,E,
704,B08SC4K4CM,I,
35140,B003KMW4EA,S,
12119,B000WI9DRQ,S,
110626,B07Q4QRNRF,I,
32364,B011ES1QXG,E,
5376,B07HRNB1J5,S,
25470,B079L6F7RX,E,
110205,B07MW1WXRD,C,
56995,B00LU4CZP8,I,
49551,B00DIH6JIO,I,
49273,B06XR4GYQC,I,
9760,B07XL7G4H6,I,
98748,B009O0892I,E,
58752,B07D4M51DQ,S,
12166,B01953VSSK,I,
23756,B01JEAANSK,C,
115253,B0062DVIGE,C,
76055,B07ZV2DXDJ,S,
38605,B07D18T81T,C,
90442,B087CWTMYH,I,
76859,B0117RGG8E,S,
42974,B004084DBU,E,
17872,0593382633,C,
26479,B07KXTT1SX,E,
114605,B002PMPQ78,I,
105814,B003JVV2FY,C,
19228,B077BDT748,E,
94332,B00ZIYFJ5Y,C,
81558,B0752DP8YB,S,
88272,B07SKRPF4G,E,
65287,B08MQ5NT58,S,
9642,B07ZRG5ZQ2,C,
81517,B005GV6PI4,I,
43085,B01F5ZSYY8,S,
107637,B07N64BLJN,C,
31427,B0021TT4C8,S,
83556,B06Y4DHY6H,I,
114882,B071R6MFMV,S,
69227,1641524375,S,
100558,B0772NLNH9,E,
99890,B07HHJNC8H,C,
62891,B074J38FRJ,E,
24577,B07WNXDK2S,C,
58661,B00IN7H9LK,I,
81056,B08VHTMXLV,I,
57521,B0784V975N,I,
14069,B07BHJJ1T3,E,
59666,B08F6SR635,I,
100188,B084G8BQ6S,I,
36011,B01CKE7M7M,C,
18980,B00STOHPMU,I,
20837,B07PBF7KCN,E,
83298,B07WSYCT3G,S,
40975,B08CLD42V7,S,
9891,B01N9X9SV0,S,
17073,B083DC4DW6,C,
41212,B0768VFV5D,I,
31476,B009JTO5A4,S,
78251,B07R3W8DRZ,I,
31266,B07RN1BMLQ,I,
80182,B082WNW7X9,I,
38186,B08252DJHN,C,
105063,B00NX5J5O6,S,
59108,B07NC598TR,C,
6967,B07TVDX89V,I,
43533,B004NMT926,E,
36839,B07KP4F8LZ,E,
83673,B01HQKYMG4,I,
115604,B074VGR8RZ,I,
53736,B008IXRY6Y,E,
24530,B072KGBKXP,E,
54274,B07YDVMHS9,E,
74845,B07NLHMYH4,S,
74639,B07MFG15JB,S,
75575,1622039076,S,
35573,B002VWJYR0,I,
114480,B07SMGMRC1,E,
3622,B07SG14141,C,
12157,B07TPV76ZB,I,
58446,B001GIOVYG,I,
3664,B07F1N47V2,E,
97840,B07BBQ4GCC,S,
105036,B07ZWC76TS,S,
90338,B07P96WFQS,C,
111521,B07Q1H9KCP,S,
75342,B082PV3WWP,C,
110500,B07QM3SK7R,S,
42117,B006WY8NAC,C,
69114,B002HPHR0W,S,
83582,B0834R3Z6F,C,
55123,B01JHD9FIS,I,
43527,B07D7Y37ND,I,
56819,B0094WLPYK,C,
81989,B07H2WWJ4P,S,
91117,B07SP8Z6WH,C,
101308,B00I8BICEO,S,
32809,B01A08YKV6,E,
111388,B07M71VPTS,E,
11512,B07XRK2JJD,E,
105,B08J6V7B5R,C,
47439,B07MYLK9FP,I,
635,B074V9XKBD,C,
29734,B07RS4X1MG,C,
64826,B01LWU1OLG,S,
76737,B07FBB5XDR,E,
950,B07B67PXHT,I,
91466,B07RTWVRFR,I,
6992,B083MWN2LJ,I,
2424,B01B6OU1FC,C,
8017,1499805802,C,
4040,B07YJBBNZB,I,
69099,B00IWOF9UW,E,
103132,B001LXYA5Q,I,
83261,B00GDGZFPU,C,
102384,0688016200,I,
30903,B094JGVMH8,E,
99014,B01HIATF6E,I,
11277,B07QG3TY17,E,
15229,B07K5HQP5G,E,
66549,B01DFIMFS8,I,
104127,B0956GS6YY,S,
69382,B00OZSMKRY,E,
30325,B00454ALXI,S,
100002,B07VMRFWC2,S,
10973,B07ZGDR11W,S,
11748,B00P7O7YGC,I,
105441,B07MRHDLS4,C,
23992,B07JJK24PV,I,
86365,B0168KXZT8,I,
10081,B08PV7VKTR,I,
22477,B07SWQYSHH,C,
46074,B07Y2BWTMG,E,
255,B06XCJ388P,I,
17032,B08179Y457,E,
98055,B07BB4Q13Z,S,
81090,B07W5F48C2,E,
13989,B00US41ZEI,I,
37361,0486451429,I,
8093,1626347670,E,
55673,B07HRGTMJR,S,
1631,B00V81DNYK,E,
20525,B00939FV8K,S,
82362,B07FZ8G48F,S,
43723,B07KXSR99Y,I,
15680,B00FFJ2PXQ,E,
115253,B00JVWRLD2,S,
8629,B07HZ2W73S,E,
106723,B07B94RP4D,E,
101594,B098R7QT7X,I,
7537,B07X1N63TH,C,
62147,B01I29Y344,I,
62317,B07BHKVZPX,S,
104576,B07FLVWCG5,C,
74183,B0184L90TS,I,
83261,B00FOABGAO,C,
99734,B00VW5K4QM,C,
4652,B07RZ75JW3,I,
42395,B00DS4LO14,E,
40745,B01JU98V84,I,
59150,B076JKPHWP,C,
9834,B0876MLS2C,S,
82030,B00VGR4VW4,S,
71044,B07DLGL4TZ,C,
25034,B0777S5TGW,E,
76173,B08DTW9LSS,C,
67662,B071N9MNW2,E,
105409,B00JFXY8MY,I,
37831,B07CBS52KJ,I,
69278,B08ZNLPWJ6,I,
22784,B07X2WGT72,S,
31566,B083LF7TWB,S,
110466,B07F8NKBBD,E,
21542,1531907938,E,
105589,B01F5K9YNS,I,
4325,B07FNZ85WF,S,
22320,B00EJXO3CK,E,
47,B081J146N4,I,
49064,B07YDHRTBZ,E,
55029,B06VVJD56Z,S,
95473,B07T22W9Y6,C,
70567,B08XX8Y5SX,S,
96674,B01M23XHJG,E,
114381,B08MBCY89T,S,
34081,0789485508,I,
31307,B00NMFDCOG,I,
94017,B008D2TUCG,S,
39194,B08BHXVWKR,I,
65958,B017HA44DY,C,
36354,B07DJM54P7,I,
72165,B082XM45DL,S,
85533,B08ZBCGXSS,S,
57383,B07KZHQQHP,S,
1828,B07BDNHFRB,S,
98845,B079RKPQSP,C,
106441,B07X2716YX,S,
42023,B071FN96N5,S,
7400,B07FMFH64G,S,
1239,B019EGKBB8,S,
66145,B08NX8SC6G,E,
35085,B08RZ6MHSM,S,
98643,0198739834,I,
12814,B07VM5L18R,C,
1107,B087X6VB7N,C,
65003,B08FMV6DKJ,S,
53229,B07PCT5Q9X,E,
7191,B07KZMJK91,S,
84919,B00369YWWO,C,
20635,B0789863SB,E,
96533,B008UQIO36,C,
38968,B07BP9VXSC,S,
38068,B07H3KYW12,S,
19203,B08353DL6N,I,
84804,B01MCZPWPX,S,
2591,B00L5AL076,I,
432,B005A3WPY6,I,
84868,B000LNWVB2,C,
80231,B07BK4SP1G,S,
107885,B01NAFWXTC,S,
51286,B009PTSHW0,C,
39717,B07MDYJQZ9,C,
81168,B01C8PIVLE,S,
16492,B071JPWZCG,E,
19029,B07YYZKCWR,S,
13798,B00T492QB4,I,
784,B01L14RU2O,I,
33496,B07572H5N8,E,
8464,B01DJGH6AS,C,
67265,B076XTCKLG,E,
40155,B01ESHTKLA,I,
53801,B07QPV9Z7X,I,
25585,B08GS14TBK,E,
19574,B07XXZD341,I,
16758,046508995X,S,
3075,B07MH9HZHT,S,
99601,B081345F6J,C,
1002,B00004RGB7,S,
101694,B08JG56T2B,S,
110973,B084HHW7MJ,S,
92127,B09B1QPB1B,E,
44228,B07G3KB7RT,C,
57742,B078HS2FMW,E,
1371,B014BXH9QE,I,
46723,B07GRLQV47,C,
99412,1646090845,I,
17905,B01KKRXF3Q,E,
12815,B0972W1ZX1,E,
95938,B00LNZTXFE,C,
86985,B07TJZP92F,E,
92284,B08V4T2YKJ,C,
112352,B092QN3R8R,C,
75739,B07BL4Q2M8,E,
60029,B081F6X2W2,S,
18552,B087BZHQBK,E,
40816,B07HQZ2PTD,E,
60185,B07F2TGTLF,S,
67330,B06XCGNNL2,I,
76722,B0799C8YRK,E,
8273,B08HNCQSQM,C,
50745,B00TUJMJNI,S,
79292,B07C7J63MP,C,
7866,059323832X,I,
83310,B07PYT6Z2D,I,
48205,B08MWW14HQ,S,
86573,B08SSCPQF7,C,
27837,B075RY3Y6Q,C,
16406,B01M0XH7TJ,S,
56724,B075VVMRS5,C,
98733,B083QGM5CS,E,
29495,B07SV4939Y,S,
92450,B08TMSTKLP,S,
95819,B001P7OM1A,E,
27756,B095KGNWHF,E,
96777,B07PPPRSB4,I,
15570,B07HRBB3FL,I,
9616,B01I5D1HCS,E,
12371,B00GMT1MR8,S,
31893,B07HLSVHMT,E,
52158,B06XCQ8KZD,I,
55737,B01N5QYIJ7,I,
79475,B001H88B2S,I,
57653,B0050JL2EO,E,
62418,B083FPTKBP,E,
33502,B004A535J4,C,
23741,B0838YTY35,S,
16108,B09DD4SG89,S,
44574,B07MZFYP4W,C,
26910,B099WWQ76V,C,
75627,B07TGBHR25,S,
70418,B07D5V535F,C,
64446,B08XVXB36D,E,
1187,B07W4PD9KK,C,
6552,B008MKD4PS,E,
2030,B08Y8FGNQ7,C,
66387,B098D3BD41,C,
1647,B08N4YQLBN,C,
61622,B08L382KWZ,I,
70732,B08PHFDMKZ,S,
78842,B0793MCX1Z,E,
107341,B07B7H6CQ2,S,
14046,B0039ZCX3A,S,
56817,B07Q2DTW6P,I,
112350,B00DE1CDD4,E,
84347,B0968HJBNQ,I,
36369,1977924557,C,
70418,B01A175UMY,C,
21,B07SH7KJG6,I,
111325,B00SJ1Q8AS,I,
8281,B000UBCKNE,I,
42974,B07TB5PZMD,C,
57267,B003YFHN8U,C,
4436,B00TKFEE8K,E,
55646,B07DHF4D6V,S,
113964,B01HSB5LW0,C,
99473,B07FDL1GXR,C,
113431,B0822B3V44,E,
74418,B019U00D7K,I,
66282,B0141MKU2A,C,
98302,B00BJ04QAU,E,
47670,B07FTM75XM,E,
115921,B00QVIUM08,C,
56394,B07HYNSBHW,S,
55113,B010NLBFI6,I,
114932,B00Z9ZPWOK,S,
60766,B07WDRD583,E,
15372,B08CXW68Y5,S,
3582,B00IX0V57Q,I,
21544,B082NWGP7L,S,
44164,B07FZ45GLT,C,
40957,B00IX9UTLU,S,
26655,B086H893TK,C,
112220,B08H855DNG,S,
35800,B07GRFTR4S,C,
75004,B07YBKRKKC,C,
98019,B011IH6MBO,E,
88188,B07QLNXS9H,E,
62176,B00Z7RZOPC,C,
85673,B074V41LX2,S,
104127,B08GK8XC8F,S,
34938,B07DD6SYM1,E,
47848,B0777PLKWH,I,
22559,B07ZQZY32M,E,
36563,B0978TWL1G,C,
63036,B008QY5J08,C,
60044,B07CN8RXXG,E,
108037,B07S62KYSL,I,
44957,B07DKWH3F2,S,
42460,B017Y36KLI,I,
109948,B003E2LUHI,E,
11247,B08RYQXZC3,E,
51269,B07S2K18G5,C,
55908,B01KUOAJF6,C,
49306,0923463887,I,
51002,B08LBJXVSP,I,
4780,B07QS57Y1Y,E,
74797,B000IO8RS0,I,
19284,B07L4H994X,E,
40490,B07QZMKB7J,C,
60804,B01MR9RR71,S,
115053,B08HHNHKS5,C,
33834,B07HKQVK2S,E,
8780,B089LZBQHT,C,
92490,B07V8LB658,E,
23286,B00G44X9D6,I,
57950,B0844ZHRY3,S,
101053,1935099841,I,
91293,B0000DCW2V,I,
90029,B07P999H4J,E,
74689,B07L11KNHW,S,
12815,B09634JGWC,S,
82938,B00Q8TGMTA,E,
96497,B003HIHQ90,I,
19857,B0178HOX5A,S,
441,B07GGQP7CQ,S,
3665,B07KSMR16D,E,
81586,B016LJ79QG,E,
6569,B0779C2Q4P,I,
88544,B07K72YQB5,I,
113149,B07S9QQXYX,S,
23757,0590130838,E,
95001,B0046EKWE0,S,
38967,B006UZMXZY,C,
5214,B003IWYPXK,E,
74183,B0852GZZDQ,C,
13161,B00MCHGXF0,C,
44448,B07F1R4N97,I,
42525,B085QKT3V4,I,
18994,B08G19BM7R,I,
6153,B000IWLAB8,E,
22757,B00BZO4KAQ,S,
26382,B08RD5XGBP,E,
57430,B07Q7ZMJDB,E,
55499,B081N4B1TB,E,
9021,B00WAG4XBY,E,
79420,B07GJJ71XS,S,
4516,B07SLNQ53M,C,
94839,B00HDFDJS0,C,
96912,B00LDU9R2I,C,
109385,B08166X3YN,C,
50698,B071JTC534,I,
68883,B07X81C6S5,S,
63234,B07BT2VPTV,E,
95047,B07HGW8N7R,I,
95575,B07349SH9W,C,
9623,B08DP6HZDN,C,
3626,B00UJV3E12,C,
5802,1581348762,I,
112778,B07B43W9XF,S,
110677,B07HFQ8DKZ,C,
96533,B00XA0DP86,S,
72441,B08VJHYQH6,E,
94225,B00NX627HW,I,
70646,B082BR5HWB,S,
93330,B07DLNGGRB,S,
115330,B089CWDHFZ,S,
8273,B08GRH4K4W,E,
64639,B07V4LD966,C,
80274,B07BK27JBG,E,
98,B07RRSYLR1,C,
38986,B0878DVDX3,I,
98733,B084BMXHLH,E,
109449,B07DWXRD5F,C,
78807,B07TKDZ9YR,S,
56539,B07PYQQ8XS,S,
99185,B07BVS53YF,E,
17841,076843291X,S,
49873,B00HPZUR42,S,
94436,B083LV22MF,E,
87690,B07NSW2YC6,S,
114163,B08B3R57BP,C,
51263,B01HAKH226,S,
66784,B00006FWVR,C,
21906,B00F5JH9FU,S,
37879,B006N503US,I,
39553,B07N18LRF4,S,
4734,B07PMBDZ7K,C,
89549,B011CRO9IS,C,
78149,B072DZQQSY,C,
80448,B07WSNJ2WF,S,
37063,B07R81XM6Y,C,
81740,B08CCSZGXG,C,
48789,B003LVRZ2G,C,
44751,B07KJ8V778,E,
107494,B01J4K9V10,C,
31278,B085ZBG9PK,S,
22828,B00R63HI9K,I,
96442,B07Z8H9824,S,
110316,0393692515,E,
33041,B009TJ3J60,C,
34160,B07SLT14NG,E,
53310,B08F9VKFZ6,C,
29867,B015G06JOE,S,
31160,B07R4SG77T,I,
48218,B0002DGXGK,C,
71806,0310362725,I,
1700,B00C3IB3DA,C,
111116,B0782F5FGS,E,
583,B009DJSX4O,I,
84573,B01L8GRSZO,S,
49546,B07Y2PYLCT,C,
35083,0385239548,I,
96610,B06W55K724,I,
35574,B01JK1ROKI,E,
108377,B07G5XFBVP,C,
15617,B009G9YBHY,E,
196,B074SM12RP,I,
47569,B07DM41CBC,E,
88158,1250147603,I,
103947,B007Y4JQB4,E,
83525,B07X1M7DLM,S,
48900,B07Q85SNQ6,C,
86576,B00JC3G7IU,S,
39021,B077VNV5HD,C,
76627,B074CQHKJ5,E,
45682,B07DZ1RDWT,E,
59422,B000ANLD1M,C,
55198,B07HR5ZV4Z,C,
114722,B06XCFJW14,S,
42399,B091L5B5P6,E,
5731,B08FVNM8KH,I,
75670,B013WPTZ1O,E,
22324,B00DQYWAUA,S,
23491,B0762F9RN7,E,
78498,B0019CUD4G,I,
23824,B07YK9YZ6L,I,
11772,B08HZ71DRG,C,
104435,B01DDOQ954,C,
192,B07ZGHZVRY,I,
92198,B083V5ZF7S,E,
84558,B01IW02HYG,S,
72050,B002QG07PY,E,
75290,B078YMTZ5F,E,
8391,B000AS3OW8,I,
31813,B00O52TIMA,S,
97223,B071154DRM,C,
91699,B01JQSP498,E,
5483,B095KGHJSW,E,
49546,B07Y11LT52,C,
3186,B01ENW6F0E,C,
107341,B01KIKBYAG,E,
68806,B01N3LRHIU,S,
66466,B00JCWPMC8,I,
62975,B07GWZNF91,S,
74539,B0856YNRQT,C,
42903,B004QJ1LWM,S,
80269,B01HUTSR9E,S,
22701,B082HCKFVK,C,
83929,B099WXPWGK,C,
103764,B079YGXQY8,E,
83692,B07W4JX6QS,C,
78062,B07BG18HJF,E,
57347,B086T35NQF,S,
40574,B07F84C1BL,E,
95256,B07ZLCBDGY,I,
56892,B08FFFWHPB,C,
80647,B07NJPWJ6P,I,
83802,B079WNBTSH,E,
19910,B00P2BHEP6,C,
2836,B08HYMNYPV,I,
16227,B07QZZ9396,C,
112735,B07KWXLX73,S,
10024,B0894CLVXD,C,
75862,B073SBZ8YH,S,
96845,B06XZ2GXS7,I,
113105,B0753H5ZN8,E,
107171,B07S1BJNTH,E,
52458,B06XWN1R4M,I,
25248,B07YS6HXTH,C,
10079,B08K8RKFYJ,E,
24178,B07T3R73HW,C,
20455,B00ABKN3RQ,S,
75529,B073BW48R6,I,
71791,B078GX9R5W,S,
3934,B001D1JCK4,E,
32137,B002SOV438,S,
50698,B07BKQWGDM,I,
15711,B094X6N4PG,S,
42974,B079686B4P,E,
20249,B00178VX50,I,
72305,B000GCDJX2,C,
918,B07PTL9KKN,E,
43012,B06Y66DM52,E,
35797,B01GQ7KE9M,E,
114946,B07VDG8X3L,S,
69733,B07T3CDJMY,I,
29816,B07F46382S,C,
47814,1616085800,I,
3076,B012RSY22O,I,
21883,B07NJ1HH2Y,E,
83688,B00Z4T34CI,S,
107194,B07R8WJMW6,I,
29543,B00IO2GXI4,I,
368,B00XD027X2,I,
62194,B0100R8T14,C,
66387,B073WRF565,C,
36996,B01M1UV2T2,C,
58574,B003UGSZEY,S,
69681,B01LXAU1HC,S,
113008,B07TS851XR,E,
110715,B093KCZ7YD,C,
29418,B06XRCKW54,E,
18514,B01MS4FLQ3,I,
115907,B000M2UDGC,I,
83970,B094QXBK5J,C,
63808,B07X7KVCD2,S,
5712,B07RWWC7TL,I,
85927,B0713PGMHP,S,
17016,B07V5GTS21,I,
34045,B07MM95VB2,C,
32600,B08K8V1579,I,
42965,B07RL9V1N3,I,
10024,B086BFS2HC,C,
554,B08XYMCXCF,E,
44553,B003DRJU5S,E,
29517,B093SHHPJJ,E,
47185,B07V66WRFD,E,
83274,B00NLR1PX0,S,
41431,B081YJ36H9,E,
93966,B074C1QR8Y,S,
107691,B08PF8FJ82,E,
66947,B00HHBMRHY,I,
79799,B08XW8PX7D,E,
29350,B0993YFGK3,I,
105786,B0058J2YE8,E,
85337,B072SST5YS,E,
61494,B076J6SZF6,I,
62370,B0979KSLDC,C,
31345,B07G1C2YHX,C,
104423,B07VTTV8DP,C,
2011,B000PCX0IC,S,
98071,099694480X,I,
45529,B07BS1DY4W,E,
86206,B002635ODW,S,
19898,B01FU50XG0,C,
98373,B0824W5FWS,C,
99972,B094HYNDKK,I,
15650,B07JQDF12D,E,
94017,B07CM32KLM,S,
693,B001E0L6Z8,E,
57763,B085CKPQ8C,S,
37145,B07PZZTS6W,I,
76864,B07MJQ7893,E,
621,B07DJ2NCRL,E,
110228,B001PIVFU0,E,
93670,B00KDNVM2O,S,
7241,B07RB7LWMS,S,
7276,B08JLTR844,I,
106208,B0758J8Y7D,E,
12217,B07VHPMJ23,C,
66265,B07HY44LVZ,S,
1686,B001CCP3DY,I,
9891,B087WSXSJ9,C,
92455,B01NAQ9UO8,C,
110648,B07ZPL7CX7,I,
94570,B07GSXLBP7,C,
97698,B003RS7QVS,I,
17805,B004XAHUGU,S,
59710,B09496YC6J,E,
7022,B0148W0WOE,E,
34067,B0772R3TP5,C,
56944,B01N2U5J5U,E,
71920,1434297160,I,
68744,B0027W03H4,I,
74392,B08545MFWX,I,
62922,B0015MBX8U,I,
32039,B07PK36KGN,C,
48333,B0006FMK98,I,
1064,B003F2T0M4,E,
11953,B004BCYWY8,S,
65817,B000N5UW8M,C,
114957,B071S6B1YZ,E,
53663,B08C6T7G45,I,
109806,B08GCB6N7R,C,
20006,B087PBSF55,S,
46373,B07YTZK9T7,I,
58076,B07T4G24Z8,S,
106399,B07B42PKBV,I,
1294,B00NQ7QFGM,I,
100926,B08Q7P5G2M,I,
10210,B07H16RPKF,E,
80109,B081SK4213,C,
9621,B085KZP7KX,C,
115767,B078YZ8V6T,C,
1758,B001EHLS22,I,
58,B07DCCP3Y1,I,
103041,B07W5M5C27,S,
91057,B089PM4Q3Q,S,
52447,B076MGJ676,C,
94561,B07XM9DDTG,I,
87796,B00824TD86,E,
18442,B00KDO2QZA,S,
104122,B00JN3FGA4,E,
1482,B08YR3DQXF,S,
1259,B099PH17X3,I,
490,B000182ESM,I,
14069,B07P8RTTWP,E,
76634,B072F4X94X,S,
15233,B06XV7DDLB,I,
3270,B07F2ZN4L2,C,
107915,B07Y2DJWQM,S,
103289,B016DYBL40,I,
92040,B07NQGXY5J,E,
16332,B01L3CRVIC,E,
41060,073534941X,E,
82884,B000F875O6,I,
76736,B00ZZATQ82,E,
37841,B08418438Z,I,
57800,B07GWN6797,E,
40436,B079QHML21,C,
46289,B00008G8OA,I,
53397,B00YXL4R1U,I,
75923,0375858075,I,
25415,B076NB4P22,E,
99095,B07CL2MYDP,I,
22991,B000BAKZRM,C,
59147,B079BXHDF9,C,
87122,B089D26GK8,I,
87569,B00HHGB234,E,
429,B07C96LS75,S,
34681,B07CVN3Y26,S,
27940,B07FMJPT2G,C,
9642,B08632W2H6,I,
91326,B07816Y7V5,S,
37192,B00UASJMG0,C,
36408,B0822SVYLY,C,
43008,B07XTNR6FZ,S,
72957,B0056GL5A2,E,
54423,B07DCRSQQL,C,
65325,B000JVCBBG,S,
32813,B00XNNDFPS,C,
68517,B0777WX969,S,
81663,B00DV90VNI,E,
17891,B07Y94NR4Z,E,
50768,B081N88GTN,C,
69490,B099DQZQFZ,E,
5729,B00NHQF6MG,I,
21127,B0063NCDLM,E,
49429,B00AJJZK0M,S,
48616,B07KZ2XFLK,I,
32558,B07V58LC6W,S,
96940,B01M2DJ313,E,
81792,B07V2BBMK4,I,
1662,B01HHWTN8S,I,
96509,B07H1MLGP7,I,
94628,B074PP6TGJ,C,
91606,B074CYX5PT,E,
26647,B00C9FMING,S,
56984,B06XPG6KL6,E,
1616,B07D2DC8LL,I,
40927,B08B39L992,C,
53634,B00KLAXFQA,E,
96619,B07NJQYCXM,S,
107024,B07MTYV9K4,S,
40600,B071LPTK8V,S,
77925,B015FGNP0K,C,
58982,B07D1HK2PQ,C,
10024,B0859BMS8Z,C,
86532,B00H3KQA3Q,S,
50396,B00FOZK76I,I,
104227,B07VHFK64K,S,
10319,B01DDRW752,S,
30836,B07BQYGDHJ,S,
18514,B075JFT7Q8,I,
103896,B07HY1G4ZP,C,
106972,1250309859,I,
11650,B002MYQTEI,S,
27398,B0914H2B2C,I,
83702,B000BO68VK,I,
32381,B00EM6DPGY,C,
73789,B07MC6DQLK,S,
35888,B06X9MFTZZ,E,
11141,B083ZQGS98,E,
45340,B010E6AXVK,E,
32814,B00GMXFK3G,C,
90104,B07C65XFBB,S,
63384,B07XSPCBVR,E,
30217,B078VXDHZY,S,
41462,B06VSL4JYR,C,
31067,B07H6KNP9R,C,
67580,B074GBB2JF,S,
82690,B07TW86LR8,E,
17872,1534111123,I,
9969,B07M6JC7G5,E,
39060,B07V25MZHV,S,
112330,B07LFC7VDC,E,
55208,B007RU5B46,S,
99972,B091BVMDQ3,I,
16131,B003KQR12G,E,
332,B0728B18XW,I,
57901,B07Y546KVM,E,
36101,B087JF29BN,E,
15271,B07RWCKQZH,S,
5116,B081Q4XBR9,S,
71841,B07M5BTGXL,C,
96162,B06XW7MLB4,C,
55175,B011FPPWPG,I,
20690,B0784GJ5H1,E,
36281,B06XD3WQHT,S,
20249,B00FMVR802,I,
3729,B000260FUM,I,
102142,B07Y5L3T83,S,
643,B07VP635LR,E,
42915,B07D1CF9KD,E,
68068,B07CTQ9H6S,I,
50253,B008CC4FKY,E,
69227,1250147700,E,
1187,B00B8L62T8,E,
34475,B079QCXTXF,S,
72954,B00U24CX9A,S,
105359,B01FRLDP26,E,
46657,1119002257,I,
12749,B06WVSFYVZ,S,
99419,B07JHZB22V,C,
52385,B07S2Z9433,I,
83684,B00OXKQQYC,C,
57722,B0923LXLKV,I,
17090,B07Z6L7V4W,E,
108321,B00RW9F336,C,
106872,B01HE17P8W,I,
75414,B08N7LHDJN,S,
463,B078NL9KWC,I,
56995,B07L6MSLGW,I,
8039,B083FY2YV2,S,
54464,B07M8ZZTM2,E,
95498,B00TES30F6,S,
83886,B07TYR1MDV,C,
65958,B00FAVLYVI,C,
103384,B00U7HMZZO,E,
87439,B083HKXS7H,C,
52432,B07YWDZ6LT,E,
90625,B00ZM4GO2W,S,
95498,B07WJM5J2W,C,
75617,B07FHPGS4V,E,
17474,B00MS7VPXY,S,
37334,B00QV2T6II,I,
5283,B08HRN4LTP,S,
52840,B07BS9XTRV,C,
30915,B078X96XGT,S,
95176,1465475613,I,
66643,B0748K6D1S,S,
51505,B076HYNZHF,E,
84960,B08MVKD2F6,S,
79595,B08BYJCQZS,E,
4190,B07KQ4Q2L5,S,
12503,B07DN25V9Q,C,
101236,B07PPGLYJ6,C,
110187,B07CZFQY2B,E,
103010,B06XKKPPMP,S,
68382,B08K1KNJCN,S,
59651,B0006MY7FG,S,
71231,B000AM8T38,C,
109327,B010MEDQZY,C,
110797,1442489367,S,
12054,B08HMN7ZC3,C,
16164,B000ZHE0MW,I,
55256,B08619ZHXW,I,
98653,B07B9VKWSL,E,
71552,B075XFSMZM,C,
13200,B07R6BM52C,E,
62608,B009X43F38,S,
22443,B07NJ432LQ,E,
112352,B0978SPNP8,C,
58853,B07KK5W2BW,S,
114115,B005OGWAFS,C,
78972,0316556327,I,
54066,B07XW8369C,C,
2562,B0734HBDYP,E,
96056,B07ZPRVB34,C,
76700,B07WRT6GK4,E,
115033,B08CVQP5PM,S,
71550,B014QUP0FE,E,
110102,B07CBV8BTK,S,
83597,B083NFNN99,I,
74843,B00T95H1PE,C,
68623,B08YRLZYKR,S,
46468,B01KE5M36O,S,
10053,B07Q9QNM7N,S,
1124,B00008T960,I,
1249,B092VDT81N,S,
66139,B07X8Y9FT1,E,
101236,B08HD2BWX3,E,
37518,B01N3PB5LN,E,
70397,B082XZG3HM,C,
45958,B00BIUZJ5M,E,
50477,B00RLYG2S2,E,
504,B00B0C0X68,I,
65100,B07RFSSYBH,I,
23658,B07MXR7V1P,E,
47366,B082SMDN2F,I,
974,B002QCPQ4U,I,
940,B07XT4W8QY,E,
554,B07JNV9TKM,I,
97867,B07WZ56JGC,I,
56761,1409191621,E,
43658,B07GXLBKLR,I,
97535,B07MJW9Z2M,S,
39770,B06XWFZFPL,S,
80898,B07QFZZJB9,E,
80227,B07DHYCQZ1,E,
9700,B087F5D3D6,C,
42361,B00IJMAFI8,E,
738,B074FSGQRC,I,
106203,B089D9RPFK,S,
83928,B07NSLR4NG,E,
101870,1940754291,I,
24088,B00V8X7XTO,I,
87705,B08D6ZJPDM,C,
52414,B001BHE7XM,I,
69957,B000PCF882,E,
36512,B07F37V2LT,I,
83886,B075B1X4MN,C,
110745,B07M9LTZXD,C,
62370,B07LBMR5X4,C,
68829,B08SK5FBZV,C,
12152,B01ERYSRM2,S,
66252,B00HTJP4FG,E,
25319,B0037QREOE,C,
21021,B07SYVRZ5H,S,
78014,B077M9MQBY,S,
80452,B00GG1AIOA,I,
51421,B07T8S2ZZ1,I,
19910,B07QZJFCYT,C,
2399,B00I3WZ886,I,
6093,B07HDVGQDZ,I,
100027,B07M77NRP3,C,
45068,B01N22FHAS,E,
38019,B07L9PP8BH,S,
61697,B071NF1N1B,E,
12503,B00PJ3OO8C,C,
2285,B0050FGV1M,I,
15182,B00ST1TPV2,S,
46308,B071J5QMCY,C,
75220,B07NPH4WCH,I,
55126,1950382192,I,
75488,B07WC6Y33L,I,
64768,B07QVJ4MLS,S,
83586,B077YXSCPT,C,
50310,B01M3MIL9L,I,
41115,B083NTH8LS,S,
65575,B08K8T1KNJ,C,
3308,B07KT11X8T,S,
100580,B09DCKWL86,E,
69818,B000LJNJNU,I,
74667,B08R8C7W7Z,I,
21230,B093C7ZMX2,E,
39320,B07F1DHW5L,S,
36768,B07QC8JQT4,C,
63460,B005ZCSUUA,I,
17770,B071SGKH77,I,
94067,B00OQX3ZDQ,E,
71550,B00FQ8OHWI,I,
49788,0578620316,S,
51369,B07QJ2BHV2,S,
79203,B0843J31MS,E,
114548,B07HRJL27Z,C,
78479,B07GSGQP4J,E,
32961,B07VM7B9WT,E,
91111,B001E5S2VO,E,
110828,B01M7U455J,I,
96119,B01DLMD5O6,C,
34694,B07K4PR9SZ,I,
20731,B01KD872HM,E,
39604,B01A7MACL2,E,
23992,B089ZPHDG4,S,
86403,B00YEBFV7S,C,
97183,B01IFCY0DW,S,
84397,B08998PP9S,C,
11276,B00NPZU6ME,C,
40765,B07D6MSBC3,S,
20490,B084BQN9PY,E,
104478,B001EOV492,E,
81390,B07574VQPQ,C,
91328,B078MDZW86,E,
24085,B00BFDI2GK,E,
99784,B000V9L9LY,I,
65555,B0771SDWVM,E,
94393,B000CSGFAY,C,
7041,B07X5HZD2M,I,
15538,B01LW2DZ5A,E,
1524,B07KPVFL57,I,
61614,B08D2CB3CT,I,
55344,B01HSD86MA,E,
27405,B072DWYBL7,C,
50795,B07F7KQ9MT,I,
62741,B07MQ7LLDM,S,
62998,B01LXSD9KM,S,
107341,B01KEGQFYY,E,
106611,B07PNS4TBN,E,
88208,B07PGWWVT3,I,
39,B08P89B8GX,S,
103541,B07H8W3554,S,
80147,B00UNV6S3E,I,
103475,B07G9X15XP,S,
106147,B088P5G41C,S,
8556,B074SC2BR3,C,
89125,B07P83SJK2,E,
392,B08SQJBV8T,I,
34787,B07B3WP8RR,I,
3094,B0969YTQQX,S,
100323,B089QG8WLN,C,
92607,B001AFKV0S,S,
44659,B07B295PP9,C,
104588,B07X5TR981,E,
27016,B0026SRX5Y,E,
22550,B0741T75TL,E,
40386,B01H4VG35I,I,
33034,B00CZE7TNU,E,
52316,B01L2ZRYVE,S,
30872,B081YRV2J9,C,
7881,B07N37CKXK,S,
86034,B004PL87JQ,C,
71931,B016LKXSXS,I,
46405,B07JPJY8T5,C,
57007,B07VS2CXGN,E,
32519,B07PHZPJYV,E,
29756,B07659XFWQ,C,
73278,B08B4RBDM1,E,
463,B0099HD3YA,I,
45875,B095J2YDG1,E,
19968,B01H71AZ36,S,
58536,B07CG54DNQ,S,
15810,B07G84376J,I,
58364,B01M14TAF0,E,
84473,B0017QCNUQ,E,
13218,B0043URV46,S,
113923,B07J46ZFLB,I,
42384,B00K325XR0,C,
18213,B07P8QTZRC,S,
113966,B00WR4IJBE,I,
95256,B073QMN75M,E,
21629,B081ZQSCPX,C,
97991,B002QUPWZU,I,
8962,B00G5K7L24,C,
87803,B07XJV6WFF,I,
9700,B07Q49SVYR,C,
13907,B001LHVOVK,C,
307,B07D1342F9,I,
71859,B07C11DKDT,E,
90258,B07P4DP44Y,I,
1644,B00LUUW660,I,
56559,B07TTS8FYP,C,
92649,B074VFLXLQ,E,
7015,B007CNCSUI,C,
104330,B07M9345RR,I,
33103,B002XFI84A,E,
1158,B08FT4M31S,E,
104332,B07XWBCD9C,E,
7500,B07CPYK7FV,S,
90238,B07FMW26GK,C,
104943,B07FK5Y2SF,I,
62374,B0794LRWHN,E,
81994,B07RP5R18J,S,
107824,B08DG6YRZL,I,
80139,B07VD81J2J,S,
4158,B00IKVLC62,I,
52778,B01M7WRLS6,S,
58353,B07NR8Y5KG,E,
38519,B07HFFT6LB,C,
105557,B084WZ11HH,I,
74553,B07FYWL4W3,E,
68716,B07HPF3RJF,E,
87259,B005ACNW5S,S,
102822,B071GRMV5Y,C,
20409,B07P4L2F2C,I,
16164,B082HHKC2X,I,
40490,B07DZ9N6X5,C,
55807,B01GZ12U00,E,
44764,B082DWNRZ2,E,
25715,B07H5FN55L,E,
59532,B07WTDBT4M,C,
33025,B07N5XBQHR,C,
113705,B01GCG1M9S,E,
113493,B086LQ18QX,E,
93031,B07CX5VWZ1,I,
25415,B08MB7C6GN,C,
1241,B07L8JC5RF,I,
6717,B072BVXTQL,S,
98236,B07Z6RJ9H7,E,
88,B074T91QTZ,I,
12540,B082RYB2Q2,S,
23057,2213701083,E,
75188,B07VBW674H,C,
76791,B081LJMNRY,E,
101594,B006Z9LCUM,S,
35399,B01M1SJNVU,E,
75634,1421555050,C,
94817,B07GFGHT57,I,
51421,B087ZR7GQZ,I,
20090,B01MPX171W,E,
61690,B077WZV3D4,I,
43755,B06XY2TTCK,I,
452,B001GAOTSW,S,
72438,B07HR8C4X3,S,
22847,B074Q8XPYY,C,
9891,B07J6893R6,C,
16331,B07Z34CM4S,S,
66282,B0042SR4BY,S,
15017,B08T1V6DQH,E,
24933,B08L8F1B44,I,
4746,B00I21YUSC,C,
81659,B072FG8LBV,S,
103266,B01ALLUTD0,E,
67470,B07H25QF6L,I,
27313,B017KQXYBS,C,
72165,B06XC794TJ,S,
80971,B07GDS514N,E,
111986,0525553363,I,
1305,B07NRXKRHF,I,
112861,B019EV81U6,I,
49273,B01JZWZ2OM,I,
79749,B079J4Q6FQ,E,
25690,B07J5MZ3Z6,S,
5305,B0012XYFQE,S,
81622,B08DKCVTB2,I,
51526,B08QWFWJR5,I,
45559,B07KVDD1W1,I,
2178,B07RX6FBFR,I,
51258,B005CWK0FG,S,
88352,B07M7M276Q,I,
31508,B0077E5DNG,C,
101738,B07DD2JR3Q,E,
16997,B01MFFSNK6,C,
88063,B07NZ25V5H,E,
6970,B07SSVSDFC,E,
82479,B077NHJMGD,C,
45710,B01H7IJW1A,E,
65834,B07YZQSC5Y,I,
58370,B075NMNV34,E,
25462,B07H4HQK2H,C,
79203,B08BZXTH9Y,E,
44730,B07LD4J5PG,I,
4352,B074SC2BR3,S,
100494,B003YLOPUS,E,
19314,B06XYTTM28,I,
647,B07MVVGZ9N,C,
79756,B07M8DLW9T,I,
73556,B07NH3YGGR,E,
100409,B000C19DGY,C,
54274,B07XKSRH86,I,
83795,B07RZ2LC3L,S,
47676,B00LPEQS4M,I,
40195,B07TR2FHVS,E,
10157,B07TF55FN5,S,
97117,B07VK7M964,S,
47958,B007SQZJ6O,I,
68331,B00IBIDA82,I,
62686,B07SG15148,E,
71723,B000AWGX7W,I,
94237,B0792QJ28Y,I,
5621,B01LZW923B,C,
29924,B07C85JJ9V,C,
21669,B00HQWONBW,I,
40703,B07Y1HMWGS,S,
107587,B0018FM01S,C,
38967,B08GG1ZD7Q,C,
29827,B01N22ZDEK,S,
41065,B00NH5AK2S,I,
7548,B08THQPB3Z,S,
12440,B017YCTI3Q,S,
53388,B07D4YW5HR,E,
29307,B01533FCSS,I,
69702,B01ITGEVV0,S,
36347,B07DKTNNW7,E,
23150,B07DB6QZ12,E,
1392,B085F28PVV,S,
110405,B0861XQ5M8,S,
13261,B000BPAULS,C,
104234,B071KH4N6P,I,
45855,B075JQR2KD,C,
90855,B07SDCK7WJ,E,
36145,B013NPCBLY,C,
9780,B07GNSQ999,I,
3626,B007UTH9K8,E,
85173,B01B8R6PF2,C,
22872,B0197FV8YU,E,
34938,B07PBLLQWK,S,
2052,B00S15K80S,E,
34698,B01MYYQK7M,S,
51421,B07Y3ZJGW8,S,
79687,B0026HDURA,I,
114639,B077572FMJ,I,
34669,B001H0FI22,C,
95610,B003YYCMN2,C,
13767,B08FT86WMY,S,
44517,B08C92CGZ4,S,
62194,B07KXM5QHP,C,
92015,B07476H14Z,C,
22757,B07D8LKKKZ,C,
83328,B0027CSJAW,S,
20774,B00AMPJAOK,S,
5843,B09JF7P6XZ,I,
34694,B000JQM1DE,I,
92083,B07W625P4R,I,
96537,B07SLVZHT2,S,
58988,B084ZM467H,S,
66500,B087R44YJB,C,
97061,B0756X5XJ2,S,
91293,B06XC9B5YW,C,
82361,B07R3CTVTY,C,
1666,B082DBBL7F,S,
76877,B00HJGTLVW,S,
3713,B01DZQI9TE,E,
16605,B08MTK2Y2W,E,
2967,B07FB6NR8V,I,
102790,0374298548,I,
102,B00LV6VDG2,S,
51081,B0787C1W71,I,
615,B00Z9C4CT4,E,
95604,1478805862,S,
62156,B07QTFV38H,I,
45343,B077YJM4H5,S,
83724,B005YJUYTY,E,
98427,1984817426,E,
35797,B07H34M6XX,S,
66531,B0829PCNKC,S,
114591,B013ZIMFGA,I,
13139,B07PDKQPFF,E,
37547,B0791V11PS,C,
110405,B003OBUE5I,I,
87536,B0856RN798,S,
25261,B01K5IAAHO,S,
64474,B07NYVGXM5,C,
101912,B07BJ1MRV7,I,
99502,B086H3GT9L,E,
99338,B01NBDG49R,C,
41679,B08F2DJ6BG,C,
2906,B001A0CM8W,I,
49042,B0813BXC6Q,C,
72001,B00KGWQCCC,C,
88259,B07DLD5VH5,E,
22604,B01H3YIVNS,E,
76610,B08PJLGGSS,C,
100405,B07BPBKQ9R,E,
55194,B07XK16JN9,E,
102881,B07WW3S7XJ,C,
73279,B07VHRXKWR,S,
5105,B01MA55MS5,E,
7376,B082QT9CNY,C,
18359,1594031436,S,
3661,B0053WU90G,E,
32992,B08SK35PBR,S,
73952,B07T65BHLC,E,
5651,B097QRS4DQ,I,
86299,B07WDTQMNX,I,
17778,B0188DBKP4,C,
114397,B07TPRTVHK,C,
50741,0931340861,S,
89854,B000255NKA,C,
64099,B00066FB3O,I,
35825,B000NJDRDA,E,
1927,B07DJ4N3V7,S,
51025,B07PVMJ31M,C,
5717,B07SXMZLPK,I,
12540,B07BDQDB7T,S,
100633,B083NDWYTC,S,
79627,B08CS68B6B,I,
864,B088YJCQ7Z,I,
56245,B07LDF11FB,C,
70569,B07HGSV4LV,C,
110050,B000FK9VE6,I,
107663,B004VTG30C,C,
66784,B01LTHY4XG,E,
39183,B086ZV3525,E,
7401,B00JMHFPFW,E,
111986,1400226562,I,
35571,B084TMJ2WR,S,
54517,B01M66RT22,C,
1701,B01MQCGF1V,I,
88319,B0895GT97M,E,
44072,B07RG48J5Z,C,
27364,B01LXICNLN,C,
64768,B07NF1F8J7,S,
70866,B079LS3T4T,E,
83288,B0882NBMP5,I,
59654,B08GJPC9HC,E,
1653,B00004RG7X,E,
66814,B01N0L4NEA,C,
64805,B082T4TDBG,S,
30117,B07G51DZ45,E,
81921,1621576760,S,
36768,B009WVV8OA,C,
102495,B0070B9R5G,I,
19913,B07NWK38NT,C,
39295,B08H3X26L9,S,
56125,B086R7QNVD,I,
64512,B08VJKD9BG,S,
104898,B07SLD37GF,C,
21569,B077VRSGD6,S,
32644,B01K9FQZ68,S,
64446,B082FM17GP,I,
112449,B079YDN6T3,S,
16260,B07YTFX4Y8,I,
15538,B007GAQOJ8,I,
54423,B088M1Z1CC,C,
52519,1492678899,I,
101202,B07BFNVSFY,S,
43373,1577667859,E,
75188,B07MH7LRNN,E,
54974,B002PGEJQS,I,
74454,B07662FC2H,I,
107864,B08M3MQP4B,S,
13614,B07DYQPJTB,E,
88941,B01I3XYXYO,I,
12772,B07J2QHL3H,C,
71692,B00H8OINX2,E,
113629,B00STRXGIE,C,
82427,B07VFF1T78,S,
24835,B00PUV0QQM,C,
5575,B015XMHUGG,S,
89432,B079P5SBY5,C,
6910,B07KBGQJGZ,C,
35097,B07QTK3L33,E,
29846,B002G9UG0C,S,
90848,B00415H3DM,E,
83194,B07V5ZWNLB,C,
38794,B007PBK7TQ,E,
21615,B01MSBQB1P,I,
83517,B00SUWFDIO,S,
51025,B0861BY9PJ,C,
8867,3659611646,I,
79156,B07HRY34P7,E,
70533,0387212396,C,
104474,B072HNTWSR,E,
75820,B000TBXWNW,C,
60213,B00V6HBSL6,E,
88544,B07W5CMZPM,E,
102889,0241434548,I,
110090,B000TNARXS,C,
97445,B01GFQFGFQ,C,
1877,B01BZBQHTK,I,
5041,B07CMHYX4X,C,
80115,B07DLDFVG1,E,
76356,B08DKQZDC3,E,
39677,B001N8GU3E,E,
98997,B07P4612JM,E,
40858,B081R3DZNZ,E,
1390,164611504X,I,
75094,B00GZKN0J2,C,
17835,B08HW8SB42,E,
104146,B002B39MYY,C,
58319,B01BOS9XTK,I,
73812,B00S0YA5GM,I,
99502,B084D567ZX,C,
95819,B00RZCX1H0,E,
50398,B01N19R3RQ,I,
69703,B07TTHNRWB,C,
19142,B07KRC66Q3,I,
97100,B07ZFYJVQJ,I,
16825,B015Z02DH2,S,
18399,B004H4XI7M,I,
67895,B07G8M2CRM,S,
37716,B0796N48TP,C,
17583,B07RM4ZGH4,E,
74111,B004AB70US,E,
43166,B07WD73S4F,I,
79741,B07YQGTH9M,E,
88967,B081PM52Z1,I,
84761,B08BP2Z3Y3,S,
76314,B07HMMNQRW,S,
77959,B010MG9P84,E,
52419,B0101APKS0,S,
22073,B087CPRBP5,I,
23052,B0052YE37U,I,
14052,B07F39D9PQ,S,
111246,B08ZYFX36N,E,
97724,B077CZL5FB,I,
18891,B0722QPMT8,E,
95510,B016LBC8EC,S,
66643,B08FXPSBGV,C,
13657,B01N52DUNK,E,
51361,B07M7JV6CX,C,
87735,B07RYW3S73,E,
96913,B016DSJ0SU,S,
61395,B01N05JWZ4,I,
46537,B0857KPWD7,S,
1546,B08VW61C58,C,
10035,B076134RXR,S,
1127,B098J4K5VL,E,
91479,B083QGHQNQ,S,
596,B07V69RLWS,I,
33818,B07KG1XLXM,E,
102100,1578636124,S,
27187,B0063R4N4S,S,
39878,B07ML6BPZM,I,
100905,B01F5D1NCK,E,
32133,B06XVKMM75,I,
47279,B01M9J03GO,C,
10084,B00FC7XQ84,C,
94839,B00VEDFG6A,C,
55079,B0771J425V,E,
44224,B07WCTSX7G,E,
77387,B00R4HZ3A4,E,
96962,B004FFJ2NW,C,
62167,B01EHJD21I,C,
89768,B01BZ7N0B2,S,
35812,B06VWMJFHM,I,
6808,B07D9HDZCH,E,
100303,B00J0YCQ4A,C,
25304,B07KYWQRX8,E,
87442,B07L535NNR,C,
78843,B004BBM1HO,C,
63823,B015MXSZ7O,I,
98440,B01D2UJVGS,I,
59172,B00JXI2RRY,E,
92420,B00593EVUS,I,
78659,B081ZXWR8L,C,
21597,B07JKVHFFM,E,
75664,B083198J8J,I,
113792,B07QMWH567,E,
5429,B07X131PM1,S,
26440,B07TCKCL72,S,
17252,B072FD587S,S,
7870,B07V4T3TJN,E,
39042,B07Y8B5PB9,I,
33422,B00BFQ5BMU,I,
96528,B08132L9QP,E,
45522,B07KXF641J,E,
34225,B07BYXM5QH,C,
13417,B01JASLWGS,E,
53962,B08Z5C9TF1,S,
67966,B07ZYY52PY,I,
92764,B06WP7BVJ2,E,
60079,B07H3R87QT,S,
22238,B07YJ11MGQ,I,
81873,B084S748F9,C,
112370,B07K82XKRB,S,
101242,1575422964,C,
26613,B0195KBAVI,E,
57578,B005AXYC9W,E,
42067,B0779MZKZV,E,
92260,B07QKG6GGD,I,
19327,B01GH5HENM,I,
15697,B07N2JJRSH,S,
37983,B00I9NSFDO,E,
85500,B07MCJWKQC,C,
69927,B07BY4KQWV,E,
37063,B07QGX64KP,C,
31878,B001ZXT81I,I,
52890,B08NPW2VV3,S,
107888,B072NF2Y32,S,
66153,B08T4VF4QQ,I,
75346,1934817295,S,
81484,B00CZ7TTMQ,C,
59976,B07QB8DLF6,S,
32913,B079TSHVN7,E,
49927,B000V787Q6,I,
33049,1680524577,S,
33897,B00RLZIDJ2,E,
6552,B089Y2RC7N,I,
9258,B071WQ2QQT,C,
33958,1484707230,I,
97494,B078HQ9Q9G,S,
95575,B00TNJC4TY,C,
109287,B006H97AF6,C,
54626,B07T5WSZ7V,S,
70763,B092VRMHJN,E,
63823,B0170ACXK2,I,
15107,B08L1PR3F9,C,
51045,B073P19L8P,C,
32813,B07KNL2XCL,C,
49552,B07GXY8WR8,S,
47065,B083PZZXQB,I,
51286,B003O1UQ5Q,I,
15753,B06XZWYZ65,C,
108860,B074HY3LRB,S,
2552,B001THTUAO,C,
12287,B082JQPTKJ,I,
115629,B01CAOZGB6,C,
554,B07W5CBVG8,C,
85386,B01N9HR1SX,C,
25006,B001K2JE9K,E,
90013,B07T1XRSL5,S,
5466,B01GRV9MNG,I,
106564,B011MFJCR8,E,
958,B07MJP6H75,I,
40875,B07SJZJ39Z,S,
72438,B06XS393P1,S,
70859,B086YFX4WQ,C,
25824,B00T87DLRA,C,
70978,B098TVYXPC,S,
76232,B07B4B3FR2,E,
10366,B00NHLST70,E,
36455,B07HL8L7Y9,S,
49612,B07PFHWHQT,E,
89289,B01C7Y6SQ6,I,
94136,B07QVGW3YG,E,
95025,B07G2C2YNP,E,
67116,B00IV387EO,I,
87730,B07GTMGKYV,S,
75242,B01MXGP5DM,S,
4412,B01MY29NJV,C,
39894,B00KQ2P3K4,C,
56679,B0148PSY32,I,
1127,B0829GZY9R,S,
27917,B01G8L4T74,C,
60655,B072JXVTKT,S,
36667,B00FNUU642,E,
57722,B08GSF37NP,E,
99769,B00CKWB58W,E,
3709,B07VP564SY,I,
81874,B075H4WWP1,C,
73736,B0776L2HDX,C,
97209,B0040LT71S,S,
44394,B07PLHM25C,C,
8092,B07ST4D317,C,
57003,B00R9D47AA,S,
23199,B07MHJ8ZPV,C,
102213,B00005JH37,S,
71331,B075RB35LN,C,
68724,B07V9X2VLP,S,
68398,B00CJL8T7E,S,
16639,B07XSPT52G,S,
113388,B00E9ZW7SA,E,
12887,B073XLKPX1,E,
66500,B086YYDKRD,C,
3078,B07BNBGKLS,E,
34493,B08BX7HMSR,C,
43968,B089CLRWZ8,C,
96263,1933821876,I,
73800,B07MKC6PFV,C,
94808,B0716JH63W,S,
59801,B07BY88V1Q,E,
33800,B07P6N5QLK,I,
66888,B07RLFBLX1,I,
50892,B07TLV8TJX,I,
32213,B01BXLYEQ0,S,
70901,B07CVC3J8G,C,
104832,B007WVCDO6,S,
76903,B07T4KJFRY,S,
20132,B083FRTVJ1,E,
28723,B00QTWVJJ4,E,
113629,B08432SGPF,E,
80330,B08B3V9CD8,E,
107915,B07GVQSS32,C,
15511,B000AO7DC4,E,
3729,B003JMTTL2,I,
172,B07PJTM847,E,
84527,B00I5GFGS2,I,
75487,B07GWPR8D1,I,
26169,B00442OI8U,E,
50184,B07FVHLGL4,C,
102445,B06Y1264PX,S,
105409,B008KYSA64,C,
46194,B083FD2X9G,S,
56973,0806160047,I,
50717,B07RFJ3477,I,
38143,B000LB5UA8,I,
97469,B07BSDK1SD,S,
80913,B01136INBW,I,
44060,B07FRCMGJD,C,
74427,B01FGE8SO4,S,
35146,B071JS2PFL,C,
77190,B00HF4T0IW,E,
36504,B07QQXBPKQ,C,
9999,B08655RQH9,E,
95398,B01IWEY7S6,E,
106867,B00XXRB6TQ,C,
201,B072N3FP2Z,S,
93855,B07KGGLMNG,E,
89080,B016E7DHT8,S,
36229,B086FXNMHY,C,
7426,B07599ZBDG,I,
25980,B01FE1PIB0,E,
10030,B07L27BZ12,C,
59257,B074QVPRY9,E,
1245,B07PHJW8WN,C,
67658,B07HRJCDSS,E,
71704,B0878WZR48,I,
108324,B07SW2XKNM,C,
13388,B001CEZJVS,C,
55816,B07YR2J1N7,S,
83584,B0018EUDHW,S,
9732,B01KF0FJX2,E,
93635,B085QD9FSG,C,
27585,B083Q6Y54F,C,
107,B07DCM3PW4,C,
72473,0071477209,I,
1779,B07717DXXV,C,
3935,B00AEFCP0E,C,
46439,B07PQ8MXHH,E,
562,B07PKBZGCR,I,
74994,B01LX5IVV3,C,
3589,B01ETSOCU2,I,
7841,B08CY171PV,S,
113746,B07BD2Q49V,S,
54445,B07FQM3V3J,S,
56829,B081YDT9TM,S,
81184,B07NSM372H,C,
100909,B0058I31R8,I,
4641,B07PLVRZXQ,E,
5725,B00VWVZ0V0,C,
83643,B07PXYXSSC,S,
22014,B07RZBFHDN,S,
331,B07KPT5KGL,I,
13161,B07Y9JVTPH,E,
42157,B07VBX4QV5,C,
95496,B07ZJ2WXM5,C,
113840,B08LNDVX23,I,
112722,B074TDBBMG,S,
69593,B09CKP1FVB,S,
56526,B0928656RG,C,
52945,B07SRZ1JS9,E,
74076,B07DNS6F6B,S,
53816,B07JQ3YZT7,I,
110594,B07D2XMDJB,C,
19293,B07LCVZFTM,S,
17146,B00MNV8E0C,S,
76173,B07KVPSS1L,C,
1089,B07BQGVVSC,E,
106120,B082P4JND5,I,
108409,B089T57S8X,I,
42336,B00006JP9W,I,
54121,B07Y61YH5J,C,
75216,B00AEFYRP0,E,
4795,B07CW6R1CY,E,
1720,B07SH53PDM,S,
4893,B07XGV3FXV,S,
41,B0028SCBV8,I,
112176,B0892DX3KH,S,
8468,B07VJWSHNY,S,
47532,B07TV3H1LP,E,
115676,B07FQKXCJW,S,
89335,B00HYIJW0U,C,
14193,B07B54CC4L,S,
93987,B013Q0NS68,S,
70070,B083JWZNW7,I,
41523,B072C7BRCZ,I,
44295,B07XLDRPBC,I,
2549,B07J2Q7KT6,C,
31492,B019ETCT4M,S,
79722,B0836YZHCG,C,
101388,B07MYTBV6N,S,
76049,B083K1NLKB,E,
41632,B06WV7411J,S,
4903,B08SQ95HZD,E,
50879,B01N2RO4YX,E,
18573,B07VLH5JR7,C,
17032,B08XM18HG6,E,
33487,B07B3T4TVN,E,
19684,B01N9N8NZQ,I,
73040,B00NR1YIKM,I,
42592,B074JHFQJC,I,
4991,B07D7STHL9,I,
70869,B081PV3NPH,I,
7069,B01LZLCOGC,C,
75173,B088PQLR9C,S,
68270,B07P91CKMF,E,
89995,B084RVPBQY,I,
14843,B00OA2FUBI,I,
51574,B07MQ84KNW,E,
812,B07BQDRDC2,E,
19454,B00LFZVOEK,C,
40576,B074SC2BR3,C,
52500,B07WPW96XD,I,
51775,B08HLV5T67,S,
54672,B07H1DHJBV,C,
17164,B07M6CJM3N,S,
40426,B01N7TF8MK,C,
50775,B07P951DPK,S,
31627,B07RXXB193,C,
71057,B07FSCR54M,E,
42243,B07DVBW5K3,C,
26,B06VSJ9LZ6,S,
88185,B07WRV279G,C,
46666,B07TS44NFZ,C,
49382,B07TMJ5GSM,E,
71326,B0876H5X58,C,
74898,B07KTD72GW,S,
73421,1790725402,I,
111369,B01HSEI1RY,E,
113166,B07L3KMKFW,S,
29638,B00L9AXU2U,C,
53310,B0861FSJZ9,C,
32784,B01GTYTWR2,I,
85548,B07GKRKTVG,C,
21126,B07TWHB578,S,
104976,B012VYRL04,E,
38058,B0948SZHZ1,I,
9642,B07W5JZBVJ,S,
73329,B08HMW12PZ,E,
107068,B07T91C2VD,C,
36561,B07GRDXW4L,I,
60478,B00P2XZKZ0,S,
3508,B00FS6YU6G,C,
62391,B00XM1WHA0,I,
9596,B01KGZVRVO,C,
63752,B01IU95G4M,C,
10282,B07WS3YSTP,I,
53466,B07TV23V3G,C,
97201,B06XKV8QN3,C,
20490,B0055BA2QQ,E,
113436,B0092UC638,I,
98213,B07YJSCPF3,C,
4060,B00MVE48Z6,C,
97359,B01K9DF5RA,S,
20731,B073J7D8M5,S,
94806,B086T12YGJ,E,
47451,B07VDVWK1C,C,
32270,B017DP5UTA,S,
96723,B071KWJ87C,S,
10053,B0841Q5NBC,S,
2021,B0824SGXX5,I,
57179,B07C91VZM3,I,
83981,B07ZXHCGS5,C,
115907,B005E848DS,C,
28944,B093YFP1HG,I,
35658,B07BVMPF5F,I,
69079,B07RYL1V9W,S,
96499,B000G0V21U,C,
5627,B07NS8GS2R,E,
27167,B076V8TTYX,I,
33748,B07YVPJHH9,E,
80145,B071G2RSZF,E,
54574,B07YTZHF5F,C,
100446,B06XD9Y61L,S,
73504,B000G4IX72,C,
92178,B07PXKR5PB,S,
71057,B06XKCCQ82,S,
96956,B01MRG7T0D,I,
70763,B0978R54FZ,C,
103544,B084ZXJZV3,C,
30188,B01HEXF7H6,E,
106085,B07NCBFRFW,S,
110506,B09CWJ51TQ,S,
3078,B08QZXWT4J,S,
8533,B073JDTS6F,I,
3717,B078C7R8MS,I,
115813,B00PUTEZNE,S,
44564,B0834FDXZT,C,
15594,B071W6SPD2,S,
110517,B083KFHKZR,I,
9642,B08BKXY3T2,C,
1592,B0013L4BZ0,C,
104491,B07WC993LP,S,
114124,B07CJ4R6T4,I,
12512,B07X97N8QZ,S,
45988,B00HOY2MRE,S,
41285,B0775YDSMD,S,
80494,B075KG5YVF,E,
49537,B08NVTRS4D,S,
32066,B0899TDHSS,C,
59181,B01AVEVCQU,I,
46411,B074112WK9,E,
68445,B003XR0ING,C,
114713,B00LXCCZ0C,C,
108099,B016Y8JSK4,S,
97187,B0917KYWPJ,C,
2095,B0938XSFYS,S,
40286,1710610832,I,
19506,B0002F5580,C,
49589,B07JMMCH32,S,
5203,B07PXQY3HD,C,
59578,B075H1B2T8,S,
66614,B0067UGMBI,C,
29974,B01N3633BX,I,
14413,B01LYNW421,I,
93335,B07H93RKSW,E,
39151,B07W56H3Y9,S,
98115,B07QN172BF,E,
49317,B002RVCD6O,C,
56306,B0033QNZZ0,I,
20318,B07MJR3P1H,S,
112927,B076GGMKN3,I,
65575,B073YC3S8F,C,
73138,B01B25LZCI,C,
11562,B07G37C8BV,C,
7676,B0116X17JW,C,
48538,B07JF8KH3Y,E,
108749,B07KQXLFY4,E,
55179,B086YQK689,C,
470,B008OADGH2,C,
111369,B00SMLU8RO,E,
590,B003UYZOAO,I,
5224,B083D6GDMC,C,
54574,B07Q9K2WVD,C,
17977,B07WZWQW4F,E,
69947,B00TQEX8BO,I,
81424,B07ZWXY1Y7,S,
49272,B01JZWZ1I4,I,
11060,B000OCPUDQ,E,
52375,1890764043,C,
40149,B07NLXDDTD,S,
12458,B078VDG9FF,E,
114790,B07FW8BHH4,S,
59390,B01GW09XRW,S,
69066,B00KCYVZTO,C,
87259,B002WC8178,E,
5429,B006KYZ2LC,C,
114794,B07S2ZZB9G,I,
32275,B00CLGUWQI,S,
20938,B07MSCZPB2,S,
71021,B009204VTK,C,
113826,B01LW5KNOW,S,
1679,B074MPK25P,I,
83062,B014GN0IXU,E,
104673,B07L18HP1K,C,
4746,B01LL5F63S,C,
26820,B00TSJKGTE,I,
115160,B07GT6BCL2,I,
36241,B07S4HGQ7N,C,
81508,B07PLJRPCM,S,
85902,B07Y3351Z2,C,
62980,B08FSBC1G9,S,
59204,B08JLB81PS,S,
81997,B07SWTH52P,S,
41350,B073TS1X5R,C,
104689,B00453A7OW,C,
75904,B019MEPPIG,C,
20227,B00JKUOEX0,E,
48012,B07NGYTBWT,C,
93020,B086GDXCJZ,E,
73131,B07R1QDQNM,S,
35071,B005NWO9J8,S,
101443,B086C682FX,S,
59770,B0002T4032,E,
64021,B004OHXB1K,S,
19093,B00GLL2NG6,I,
75182,B096VQLG5D,S,
108214,B07MDXVLCZ,I,
102726,B079PQPLT3,E,
21841,B000EDUUHQ,C,
65778,B07YN7NGZ8,S,
51995,B01AXBENZI,S,
42783,B07QW1GKR1,I,
55381,B015SIKOPE,E,
6511,B00JH5S81W,C,
56829,B097RMQVH9,I,
65572,B09685KHP3,I,
8931,B07CRPZ2WJ,I,
5387,B091BYTC5Y,E,
924,B08GLRHLSV,I,
115702,B01AMK7F64,I,
43603,B07ZWW8KLB,S,
110427,B07GJZMRB9,S,
36667,B07V8VPHD6,C,
34493,B07W5YYBTN,E,
30760,B07YM325Y7,S,
79521,B07KFHWD88,E,
41909,B078S3HRQF,I,
87665,B071NNY2G4,C,
52390,B07N4QZPCC,I,
5594,B08Z3YQ3H1,E,
114953,B086L3KM24,E,
99094,B07G4HK1YM,C,
3093,B000N2VR48,E,
561,B01NGYEEOP,E,
37016,B001TWA17K,E,
66161,B085Y9Z2F6,E,
3942,B07NZ1WW7D,S,
42572,B00X9HYJI0,I,
1857,B07MZCSJ99,S,
58342,B07S2VJ4MJ,E,
87618,B0026SRKO8,C,
64,B07CNLSG8X,S,
71334,B000A8C5V4,C,
75617,B00EX5K0DA,I,
57170,1585424331,I,
106203,B07HMC5CVW,E,
93,B07FMVKJRG,E,
630,B07BB94KM3,E,
64370,B07V6Z8BSF,E,
113482,B004O9PXO6,S,
61823,B07TWG58LW,E,
24018,B017R71Q8S,S,
47429,B00AW72Y1E,C,
35565,B07CWG33WW,S,
79324,B089LZMC3C,I,
49759,B095NZ5YL5,I,
9113,B007NG5UF4,I,
54052,B07W5PK26Q,S,
73389,B01F5URJSU,S,
47143,B00AR9G6XO,I,
22775,B071F82CYJ,I,
12805,B081R8MG2Y,S,
41172,B00004RBDU,C,
32981,B07K7F81D4,S,
62411,B07DZ8XDC1,I,
79308,B07KQ2BC7S,S,
12590,B077ZDX69T,I,
94909,B07TG19W7Z,C,
96293,B07R166X7D,S,
64208,B079KTBPV5,S,
78719,B000EALNTI,C,
79738,B06Y4467K4,E,
78253,B07L37F9FX,I,
84432,B00B9Q5U5E,E,
5629,B07ZJCZWY3,C,
2828,B0753J14FG,C,
69743,B078GT46DD,C,
58449,B08BY5L5L3,I,
2788,B097PNSNFX,I,
81629,B079J472Z1,I,
8017,1499805837,C,
42034,B077BXG1HD,S,
36820,B096L7ZLQ3,C,
32039,B07HR7ZWDG,C,
7191,B00114RCJ6,E,
76610,B078PLXFYK,C,
16320,B07K2HQL99,I,
70912,B07NJFZDDY,C,
14044,0982481764,E,
62822,B08975RS5V,I,
70626,B07XDTP9DG,I,
37365,B07RWM9818,C,
60124,B09B6MLD78,S,
86463,B01INNLAI6,C,
85038,B07JYBJ3LN,C,
14940,B01M7W89NO,E,
76687,B00378KMG4,E,
30140,B01N8YML7K,I,
103800,B004V3PS72,E,
66244,B082DXXVYG,C,
66614,B0147Q97RY,E,
2753,B07GSM27X1,I,
34515,B08HG3GR32,I,
7335,B0078RYAEU,I,
8894,B08SC6ZV6X,E,
40256,B089RPP1TN,E,
30112,B07Y8RN16G,S,
55091,B08LQ869LJ,I,
101608,B08N6TX64J,I,
55115,B07YCL6TR4,C,
28332,B07VN6TSBW,I,
76642,B09284GM5W,E,
32922,B01GW8Y3O2,I,
109022,B01FJUM2GU,C,
90687,B0749V13NP,I,
79515,B07SCPYVH9,S,
73778,B08N9V4365,C,
38377,B08V2N6LLL,E,
58212,B07H8WS1FT,S,
66277,B014KPVE1O,I,
109339,B01HQGOYD4,C,
26935,B07QKKSQZZ,I,
35882,B097T276QL,S,
20889,B07GJK654Q,E,
4168,B003903FF0,S,
44040,B06XXGYQT2,I,
1779,B07VXD3GR2,I,
94436,B01N2VVX7Q,E,
15661,B088P4SZDJ,I,
60781,B08XX6R1PT,E,
80960,B07R769ZHS,E,
92999,B01F5K9ZQ4,I,
59150,B08V95FKXD,C,
7297,B002JK6QTS,I,
29638,B002YKOX52,C,
84923,B07FRL6SZB,E,
50051,B07RHMHB34,S,
9891,B07P8WYP3Q,S,
99953,B01BDY5RKE,S,
14725,1510752242,I,
3548,B001309TT4,E,
30396,B07H11G6BJ,E,
11926,B07V5D3FB9,C,
70612,B000BQQM3C,I,
48031,B01LXCJHKG,C,
40877,B07T6C3VFG,S,
99406,B07C22SN95,C,
114108,B00LSOZW46,I,
114872,B07P8RZVCZ,S,
50913,B08526BKVJ,S,
31317,B08CQWPSZB,S,
109975,B004CQWWKY,S,
107663,B004VTG410,C,
32903,B0742CGRTH,I,
104699,B073PFYN4T,C,
19816,B01L149GH6,I,
112311,B08H54TCTC,I,
36281,B08NF11PNS,S,
82106,B00BCL68QG,S,
60745,B07Z52VB7X,E,
51097,B00KTJA73M,E,
1055,B001DEQS08,E,
59422,B016LL8AIU,C,
25969,B07466YCYK,S,
95925,B07K1HJ53V,E,
111347,B01CP0U2CS,I,
20279,B06Y2HWB4S,C,
99601,B083HWTLXF,C,
66488,B082HJPRJW,E,
58411,B00I41Z2HS,C,
6159,B07RL8XNBK,C,
218,B07MQ6DB8Z,I,
88995,B00W5V3A4K,E,
88809,B004Z555QA,C,
69723,B00002N5ZZ,C,
2836,B00KL92E68,C,
13816,B08L3X23FB,E,
66500,B07SVNSGYZ,C,
3539,B07HBHV6LV,C,
49413,B0040INCA8,I,
39927,B01GTXN9XG,I,
69647,B07W4VYZKY,C,
56378,B01MQ26TKS,C,
41551,B07PFD2C99,E,
75493,B06Y4PQTW3,I,
88475,1611450535,S,
69186,B07W7VCQK3,S,
34922,B07VV9MJBY,S,
82007,B07MKKQ8QP,E,
17633,B075CGR6YB,C,
5735,B07DPLWT7M,I,
102636,B00IV35VAM,S,
31570,B07F95LC1X,S,
72483,B075LW5VL7,E,
26852,B07B41FL3L,S,
69186,B07K3V3J41,S,
88280,B0001LQXLS,I,
17357,B0744PV3QB,S,
115635,B00OD4E1M2,I,
371,B076G5GLKD,I,
37940,B07XBXPTCK,S,
22669,B00J0DL97Q,I,
900,B06XPMLSPM,I,
81989,B01DPTD554,S,
45075,B087CXPXGF,I,
87628,B07RBF9RLH,C,
897,B08R664WW5,C,
99009,B01BQD7YQC,I,
98373,B001TH7GZA,C,
111219,B07DW9L1JD,I,
15628,B07K22P7RM,I,
112219,B079JLY5M5,S,
103541,B09BDW787M,I,
102915,B07SVN5S2C,S,
9739,B07KFMSQKX,E,
105424,B07KN27P4N,S,
76548,B07D6432MZ,S,
59204,B07782Y2DK,I,
63903,B07Z81VVTB,S,
32950,B00G9T0U7Y,I,
42157,B08PYZ182T,C,
114565,B07R9XZSGL,C,
615,B01G7JUPK2,S,
72377,B07G8Q5P8X,E,
86704,B07RC1696B,C,
65881,B01H5FYNX2,C,
53852,B084BYDBNK,S,
643,B08MWSJLYL,C,
53799,B07Z48G4G6,S,
997,B00CTHSV4O,I,
12671,1507216181,C,
74825,B00PM1KCJG,S,
635,B003LZPPNI,I,
25307,B09BBV2MRZ,C,
5800,125025079X,I,
16270,B01MUDO55B,E,
91531,B00DDIRAR2,I,
53738,B0023RRD9Y,C,
90877,B076128T5C,C,
53632,B07H7FJBSD,E,
78743,B07M8RNFC3,E,
114716,B015HIPK86,E,
41350,B07DBPBLPD,C,
5519,B01KK014F4,C,
53422,B07VWDSD57,C,
28911,B00P2S7L48,E,
50712,B0747NV15Z,I,
101819,B07CH23C8G,E,
108730,B003DZDYSE,C,
77590,B0058VRCES,S,
25891,B07GLY6XMN,E,
57923,B08PZ69WQR,I,
59026,B07RGGCJB4,S,
91103,B00PD2PQ3Q,E,
78236,B07WFHPKL6,E,
64828,B08P1KLMHV,I,
6552,B07VR22832,I,
90204,B077HSR6BK,C,
87629,B0863CY1YF,E,
41848,B07FXRLWGN,S,
55068,1442644877,I,
96407,B07CJ9SX5N,C,
83953,B07D8ZP3XM,C,
69464,B000FCD0CS,E,
34694,B07SSQX7VH,S,
55224,B0009RUZ86,S,
90004,B07H7RRLHC,S,
57836,B00HJZ2UIE,I,
49138,B07DL75PBN,I,
70325,0062840363,S,
50698,0692659757,E,
28407,B08VF956CZ,C,
110050,B08RJPDCB2,C,
1287,B07P5JD92N,S,
63180,B07H1PYB2L,E,
111119,B01N9RYIKI,E,
1245,B0013L2D9Q,C,
37719,B07M7MQKFW,S,
80644,B07QFJ6GFK,S,
44738,B07811BWTT,I,
60476,B07KL1VSTD,E,
32210,B01K5S5KWE,S,
94343,B07VFM3SRR,S,
35546,B095NYN5KM,S,
69345,B016NRIVKO,E,
11623,B01MZ2HCAB,I,
73417,B0039ZIZ7I,S,
75361,B0776Q9VXT,S,
82513,B000DZKZLQ,C,
36167,B07XMF86R6,I,
32950,B07JYV8VW3,I,
63890,B07ZD38PKX,E,
48826,B077KD61K9,I,
58116,B000XE961C,I,
7441,B07J6NK4QT,I,
82353,B01GPMH590,S,
55356,B0049UVJYS,S,
95849,B077BL31BJ,S,
36803,B071CS2DRL,S,
82951,0819180394,E,
573,B07H45GN74,E,
60654,0995099804,S,
28740,B000237FR6,S,
7084,B07JWX6195,I,
2816,B00BYKVMES,C,
73885,B08DNL1ZDF,C,
76260,0913866598,E,
68562,B01GTQPI64,C,
109584,B07NY3534T,I,
97555,B0899VM6G5,I,
66197,B08CD94K5V,E,
108224,B07PRKQ3CJ,E,
49188,B0796KK7PT,C,
88640,B07N2QWKTW,C,
74176,B01FVCNWDI,S,
20240,B00EPE5U52,S,
76877,B00ESQMA8M,C,
11028,B072R4B8B5,I,
7534,B08HZ498RP,C,
30406,B00O6MRG78,C,
909,B00KVGYYS2,I,
98864,B07L54HB83,C,
35499,B009TVZ2NQ,I,
111041,B06XGRGVHT,C,
70132,B00AY5B712,I,
74757,B07DCNS9L5,I,
108324,B072JQXY66,C,
12217,B00IB7DPO2,C,
44579,B079KKQGNH,C,
46539,B0872KNQM4,I,
29644,B077SYQKVY,E,
13403,B00KMV7KUU,S,
36354,B0865JJZ7K,I,
101196,B01BHCGU9E,S,
61266,B07PPWXCHN,S,
107904,B07HR8SB8V,E,
5937,B00JTGDP12,E,
53310,B084LKZYDB,I,
17964,B08135P3L6,I,
17808,B07WFWLLDM,S,
104912,1523504692,S,
72904,B01DZJZTAS,E,
62170,B0924MVGKY,E,
3229,B07QTG9XJ8,E,
47100,B000HF0KN0,S,
42395,B0823D36BW,E,
36658,B008LRKOZK,I,
7534,B07RDLBHGC,E,
76055,B01AR0ZU66,E,
115676,B01H0PQSLC,C,
48538,B009OIZ9M8,S,
6511,B076H37YY1,I,
96149,B078WG7HZY,E,
58971,B074J8T48S,C,
24126,B089FFFSQS,E,
100028,B07VRVPCMF,C,
19814,B076XVFNYX,I,
7668,B06WW7W3Q3,C,
64899,B01HDDD2YW,C,
99905,B084HFTNW5,C,
712,B00AKBI4LQ,S,
54853,B098BN78F7,C,
655,B08MLKB2XH,E,
20525,B00QNUCV0I,S,
25690,B01N52ZGYM,S,
8188,B001ANEBSS,S,
43452,B07JZS6Q4G,E,
72244,B083M9P8V7,C,
111716,B071DQK2ZK,C,
41279,B0815Z563W,C,
4412,B07ML61ZK7,C,
78535,B01LZ2QE21,C,
7845,B078BH2XQX,C,
1294,B00H4T6JFK,I,
14649,B096RJV1C8,I,
107008,B0014EOU9S,E,
44057,B07PYM991L,E,
106859,B01LNH759W,S,
61581,B06XHNQYKH,I,
62133,B086TWFK77,I,
36111,B07TDC9P1X,S,
60674,1891627708,E,
90618,B07RB33NHJ,S,
60137,B07JMTX7DD,S,
65142,B01MQJO2CT,I,
70077,B07GZ5FP5R,S,
29350,B005QZLBXO,I,
107468,B018SV1WYU,S,
85272,B071JT2HCZ,E,
91532,B07RPRBKLD,C,
108440,B00KBJY5X8,S,
492,B08J7GD3NZ,S,
7229,B083K9XTXD,I,
30856,B099Z64L2Q,E,
49546,B08BZD4H8V,C,
115637,B07KPZS7SL,S,
31386,B07NHHQM7H,C,
35375,B07FDT88R5,E,
94674,B08MXMYD8F,S,
97837,B06XP47J6V,C,
110517,B08FXTD44X,E,
76173,B097MZD727,C,
30981,B01N4G712P,I,
70388,B084M5B8LZ,C,
63637,B00UI598M8,C,
59046,B005MVFRXM,I,
6124,B097J4V43J,S,
53776,B01DJB43W2,S,
24729,B085CKBY6Q,E,
11748,B00NZ4Z66G,I,
65949,B08C2PVL4D,S,
65970,B06WP5TSJ7,E,
7842,B08NKBLG27,C,
9994,B01LWTSHK1,C,
96981,B07V4MZF2W,S,
75230,0545386969,I,
45779,B06XGJTQDN,I,
52950,B083QJ2BB7,E,
109339,B003BQUDKM,C,
63628,B073WHMMGN,E,
157,B07P7KDMHZ,S,
55175,B00092RB06,E,
106447,B00MYL9X4M,E,
24718,B07KD6S41M,I,
81343,B00ZGG1HZA,E,
52949,B078NJYK5K,C,
60295,B08933RT73,S,
35797,B000COMXI6,C,
33109,B07GY1L4NL,C,
44764,B016BDRPSY,C,
819,B01JJYYWH4,S,
19397,B074T1PX7K,I,
14049,B087V4MF7M,S,
98380,B005IUYVKW,C,
17156,B08DR9JDPT,C,
14170,B09824SGFJ,E,
809,B001ANXJYU,C,
20943,B01MCZMN73,C,
49692,B00JM5GW10,I,
89557,B00U06TQOA,E,
115284,B013QEGCDA,S,
52387,B08H85FLXR,I,
15588,B01N416YYV,E,
1550,B08CDRGQJG,S,
8423,B000HF29PW,C,
61391,B07D4BWZ3T,I,
1765,B089K234KP,I,
108598,B003KGIWD8,S,
100024,B087JD7BBH,E,
11247,B086PX2262,C,
694,B000ILLX3Y,I,
109668,B085RQ2GNF,S,
40413,B06Y5TFL2J,C,
1070,B00EAIPKMG,S,
54940,B00GZ9H0L2,I,
71792,B075JF2S7H,C,
93264,B0798JFW1X,E,
38813,B07ZPN2VDB,E,
13440,B015MSX7QS,S,
97219,B07YCJHV84,S,
100062,B075ZLMXD1,I,
110761,B01N0EB5LY,C,
41321,B00BXIKO54,I,
94838,B077PXX4XF,E,
74878,B07RP76LP7,C,
91674,B001UGL84U,S,
57060,B074T832ZP,E,
58212,B088NB48LC,C,
35813,B006ZTELZ0,E,
1072,B00O0CMXHW,E,
48987,B07PKXC7LT,E,
54567,B07K8RNW7H,S,
99550,B07X2X5YS4,I,
36841,B087NFSJMB,I,
110762,B07BNTBFXX,I,
799,B0919TNB2W,I,
75980,B07PM54P4N,C,
26433,B082BH29HX,I,
55668,B07ZS2JKGL,E,
37419,B0838CCF7L,E,
31317,B073SBXZW6,E,
48779,B07DT7V7Q8,C,
7031,B07VZT5Z9W,S,
48477,B07CSPMTZ7,E,
11748,B07PGLCNTH,I,
9932,B07WSF3Q7Y,I,
36589,B07QSTX2YJ,C,
6367,B071NLWNP1,E,
115191,B085T3WW2L,E,
81065,B07P5ZNV1C,S,
11692,B08657F7P4,S,
82967,B001UO0XMA,C,
62636,B07RSVJ2P9,S,
89469,B07QD2Y4YB,S,
28968,B005CGA9EY,E,
88280,B07QYJ1DG3,I,
108409,B00GDMLK3K,E,
58971,B07FHXL8B7,C,
83710,B076TYNVW2,I,
37444,B07KM946V8,C,
85751,B01N1FCSBQ,I,
54844,B01N1YFE0L,E,
73942,B00LSP1PE6,C,
57093,B098QRL9ZF,C,
86235,B07B683ZC7,C,
1144,B07W3N2TM4,S,
45562,B07ZFM2D71,C,
81316,B08CJ2RZCV,E,
74058,B00BF51RS8,E,
69744,B01MT2A5D4,I,
111931,B07Q2159LQ,E,
115921,B00TIRQGVI,C,
37114,B07FPT6LZW,I,
27463,B01DYMOA5G,I,
29587,B01MZ9S8DP,E,
22814,B07VGNVYT7,I,
33731,B086339RQS,C,
2168,B074W9ZZVX,E,
29568,B000PTSBKW,C,
28711,B09C1F6CXV,E,
105410,B078WGPNV3,C,
29004,B08B47PY1R,E,
78819,B07ZMRTYC8,I,
7290,B013RA1BRA,S,
15094,1492653276,I,
24079,B08T6F2W7C,I,
36241,B07J6FVTPH,C,
66749,B074H67L9S,I,
114219,B00CWU2U1I,S,
113589,B01DAPPF5G,E,
57470,B0179N39KS,S,
8876,B005WUXA78,C,
83919,B07DCBVRP2,C,
7477,B07CZLH1K5,I,
10820,B07Q78YNCW,I,
84952,B07Z6LZWGN,C,
739,B06XHLRLTH,E,
76315,B07Q27XG58,S,
28465,B07CKPTNBW,I,
70934,B017O3ECAE,I,
115921,B00Y3L2CBM,C,
22481,B07H4G9ZKW,S,
2572,B005OBB0ZY,E,
39890,B001B6PR9G,C,
36408,B0834WRQX3,C,
80615,B07N1PGVQF,C,
3267,B08FX6SWMH,E,
38711,B01BIWKP58,I,
51244,B08LW2CQMY,E,
45660,B07QD499P1,I,
25901,B07X1PYL7G,I,
24143,B08V4DY932,C,
1144,B083Y4QKZF,C,
102398,B08DCL3FC1,S,
66187,B07HGG3DD1,E,
45999,B003AOCZJM,E,
57246,B07GY2R9BR,I,
21197,B00BA814BA,C,
30992,B07JYWVYT1,I,
59354,B08NFHHT4B,I,
35891,B07S5FH3ZH,S,
11512,B081Z6GSJ5,I,
19244,B073KV9CTN,E,
53883,B00W51I2L6,C,
32845,B000BOPE56,C,
25512,B00791QYMQ,I,
115892,B0052T7OLW,I,
6687,B077JF47GM,E,
92053,B07MDYZ6WQ,E,
16139,B01GVFKLH4,E,
52009,B087D8H7MZ,I,
46025,B07YP8BXVX,C,
14148,B07T44CZLZ,I,
10630,B07WZSCC76,S,
34165,B0852VMYLV,C,
26274,B07JYXD2XT,S,
58934,B01KAL4IO2,S,
80578,B074WGQ71Q,E,
3918,B08LLFBJ77,S,
40440,B07BXMDPC3,S,
51537,B0043U5TEK,E,
1487,B07J58CXJY,E,
83295,B07BYJX9FZ,E,
58987,B00LNN357S,S,
108751,B007IIEOEA,S,
57601,B077YF39LQ,I,
82318,B003VAYMZA,C,
615,B07R8DQFN4,I,
46881,B07MLF1VSB,E,
52306,1939814650,I,
93635,B01N95E53J,I,
93855,B017YWRVT4,C,
7537,B082C8NDPG,C,
51940,B07Q2BJBJ6,S,
68094,B07KBW8FHP,I,
1642,B008QYL4U2,S,
31742,B0815QVXG6,E,
109653,B07YD9BLS9,E,
73015,B07L5GF7TS,C,
94233,B0015UYEE2,S,
76795,B010V0SPDC,I,
20062,B07TZSCLFT,S,
47747,B00P9XFZ30,C,
75730,B083KLBW8G,E,
7560,B085XWK6R9,I,
102457,B07659X297,S,
1464,B08RNK8PZZ,E,
110730,B072BG835Z,E,
1175,B0974RP5Q6,I,
106734,B06XQH8C4Z,I,
106724,B07NFNKBG4,E,
287,024137183X,S,
25139,1572228989,E,
50638,1732547807,I,
87122,B00MBV79BY,I,
23892,B0797N953L,I,
97853,B07HNW68ZC,S,
3144,B005Y6Y87Q,I,
64094,B0774YTYF7,S,
108761,B01MRVOI90,S,
19280,B07FKWSS12,E,
52659,B07VFN44XC,I,
107914,B074JL91PD,I,
36167,B0716B4H2N,I,
25791,B07JMYBSTK,I,
54130,B00B4GS1M8,I,
55488,B076JSS78S,C,
85962,B017IAU4BY,E,
113401,B08R6XQGDS,I,
30535,B08FBGWQ71,E,
19193,B095S94K77,S,
53736,B018APNBCK,I,
218,B004M15U12,I,
60122,B07D9WFXL1,C,
86504,B081WB1LFN,S,
85038,B00DCEGZSW,C,
1214,B003JHTCKU,S,
96375,B07J6S8PMC,S,
6595,B077TFYYGH,I,
100633,B07Q7B9VBC,C,
34776,B07SBCPTXM,C,
34165,B07WS414VM,C,
98163,B07C235QW6,E,
113817,B01HOZMF56,S,
52877,B012YD5H7G,E,
51972,B07DFBNCTR,S,
79291,B07PM9QJ3D,S,
82694,B082VZ1ZPF,S,
70701,B084JKNLSX,E,
364,B07Y3VQ4JX,I,
83591,B000CEMWHI,E,
54553,B07H7ZKFD1,E,
26085,B07X63NVVX,C,
2660,B07LGL333K,S,
1588,B073LPCHQK,S,
88682,B088TQFC92,S,
31866,B077S17RPZ,E,
44915,B074T97ZS4,I,
57065,B010I9UX1S,E,
21541,B01MRHVW56,S,
76049,B072N4Q3YX,E,
36589,B07N8Z5Z9F,C,
55124,1941536557,E,
1881,B083P21LVZ,C,
74,B01511D1VM,C,
94527,B07WVJKQCW,C,
58971,B078V16RLH,C,
81284,B07XCBZFV6,I,
105775,B01D8V075U,S,
114343,B082RD57PK,C,
69658,B00BF6251K,E,
59360,B071PCMN4J,E,
72722,B0088AKXCE,C,
89633,B00CSMV7F0,C,
115678,B08FRKWRHW,S,
70081,B07M9VRJ9S,E,
51940,B003A4JFUE,E,
9792,B07XMHG627,C,
1168,B004TWC34Q,S,
32594,B076FFKP8C,E,
98555,B01N9BKGCS,I,
65616,B07XYQLSCL,E,
79754,B0133ZMBEG,I,
113069,B01NH9LF2D,E,
59707,B073P51DSQ,E,
21064,B01N9EOFVN,C,
105633,1597555487,S,
16539,B07DKG64RG,S,
69733,B077N8Y5YD,I,
46202,B097LJ2TQY,C,
54114,B07RL1Z9P6,E,
91961,B07455NBNL,E,
19731,B01M8JKHF5,C,
77289,B06XTVQ2G5,E,
10436,B06XD6VQ1J,S,
33468,B00LUAYRFS,C,
75488,B076DPW6NF,I,
39224,B08NWJZTZ8,E,
1107,B07FKHHTMZ,I,
25052,B07JJ7Z5QW,I,
45000,B0153MK4WI,S,
15664,B074FDRFKM,S,
82318,B07PQHDXFB,C,
100835,B078N4D65J,E,
89882,B00ZJDOCSE,E,
76642,B0995484TP,C,
66947,B01N17VJF7,C,
3566,B07RV8PC82,S,
63119,B082J5ZV5C,E,
60185,B017EA6VJW,S,
34515,B07KXGWRYP,C,
74843,B0921R5Q5N,S,
9168,B00TFT53WM,C,
82106,B01G28LRSW,C,
84246,B07FHDSZV3,S,
12837,B08KJJWJZ2,S,
34749,B07QQLMFLK,C,
7534,B07S6826VW,C,
61391,B07JN74T29,I,
5188,B083NNQV9T,E,
41586,B08BT1SX7S,I,
36369,1086314530,S,
52194,B00J1S6WB8,I,
102805,B083GDX662,S,
24623,B078X3VWPH,E,
83707,B0015BR7UO,C,
60789,B00687UXUG,C,
4801,B00IRKRXPA,I,
19505,B002OUCSU4,C,
55876,0525572767,S,
47656,B07XFLNSDC,E,
6896,B01M08INOP,I,
4323,B077R18YXN,S,
19238,B083WB38QZ,E,
71865,B0764LSC19,S,
62423,B07NY1RTD2,C,
7570,B00E8BDS60,S,
48359,B01AIGC62U,S,
2655,B002JFWD3G,E,
67790,B00A9NN4B0,S,
101381,B07V1JY67V,I,
42772,B0044D2MFA,E,
25371,B07CZ9LDZF,I,
2884,B0875SLTVF,S,
22279,B083RZ7SPJ,S,
56670,B01FVURJBQ,C,
81048,B07BMMFKDJ,E,
11671,B0006NAQ6O,I,
51136,B07DCB7H79,S,
66821,1138690015,E,
7237,B0178JOL9Q,C,
29211,B00F97FHAW,C,
28775,B0785G16H6,S,
66700,B07DYCQY59,E,
98661,0198719647,I,
46235,B0042LE1DA,E,
32512,B07MSVSTY8,E,
29633,B00FH692PQ,I,
57685,B07YQWSF1V,E,
101934,1484746457,I,
28192,B00OXGXW8O,S,
16623,B07F9KCMGS,S,
75529,B079NP724M,I,
10024,B00G25IA5Y,C,
88078,B01M0YDV8M,I,
50287,B083SMBK6W,S,
35050,B075KVZY55,E,
29377,B00178TVXG,C,
39255,B0725LQHGM,C,
44886,B07HB1XFQW,C,
110888,B081XJP4TK,E,
66397,B0143RAOF6,C,
34202,B01AVED808,E,
107751,B082XKSGDS,I,
78243,B07GXVTY9V,C,
3233,B07ZLJFMFY,E,
83933,B06ZXTGFDR,E,
112176,B087423FSS,E,
108511,B00EB1X5QU,S,
20012,B07GQ7L1V3,C,
113524,B07GDRHSRS,C,
8114,B086HW6ZZ4,S,
73216,B07GL7SVR1,E,
87613,B07RZ5QH81,S,
3672,B083GC98D8,E,
18282,B07MV2GF84,S,
100716,B07NSCH3V4,S,
36808,B00004OCIP,I,
16394,B07S5CMT1Y,E,
71792,B07TML8FPL,C,
61813,B0042ACZU2,I,
28305,B01C5YIS34,I,
3945,B004RH1JPM,S,
79,B093Q6QFM6,E,
1002,B003L0XZMQ,S,
12772,B075433XWS,C,
80603,B07WRD86ZD,S,
98455,B06XBYDZV3,E,
63016,B07BDZZRR3,I,
15551,B07B4RC625,S,
71795,B000W0WHRC,I,
6966,B0716ZKHK3,I,
1336,B00F4CEHNK,E,
68434,B00NUS53CY,S,
100830,B08V8NDRB7,E,
54035,B07X8S28WT,C,
77023,B07QRMN2CG,E,
333,B0024XEXDQ,C,
51361,B07KWQ96FQ,C,
54121,B07ZPKBL9V,E,
59666,B08XW8HKV5,E,
13064,B01N2UZUXA,I,
14110,B06ZYBV975,C,
112,B073QX1ZMS,I,
82395,B081SXC13M,S,
87439,B07SVCJ5JZ,C,
47309,B07MXM1RDG,S,
83316,B077R7LV1X,S,
27843,B06W9FMQ6X,C,
97577,B001OLUCAC,S,
59281,B01M36BS09,S,
89323,B07NPZM1ZB,S,
2719,B07BNXXJKB,E,
104419,B004UBHJK4,C,
107547,B001G4ZE8M,E,
68061,B07RRZ25MZ,C,
10585,B004KJEWTM,C,
30308,B075K3CBXL,E,
96524,B00N1QVCMU,S,
110745,B0728GSK6F,C,
70639,B07B3YLZND,C,
99515,B08ZJVBD91,S,
20510,B01N9R4J6E,I,
37983,B07NDCNRGZ,E,
83303,B00UB6T2I4,S,
113706,B071JSMKY5,E,
15675,B009L7F5XA,I,
64828,B095JSLLGH,I,
34720,B0745T3WCH,C,
41087,B07F7JF6TH,C,
20205,B07L8H7W88,S,
60582,B001OI28CK,E,
711,B07DRPF13J,E,
35144,B07895LCBW,C,
4745,B09DTVMLBV,S,
22510,B07B5QY1R3,I,
70569,B07C3T51SD,E,
85038,B07SG6PKFC,C,
91833,B002N2XUBE,I,
39643,B088FFCLFL,E,
1942,B07GBRJD2X,S,
100412,B082HJTP9X,I,
5236,B07PYJ9QYT,S,
103965,B000T3HWR2,C,
78860,B01K0AOHJ4,I,
24592,B09993NYSN,E,
74562,B07JPLY34L,S,
18644,B08BLRZLBR,S,
90112,B07V23QJ82,C,
28634,B07GHWHFR5,E,
621,B07MNLSZ5N,S,
40927,B07R24VVBK,C,
515,B07BSN5DGF,C,
104599,B06WGMW76V,I,
98346,B08N393GT5,I,
30356,B07B3CDZGB,C,
52865,B07HY6VVZ6,I,
63823,B010D2IAYM,I,
79610,B079DV589Q,C,
92992,B077GHJFLP,S,
115284,B00R9KZQPI,S,
66906,B00JE9E9UK,I,
54341,B06Y1656W7,S,
22775,B07SQQS458,S,
68789,B07QX1Q4J7,S,
102087,B00I2TV3NO,E,
2190,B074644LRG,S,
85777,B01MTX9WC6,I,
106773,B0002LCVVI,S,
50175,B003BS34FG,I,
91524,B07SHCCRJ6,E,
19277,B07RK23QTL,S,
66372,1250035856,S,
49984,B07DVJQGVC,C,
102472,1465468536,E,
32160,B0028SCBV8,I,
1429,B004D2C5FY,I,
85208,B0791XYGJ8,S,
32600,B08PZ69WQR,S,
50447,B00MWTJGOS,C,
24970,B07PB1DQ8K,C,
110394,B000WEMGM4,I,
94565,B079NNL9MH,S,
80898,B08958WHPV,C,
81853,B08J7W3ZNL,I,
74249,B00063RWVG,S,
64767,B07PRQGX7G,C,
70,B083NSC7HD,I,
72001,B079YCGL2Q,C,
22939,B08XY4CC1N,C,
89871,B07MVRG51D,I,
46941,B07FFB9NFD,I,
96,B07TKVPC27,I,
32168,B087X83BV5,E,
9899,B088647SYS,E,
45881,B06X3RT9CV,C,
65457,B0825RHM78,E,
108036,B07JLPHK2X,C,
78159,B06WWG7WLD,C,
51505,B00BLTCZ70,E,
31972,B099RYKX7H,E,
42756,B07QXVR9ZT,E,
111062,B01MR9X5FE,S,
74677,B01J9SRV5K,C,
98234,B00FMQ3OAA,I,
68555,B01FFOWP62,S,
100124,B0002HTRNM,C,
55701,B017DN6GZ4,C,
94332,B0178LC8P8,C,
34515,B07L6MGDR2,C,
43968,B08BNXW27Q,C,
110143,B01LZ5KY9M,S,
103965,B000I0MGKE,C,
62058,B096PVXJTJ,E,
52424,B093XMNDTC,E,
48231,B07VRPYD8B,E,
90862,B00465USZM,I,
51368,B01N2VWKTH,S,
28935,B089CD64QL,I,
42592,B091P24PMR,C,
66376,1947508032,S,
98574,B076GYH9TL,C,
1546,B000NK4FDA,S,
112302,B017WP42JA,S,
1772,B018JOIXWA,S,
50151,B07F2QFCJX,I,
51223,B07GZM3JRB,E,
34777,B01FKPC7UA,S,
32924,B077WF6HD4,C,
105871,B083SC8HLB,E,
15410,B01N9VYTYC,C,
13257,B07X1WHR3T,S,
56401,B08DF1PYWB,S,
98841,B08C4QF9JC,C,
22401,B00ATZ9K0C,C,
7527,B07T3ZVHBX,S,
62153,9123963425,E,
8990,B07C5BNWDS,I,
66401,B0143NZBJY,C,
49042,B0863T25X2,C,
83202,B082VMBLK3,S,
50690,B084ZCFGJ5,I,
98497,B07KKB1ZPB,E,
59503,B0742BB8NH,I,
42525,B08FQWZ41K,I,
100537,B00ETPDIFQ,C,
41858,B07DCP26L8,E,
29745,B08JVG7CVT,C,
72155,B00NMFPX7U,E,
108161,B07XYZC9G6,E,
13614,B07SHDQXWJ,S,
1180,B019J6F3FM,E,
98667,1884528058,C,
67441,B085F1KLLK,I,
25000,B07QBHRMRN,S,
59230,B0846VW878,S,
65496,B00WKZAO7C,I,
57744,B00HDVT5RS,E,
17065,B01MU9F8AC,I,
53980,B07RDPCDG4,I,
80960,B075MFXTH1,E,
88639,B085NLT1SV,C,
63219,B003IJ2Q70,C,
90772,B07F1CC2VY,C,
91934,B01M6ZFFX9,I,
72448,B07PRYWTXJ,I,
37239,B07KXGD2XV,I,
60442,B086VS1MF7,E,
61119,146965167X,E,
16274,B07MJRW2WD,S,
10804,B07DM7JFVW,E,
83,B000OWGI4Q,I,
56559,B07R5SD7HK,C,
8114,B08G1YRSM8,E,
80900,B083LYM3TZ,I,
42103,B0042HE68Y,C,
63865,B085Q9PYMS,S,
56865,B00L2TDZ14,S,
91934,B08YWWXVNN,I,
112047,B01621G7NE,S,
74317,B07Z6HWZX4,S,
30677,B079MFD755,E,
105515,B00030DEZA,I,
27494,B07R79BNT2,E,
87649,B01N5TJM3S,S,
72050,B08B5YN3QR,C,
76087,B003Q4TPAI,S,
102825,B07J5246XB,E,
68107,B07GYX38KL,S,
62384,B076ZYHKF2,E,
85390,B07N3F9WKW,E,
81316,B0799976M1,C,
91179,B0733B73SV,S,
95272,B06X6FH37P,S,
79868,B01NB8PRT2,S,
72811,B07RY8LPCF,E,
110460,B01NAGUSAS,S,
105347,B008YEPVQW,E,
34839,B07VCNRXP5,E,
54805,B082DYQS8X,C,
50485,B07SC8HJMC,E,
14079,B01AH3AMW0,S,
84894,B079THW2K4,S,
76630,B08V8D5PGC,C,
20279,B0084M698S,C,
50586,B07XXWXBVG,S,
114342,B01C42FMCM,E,
115122,B00ON6M56Y,C,
95156,B07PCJ11QK,I,
44788,B07WZSLYDM,E,
19522,B07MX2P48F,C,
83937,B07C2GL86T,E,
9482,B07NMHC86M,S,
66447,B07MY2L58J,E,
83929,B01M9COSMD,C,
48202,B07W6VCJ3H,C,
27832,B005KDA354,E,
2709,B07TYG6SXF,C,
38527,B004WP4V0E,S,
22470,B08YP52CV4,C,
54832,B0037W5Y2W,S,
92198,B07MC9XWJ4,E,
104619,B074PSC6NN,C,
65094,B00819JPMG,C,
39890,B000VYBQVW,C,
76155,B08KYDFT8G,C,
114794,B006R6U9SY,I,
8092,B0837JT8Y3,C,
44503,B07N3C5WRG,I,
99813,B08W4ZPHTL,E,
35820,B08GHPB27Z,I,
26935,B07PDR4VX7,I,
61775,B075GRGJK7,S,
44751,B01BETMH06,E,
41381,B01DBC9OS2,C,
3493,B01AYBBZV2,C,
49726,B06XZY682N,E,
49873,B00722UIHE,E,
34496,B0853DBZW7,E,
37001,B07RBCM2C1,I,
74866,B07VZVV5XG,S,
100744,B00HQQG2CQ,S,
11089,B00SXTN2IM,S,
70612,B07CHFRYRM,C,
2572,B07FBSB3GJ,E,
37740,B00D46FH3M,C,
100316,B07ND36QB2,S,
55874,B01G304G7I,I,
77367,B07DPTWFLY,E,
69601,B07CVFSHPW,E,
3372,B077SFBY78,S,
83587,B07J1LTXJ5,E,
22068,B0868TZ1TC,S,
110506,B097QT5PCH,S,
1632,B07R2N871N,E,
22872,B07X59RH7T,I,
56379,B00KSAV7WC,C,
1621,B08GC386N4,I,
76127,B000PYP1XW,S,
45028,B07QK8VZDY,E,
62411,B077BFM2W5,E,
798,B07JVJRNSY,S,
107707,B00AA8WVLI,I,
112029,B002DESA4E,I,
103266,B076FT2MJ3,C,
22396,B00JRHSM98,I,
103604,B07HQNHQQD,E,
27940,B08951QBBD,C,
1364,B08CZH7BZJ,I,
75493,B079J9C8Q3,C,
9897,B07T95GP3D,E,
1881,B074KGZ9Z7,C,
76173,B07R5FNNJ6,C,
40195,B01MA51UUA,S,
103060,B07MYC7R6S,I,
70885,B082WNRSPY,S,
60710,B07PZWPZXS,I,
89328,B012ZYB9DU,I,
7668,B01C95I8N4,S,
59536,B0812CQL28,I,
97649,B01MRHKTF7,I,
53713,B0149HO30C,C,
47395,B086P31P1G,I,
16466,B07Q5PNQHN,E,
104877,B089N8LXVH,I,
21669,B00IZMFBZ4,I,
74432,B07VDGWGP7,E,
50547,B098F33SY5,C,
87600,B097MKCBDT,S,
88469,B07FYKWGZV,I,
529,B071XW4C5Q,I,
72244,B07QSCHS7G,I,
36590,B07M6GH4NH,C,
89557,B002S1U7RU,I,
109597,B07HR71V5F,E,
56780,B082D6NC6P,E,
30274,B016ZPKPL2,E,
98353,B07Q34HDTJ,C,
7041,B079S9XGZB,I,
110249,B07L26RJH1,S,
78819,B0753K3TSK,I,
44454,B083THZ55C,S,
54763,B00XKYNQM2,I,
52081,B00UAAHOTK,I,
492,B07QV8S4PF,I,
2759,B07CTL3TG6,E,
98667,0547904010,C,
56293,B00CBIOOVU,S,
104576,B07RRGYCQW,I,
4279,B01LZA8F8Z,S,
41418,B07B11HQF8,S,
71041,B071Z7BSPD,I,
95603,1442230924,I,
58354,B07GGF5RFF,I,
83511,B072J77FVC,S,
26649,B084FLBDV7,S,
7534,B07X8VNRP6,C,
49409,B01AQXU49C,C,
49366,B07DM8VMGV,S,
14004,9750837584,I,
57799,B07BZBGFH5,E,
68864,B00SVRLPYY,S,
69066,B000LF42P8,S,
67092,B07WP7Q5BF,C,
753,B004AP92N2,I,
78013,B07FD54L7N,S,
40490,B0878WQ4WM,C,
99134,B07BWPLZ1V,E,
87600,B08438Y5WK,C,
108778,B07PPZ4RPW,E,
82520,B07G2YR23M,I,
55673,B07HNZGTKC,E,
1551,B07BQ8PY21,I,
59354,B00K5KVC52,I,
95994,B00M9BZ3ZK,E,
38548,B01N4U7VY2,S,
95916,B07D8HLS7Q,C,
11435,B07QB8KMP3,E,
5647,B000G39ZIY,I,
21934,B0773DXN9Y,E,
9902,B07F9B6W8J,I,
29712,B088MG76H3,C,
36820,B08Y2DK7WV,C,
34077,0756658691,E,
65110,B07BMKXD65,S,
115803,B00D5YS4HE,S,
30680,B003OIZMNA,C,
5626,B07QWRP934,I,
34885,B088R9R3BW,S,
98004,B002RJLHB8,C,
75158,B07Y9JMLXJ,S,
83692,B077SP5BJP,C,
59708,B074WN994S,I,
73797,B07S85TPLG,S,
63874,B07DC1ZQZQ,C,
83416,B087G912V4,C,
69342,B07C9X1W8K,I,
809,B07L3D4R4M,S,
32878,B00Y3QDOGO,S,
23277,B00KWGH3YS,I,
89633,B00GE57DFK,E,
52717,B00F2K6I72,I,
90184,B07WFMQKNS,S,
114808,B018YHSEBW,I,
28314,B01GJ7NVDK,E,
63179,B08424J553,I,
27696,B07QF4JYGZ,S,
41285,B005P3NWSO,E,
95096,B01B8964H4,S,
95498,B013TPBFMO,C,
8368,B07XC3JQJM,I,
102255,0374301913,S,
69186,B08Y5L5G6T,C,
34720,B092V74K6V,C,
64941,B09C7M5LTH,E,
37662,B07Z2VHYV2,S,
32703,1945683449,C,
39815,B08CBXC6BT,C,
58278,B005NNZK22,C,
33514,B0743DWRWF,E,
70616,B000WFUDFA,I,
25298,B06W2H9R1T,I,
110003,B07MN8B9XQ,E,
83916,B07X6CWM3G,C,
19275,B00BZBFKZS,E,
70397,B08BF4CZSV,E,
56379,B00DM0TQ50,C,
52738,B07DNW4Y8N,I,
70388,B0771WK2FM,I,
100850,B07HCWJY7X,I,
100640,B07V574YYY,I,
62576,B0725RDS1Y,I,
76864,B07BJZN2PC,E,
8741,B01FG86HQG,I,
16686,B00KE237PO,S,
94717,B00Q50CRZA,S,
49045,B07BLJH57Z,C,
111438,B0143NQVQ6,E,
55179,B07RNCVZH5,C,
21382,B00W4QQQ60,I,
75653,B00Z7T4122,C,
89232,B07VP1QTMS,E,
40445,B07VWD6HJY,C,
19067,B0969RD39X,I,
651,B08JK5SCDW,E,
46026,B07GRKTMHB,I,
115723,B07WG7JV6Q,E,
102278,078522954X,I,
57324,B07HMBRGFJ,C,
34999,B077XMN4YC,S,
77900,B07S2ZZB9G,I,
55177,B000R04R2A,S,
209,B07RN9SJ4L,I,
88185,B083DRTZZW,C,
65094,B00LV6VDG2,C,
12512,B0788G8H6V,E,
44445,B00B7L0MRW,S,
108618,B000EEJE1S,C,
11300,1626341370,S,
38605,B08D2FJHTN,C,
469,B06X3RCW37,S,
66069,B06Y1BJ4DP,S,
21197,B095SR8QP7,C,
41925,B00TXBSHBQ,I,
9661,B0874XJ93M,C,
42046,B001J09NNA,I,
95013,B07XL7G4HH,I,
18707,B07F6NVKLC,S,
2934,B07JB5TQSG,I,
94244,B00EVNVW4U,C,
10542,0134166965,C,
44821,B09JG2X2YL,E,
90238,B07PDPCRP4,E,
3324,B007S6Y6VS,I,
107018,B07R8GMTD2,I,
114725,B07Q7GC8WP,S,
32909,0966256875,C,
64308,B0016LBTO8,E,
73329,B000XSG300,S,
56075,B07QPFFB2C,S,
35104,B073X612Q2,C,
78367,B078K93HFD,S,
10973,B00BFX8OEK,I,
73519,B01FKMJE04,S,
44454,B07V9BK7W9,C,
29870,B07X2QTM94,S,
14562,B07DHWMGR1,E,
102289,B07DPJ3LZQ,I,
85191,B01LWZ7R4Z,S,
70728,B074Q73H5V,E,
26374,B009LXM8BG,S,
19013,B075SLGR2F,I,
17232,B00NOKWUYW,E,
101986,B07QYZCBBB,E,
49726,B0084XOX94,S,
13250,B01G3ZLEJG,C,
104387,B07JGH62R6,E,
93779,B082LV7RKL,C,
23167,B07ZHJG154,C,
85221,B0087TBOGK,C,
835,B083G8HF9W,I,
49546,B0895K2TD4,C,
41934,B07Q1F2VKC,C,
44045,B0854C3NM3,I,
11824,B0744PN2W1,I,
11218,B07NM9S6LS,I,
575,B01MXUXVC4,C,
40289,B0792C47VT,E,
99148,B07J9NCRC4,S,
63296,B07GBZ4Q68,I,
88831,B087986931,E,
30297,B001DCB61Q,C,
72528,B07R1HBRFG,S,
14128,B01MYPO1KN,I,
38906,B019JY9BO8,S,
6429,B0821RZNHC,E,
28210,B07ZNNS329,S,
4780,B072QGQVQ5,S,
98415,B079SL92YX,I,
23006,B01C9MW8Z6,I,
25791,B08QCVSSM7,I,
106331,B008ESOQZU,S,
74539,B085TM1X7R,C,
40849,B0772PS2LD,C,
104746,B07GVH8YYX,S,
6957,B07L64QDH1,I,
64542,B07V6SM96V,I,
10283,B00APYOB9W,I,
36143,B003H8Z732,C,
57093,B088W9Z2YP,S,
69244,B07YT7MYD3,C,
60283,B07YHFDL45,I,
104877,B083Q4K3G3,S,
39710,B00FY2UJAU,S,
88078,B07G3SRKNY,E,
42965,B07P21MTWK,C,
21117,B001CDD0X8,E,
12358,B07H4ZDFYX,E,
58784,B07R3Z1WY9,S,
14810,B016QS547I,I,
44062,B07GMFLGDB,I,
87180,B07659XFWQ,C,
48900,B009G569DC,E,
30594,B08F8232XR,I,
93655,B07W88469Z,E,
104969,B07Y9L3CL6,E,
62434,B07P94PB7Z,E,
95486,B071DP71VG,I,
3701,B07PTRZSHB,S,
98544,B01LDZJHAE,I,
41143,B08V56N1ZG,S,
29652,B07N2KSV54,I,
55693,B07YNL536C,C,
54066,B07SZJ2BMV,C,
7907,B07HZLHPKP,C,
95352,B071DQQM1C,S,
70125,0062396129,C,
47,B08B2THKK1,I,
82760,B08TRB3N8S,I,
54423,B07NRSD8KC,C,
92781,B085ZH5VGR,E,
115659,B08257XF1X,C,
62330,B003XDIU30,E,
35287,B01493CHFO,E,
26389,B00JJZAF8E,S,
66487,B07D7QCWCK,E,
22324,B009X8U5S2,E,
88682,B082Q1NF4S,I,
8933,B01N09AZRY,I,
1217,B078VLRLDL,C,
50051,B00XUVKB14,E,
102922,B07PVR7LWS,S,
105134,B01KKN54WA,S,
4801,B010PQBVOM,I,
112842,B00KS6WULS,E,
71239,B01I5SDMHG,E,
90742,B01DEBC7Q6,E,
68102,B07THCXGCK,C,
41187,B08HLMC448,E,
17911,B07X3BFWNS,S,
9021,B008QPT1GK,E,
792,B07PLNWF2H,E,
107915,B07KXNHSCY,I,
103966,B08CL2NRGN,C,
66401,B0143RFQA4,C,
32846,B01DQ19AP0,C,
99262,B095LSYJKM,I,
48650,B00NR370AK,S,
658,B07WDTYDSX,E,
90820,B07G6YYRG8,S,
5424,B004IPP9RM,I,
18191,B01KN9YVWA,E,
11771,B01L8JJG0G,I,
101123,B00Q7UZF7K,C,
79754,B085WCHJXL,C,
114547,B07V3BJHKN,C,
9877,B096DX7L9B,C,
524,B000CB1MS6,I,
36714,B00SI2ZF5W,S,
75094,B08PW792MX,E,
73303,B07Z5GL59F,I,
98360,B01994YSDC,C,
42194,B079YCMH33,I,
91957,B017Z77AM6,I,
1628,B08DK7HWTK,E,
41434,B01N11O00X,S,
52234,B07W5RZ79W,C,
10966,B01DNCNQTS,C,
20918,B07MQNYJKB,C,
75118,B07MFXHYFK,E,
76438,B07F39HP39,S,
89205,B00MAPG782,I,
99466,B07F5KDRL6,E,
103115,B004AK3SMI,E,
58599,B00LSCTCYE,I,
69845,B09DMW3X2B,E,
46289,B0003H2R88,I,
73176,0345434862,I,
87756,B07ZPMCW64,S,
57669,B015G1ZS2M,C,
66356,B07MHGCYFL,S,
36668,B077XSNBDH,S,
70100,B0056IFZDI,S,
80562,B07R9KCJ5Y,C,
22417,B00ATZ9JZI,C,
63865,B00KGFM5WA,S,
138,B07N12CKCG,I,
55310,B018W2EH38,C,
111322,B077V35Q57,I,
14913,B0028OBM80,S,
44039,B00Z7TOE88,E,
106120,B07V5NCXMD,I,
10892,B01M2ZYEY8,E,
14284,B003NCVL4Q,I,
49152,B07QKVS1GJ,S,
114059,B07F2QJZKS,S,
102881,B0749LZC5V,S,
93845,B07KBVLMJZ,E,
110558,B08PSCJ173,I,
12915,B00G5JKJ9W,C,
46146,B007P63JNW,I,
74315,B082J2371Z,C,
1691,B0854JD5G9,S,
85044,B07GJFX5XJ,E,
55538,B07VX55HH8,S,
37334,B07PBZ1P2K,I,
35141,B07Q8BD4MM,E,
95214,B07QZPNP2J,S,
75083,B07TML4KYK,C,
2410,B07LB3XF3F,I,
1208,B07D2J8LQ1,E,
48182,B07DNKCJCK,E,
110797,B07VWYCFRD,S,
32137,B07B8V9KHZ,S,
38676,1481444433,I,
97244,B004SCZ344,C,
79471,B00T54VIB2,E,
92274,B077T632Z7,S,
63154,B01MSJYITA,S,
48900,0996085343,C,
46414,B01CQRHXT0,S,
99502,B01FQDGO5A,C,
66881,B01JHD9FIS,S,
110517,B07S4D3LGF,I,
75653,B01H3PEWDK,C,
72810,B07WJG3PFL,E,
87665,B091NXZSBP,S,
90112,B07XXRCW73,C,
3029,B01DYL9BHY,E,
83392,B07G4KDLTZ,C,
64332,B00FNPH43I,E,
43588,B07FSZYBHW,S,
17000,B00DYN0474,I,
1108,B01N6ZJH96,E,
83710,B08R826MY2,I,
110677,B01M325869,I,
93619,B007UT3OFC,S,
22645,B01N5OKGLH,I,
93807,B07DRQMDZF,S,
56735,B00363WGGO,S,
33485,B000050HD5,C,
60508,B07G12HV1B,E,
111980,B07F9M73H9,I,
60052,B07RLW6XTH,E,
20138,B08HHHLVHC,S,
47569,B077JGXQC8,I,
58982,B077YYNF3Z,C,
51993,0134580990,C,
110677,B087ND2QX4,C,
95491,B07QHBYT26,E,
10084,B01E4YVCOA,E,
73723,B07NMYVVS8,E,
68427,B01H2KCE3Q,E,
44224,B01KET1PUA,I,
75692,B0034II0XE,S,
74445,B0833JCPH5,I,
1028,B01DZQI6YW,S,
1095,B07831Y5PT,I,
82188,B005SS9EB0,C,
35409,B01I34RFTI,E,
21883,B07LGBMRGJ,C,
32644,B0010TEFFQ,C,
45346,B004XFYN9M,I,
71248,B079TC31WG,E,
1044,B07MK29YXH,S,
49886,B07K8JL7WW,E,
8940,B07LB7Y9YT,I,
12127,B01LYQHW0Y,E,
9897,B07NS53MX9,I,
77114,B07HFD9KRH,E,
14984,B00BWIWYGC,C,
55748,B07DPNKR9Y,I,
77753,B07QG7BFT2,E,
108830,B00DUF3O32,C,
72524,B0794PSYSY,I,
13891,B08CN7D1TZ,I,
63505,B07CGHB4F9,S,
52390,B015XMKZWW,I,
945,B00178TEJ2,S,
83592,B089LDYZ6F,S,
78823,B079GYWCWQ,I,
12590,B08BF2PJRV,I,
48652,B07WVDZR23,C,
59642,B079P7FV4F,I,
21870,B07VM4HVJC,C,
56109,B002N88YTG,S,
107532,B00854L57U,E,
24530,B07RT2DC63,E,
42572,B00YBQTOE2,E,
7534,B0822FJNFP,C,
80221,B07HNL33XS,C,
21417,B07V53N2DY,C,
107861,B087M1QWR3,S,
63808,B07GXSHS6V,I,
46616,B000A13PGA,S,
69900,B09DYR569J,S,
109695,B08F6GMLBH,C,
51100,B077VDY38W,C,
1532,B07CBYL3QS,I,
11605,B07GWZNF91,S,
71885,B01FEK83KY,E,
39727,B079QHML21,I,
80913,B07Q2NC3K8,C,
76877,B01BZ8BI7E,C,
15220,B00025K10M,E,
19258,B01A4C7EE8,S,
1546,B00A0XBRQS,I,
78825,B07K5HJ43D,I,
19141,B07P6CSDJ2,I,
172,B07VNG9ZLM,C,
34151,B017MY5R8G,I,
58256,B07N555JQ1,C,
93522,B07PXJXKPP,E,
104588,B07MC9DNXF,S,
31589,B07PRF4PYY,E,
5138,B086C3NJ92,C,
45746,B00N405ZGC,E,
48249,B07CZ3YNL5,S,
850,B07F17X6CP,I,
115308,B0151HCQ9O,C,
91230,B07Z3ZT5T9,C,
81184,B002MUBKLE,C,
44574,B07GXC6C3H,C,
115333,B07H3JVDJC,S,
70118,B07TSDGFPR,E,
30742,B09CDXND6G,C,
96847,B07T6L3SPS,S,
47484,B01MTN19U3,E,
23637,B00BS8U88W,I,
81268,B01H9AK0U8,S,
75801,B08SWDN53M,S,
74866,B083PTRRNS,S,
25203,B07WRPR4NS,S,
34279,B085FS3T6V,C,
83416,B08B3N38BD,C,
45702,B07CKZTX2B,I,
71704,B08D1ZX4SL,E,
60283,B07QNJ9ZKC,E,
101387,B00L5L1BYC,I,
104685,B08C7NY3JY,C,
86055,B01N7QND9A,E,
26583,B098NGXVPZ,I,
32055,B07CBZRXJQ,E,
81893,B092J6RM6T,I,
69037,B075RJ1YLF,E,
83933,B07D77HYR5,E,
36698,B00WCJGH54,E,
83702,B07FF172KL,S,
53397,B00E964EM6,I,
46940,B073BJR5VV,E,
35712,184819255X,C,
70859,B086NTR5VB,C,
103265,B07917TDL6,I,
79771,B001E67VP6,S,
70835,B07FK19JCV,C,
13324,B08K96QFHT,S,
108260,B07VDB92RK,C,
68574,B08VF31NL2,C,
96352,B0184BHTPU,S,
20731,B00CVTRO48,E,
114866,B07VPPL3G5,E,
87764,B07W2VL19C,C,
113019,B01IDT8KQA,S,
61443,B07V8FSD5T,I,
32546,B01MU0C1F5,I,
11070,B084GVPN8T,C,
93073,B0006IHLFI,C,
109794,B075FDRTXR,C,
109114,B01ACUQC6I,I,
55768,B0981DX2WJ,E,
56712,B075FND17R,S,
68413,B07X4821XH,S,
57007,B07C6S5QQX,S,
92543,B06XQ5RZ7C,E,
27110,B07R51Y8WP,C,
1287,B00006ICMQ,I,
5424,B01J0XCZBE,C,
90963,B077KL14JR,S,
333,B002DM0ZIU,C,
6078,B094YR5D4T,E,
88815,B008TVLQJ6,I,
12410,B06WP6NT88,I,
29574,B07DV2WHQ5,S,
107914,B01IPEA7K0,I,
73020,B08RHYGQS5,S,
37985,1524718742,E,
36586,B00R6Z4R42,S,
24526,B082VMTL3S,E,
115813,B00VAHKXX6,E,
25901,B07Z5BRRF7,E,
115132,B08MSLX3YV,I,
38605,B08X4JKXJV,E,
61546,B007MJSQ2G,I,
101838,1674844468,I,
1255,B00PUM3KVO,S,
101946,B01MYDOC3Q,E,
110400,B00004RALP,S,
63823,B01LW6N77U,I,
22540,B01NANUD62,S,
40957,B0756MLN9S,S,
87756,B07Y926SS8,C,
925,B072FMD1WK,E,
115659,B075TWQDF8,C,
76,B07YJF17C9,E,
14115,B07PGRVRCY,E,
52784,B000NPTUDA,I,
7534,B07Y2STMKS,C,
52777,B0912CRXBK,C,
84832,B07TV2GM6G,E,
78137,B0041JKFJW,I,
86365,B0763VM4D8,C,
114808,B009LJYEIK,S,
73150,B00196497O,S,
73054,0578558149,I,
711,B085112R85,I,
77160,B085Q6FGX6,C,
8403,B085LKBB62,E,
9642,B0844WPDY5,C,
88078,B01MUAGZ49,C,
70960,B00IJE00JU,I,
55751,B07FX4GSXK,I,
102153,B085RT6QPR,S,
26613,B08JZCF3C3,E,
23167,B07RXP3YG4,I,
6622,B07T53DHG8,E,
40631,1441333096,S,
82648,0393709787,I,
111801,B07KCWVHNW,S,
18959,B07F6YVK72,S,
64919,B08LMW8YQ3,I,
97612,B07Y82J4GQ,C,
55229,B006SW9SSY,I,
109985,B07J5SXGKF,C,
35104,B0748KPLFF,C,
93042,B072LXT39F,I,
18994,B0813YLLCG,C,
106446,B01MQ1JLWY,S,
42103,B005H7ODUE,I,
74567,B07MNFRJWR,C,
37761,B082F4W617,I,
29715,B00E9TN1FO,S,
40439,B07DK13HKX,S,
37816,B00RH8RLB4,C,
59230,B013NABU1Q,S,
85859,B074GM9854,E,
100633,B07Q357RSK,S,
43055,B0834JV157,E,
20339,B07KSNCVTF,I,
35369,B006Z2BZBU,C,
83415,B003H2AZJE,E,
401,B0025VP5J8,C,
7529,B07PXGQC1Q,S,
59666,B084WPLDBF,I,
27836,B07JG8ZYWF,C,
12438,B07MCVJJ1M,S,
105191,B010RJO8RO,I,
14930,B08C73K1PR,I,
103163,B01FN3P15W,S,
33109,B0821NTHNZ,C,
94602,B07MHW346L,S,
55702,B000E3DU3C,I,
109428,1534313400,E,
102523,B00QN5SVUM,E,
1157,B01E4ZMTEG,I,
51187,195035427X,E,
37588,B07H39B455,S,
111246,B07SVTL48Y,C,
93635,B06ZYQR6L4,C,
1079,B079GSWTTL,S,
109393,B07DGVBL22,S,
63361,B07VXQVVZP,I,
19731,B08BJ9SNQN,C,
96915,B00A2F5W8S,I,
63297,B01K7JEIOC,S,
63898,B07T5W65G4,E,
36281,B07JMH6BSY,I,
19898,B01ARLXEU4,C,
102052,1292138181,C,
51535,B003AYYHNE,C,
114216,B091YDSDJW,S,
44057,B01M4NHHVI,I,
49321,B07MJC7R5F,S,
17965,B07C73BBNZ,E,
53589,B08C6TN89G,S,
21577,B0045WUA54,E,
55568,B07XB86CPP,S,
30356,B07GYZDK9C,C,
44334,B081ZS719Y,I,
94197,B01M70JS15,C,
75883,B00F1B2TGQ,C,
105558,B00S8PW6P6,I,
40418,1465478884,E,
75927,B00FZN1R5E,E,
6824,B07YJX4Q7X,C,
1661,B01ICG015C,S,
67625,B003TY5CB6,E,
53603,B01D299ZVA,C,
20600,B07ZL1TDV2,E,
19643,B07NCL1QXK,C,
16437,B07K59J8BG,I,
11114,B07NDZHNRD,C,
64586,B07XKJ5NV5,E,
38162,B07FLS9NJZ,E,
87505,B07MPY87P7,S,
101173,B0057D867E,S,
102822,B07MMP1S2Q,S,
3093,B07KYJ8D6V,S,
97890,B00TP3COKC,S,
17147,B07RDJB18T,C,
33177,B073QS6JLF,S,
79053,B073DQQRZT,I,
82085,B081282B2D,S,
40758,B00V2UIOW8,I,
76315,B071YD72K9,I,
95294,B07FZJVNH3,C,
61386,B00NHQF65S,I,
113834,B08V4WP31V,E,
4373,B098WWT9DH,E,
88257,B00BIQRSLY,S,
478,B075158Z19,I,
113524,B01N5PTKXS,C,
109558,B002YG8FLY,C,
65100,1984801252,I,
14496,B095W8WQJQ,I,
9891,B089D2YWW8,C,
12345,B083SQDB9F,I,
67136,B002JQCSJY,E,
5752,B07KW5MPH2,I,
879,B08B5F9JVB,I,
19862,B0080HPXHU,C,
22847,B002J824AA,C,
28711,B08HR491BF,S,
114,B08966BN6P,I,
100322,B07Q2H38F6,E,
80610,B07W4FMQ5Y,I,
40841,B07XHQ9HHK,I,
61672,B001HN5H20,C,
73015,B001AEZ3QG,C,
78721,B06XYMV21L,S,
71701,B07SVKBC47,S,
77925,B07T6FRJFH,I,
106677,B00PTL13LA,I,
58982,B07KGHFZ4M,I,
109839,B078T1BR44,E,
108739,B07MT67SWL,E,
14774,B07R1PYNBH,I,
60969,B01N47M3V0,E,
95679,B0771MCKSN,E,
58342,B094CZ18V8,E,
47355,B07RDQPGCZ,S,
88039,B071VD7ND3,S,
52509,B08XY57TYT,I,
48980,B07ZS5VGBF,I,
4247,B06ZZ6LFCB,E,
94451,B077Y5LJVV,I,
1596,B07BP4724N,E,
112352,B09286GCV8,C,
53310,B088CT535G,I,
108476,B00NDIQ73U,C,
32703,B079NNVQYV,I,
88940,B002SXTPX0,E,
35616,B09CGPMN35,I,
55300,B082GSNWJK,I,
21693,B07PXN8171,E,
67458,B08TWTV4NZ,E,
44775,B00A3WR5C6,S,
5470,0545449367,E,
28742,B07TWR66TL,I,
52501,B07Z9L1753,S,
108055,B00HYL4HK2,I,
99478,B0823FGCD7,C,
114932,B01HFCDUV6,I,
74597,B002MWGN0A,S,
30212,B00LHNEE1U,E,
57722,B09CKG4FZH,I,
108579,B0837KWG3X,E,
39845,B0775VNB2K,E,
114567,B073DWP91X,E,
70747,B01DXAKET0,S,
5326,B017NIRFHM,C,
98667,1449357016,C,
114587,B000GHMSA2,I,
58012,B08912Q855,S,
68888,0357442059,C,
18007,B08TTT874Y,E,
69402,B00I3BJ38I,S,
100268,B0148WQKNQ,C,
98845,B07NMV4RT2,E,
25118,B074JFGRGP,C,
110405,B07K4XL5T8,C,
71580,B00GH9I9RO,S,
70567,B08GP6SN74,S,
46734,B07Y37TVW7,E,
8101,B001JGNPM4,S,
8103,B07N9NCFJG,S,
80144,B01M4F9MVN,E,
93271,B0036Q94CU,E,
42330,B0009UXH7E,S,
67125,B081ND4YSZ,E,
113868,B07JMLV27Z,E,
55768,B00IV6L9O6,S,
58929,1453645365,S,
76644,B01MQQD1RY,C,
27628,B07VCTMTCC,E,
44146,B01MSNFOKC,C,
29568,B07GFLSDFM,C,
14490,B07XP419MC,E,
73740,B07SXDCJ8Y,S,
34891,B0181HCC7M,E,
113002,B07YBBS4CT,S,
105014,B08F5JJ5HW,I,
57971,B071FKXHTR,C,
112511,B07TLZ9MFG,C,
65084,0743456084,E,
84432,B005DSH8N6,E,
63988,B077PDKT79,C,
12887,B07BXV728P,S,
2445,B01D46K0EM,S,
91269,B0009H5MAC,E,
100011,B086631KR8,S,
108878,B079T3QJ81,I,
35523,B072Q4QJB2,E,
46332,B07MDF33KX,S,
3186,B009O0CLK4,C,
95359,B00E6D6LQY,E,
109327,B01KIQ8RBE,I,
436,B01CUXWUB6,I,
20566,B00OBWHTJI,E,
53450,B077FS2NM6,C,
99407,B0102776NY,I,
40285,B075X1G11Q,S,
42032,B07JFTN5ZV,I,
108982,B079YLCC3T,I,
70874,B07TYHFH2P,C,
97867,B07X2L7BQ3,I,
35475,B07P138Q1Z,E,
32559,B07M7M557X,E,
66161,B08LZ8NMNJ,E,
79696,B07SRK1F3Y,I,
19610,B014F8238Y,E,
24178,B07MKQ8MS2,S,
17723,B0747BDVPW,C,
49232,B018A39414,S,
100970,B08FTC6CV1,I,
1175,B08S6T5NTH,I,
15254,B00DX6S8QG,S,
58281,B0987PRXKG,E,
81295,B01LYRGY7M,I,
106131,B01I2N6DHU,I,
55799,B019EZM8O2,I,
95758,B07T3CG3F4,E,
96612,B005MQW60O,C,
104332,B08YLZ3ZSN,E,
98667,1606822063,C,
79722,B01F8BY2AO,C,
1701,B06WGNF3SX,I,
10902,B07PS1HWSC,E,
8750,B01H2KX67Y,I,
77442,B08F3F2M7B,E,
736,B005J0WCN4,I,
56225,B07T5GBT9W,I,
15654,0425274861,E,
98857,B076B27WP6,E,
109653,B07S74H92Z,E,
1820,B01G8I7LEU,S,
44502,B0160BC18G,E,
2723,B004PX8BCC,E,
8092,B072LP7P26,C,
91228,B0051IFLAA,E,
62422,B07H7GW6B9,S,
54574,B07JFNKMK5,C,
94749,B004TTDYLA,S,
64858,B01MFA39FE,S,
93673,B0068VW22E,E,
84522,B085L9PN92,E,
102052,0451526341,I,
107487,B001IBF15Y,S,
90847,B012HRGN1I,S,
42217,B07C9SKV4N,E,
22477,B07KVRDGJ6,C,
1621,B0866F4K9J,S,
33153,B07XQ3FP53,C,
32,B00DP4RF4C,S,
106539,B0792PL167,S,
8249,B00RKWAK3I,S,
19324,B00CMHYKNW,S,
23,B08HZ2NLK7,I,
26784,B0096M2510,E,
93619,B08KVYTHH3,S,
71723,0451524934,I,
57003,B07ZCLX88B,S,
113389,B01N5Y7QMR,S,
342,B07P25XH8Z,C,
49812,B00WGIA28E,I,
107494,B000NBEA8E,E,
114703,B00JXI5DPM,C,
56601,B001PJ1RSO,I,
86446,B07XX6732L,E,
103682,B0797LLQ8F,I,
68029,B001EJNMII,I,
83616,B082XJR1NS,E,
74684,B07DGJ8YMH,S,
104122,B07BT2VPTV,E,
71791,B08HHNXW8Y,S,
59458,B00L5YLVGM,I,
37627,B07C4Y5JRZ,E,
40077,B081ZS5TF2,E,
112134,B07YB7HSFZ,E,
70835,B07BP9283K,C,
20875,B08941MYG2,E,
88647,B07B8BSGPL,I,
77291,B07PNMXC3V,C,
14872,B07X539R37,E,
22847,B07Q2MKX5C,C,
50876,B00OH9BLOY,S,
2207,B00DD5EMWQ,S,
40396,B07B75WSFF,C,
14359,B07VQ9YLHS,S,
35125,B004D24818,C,
67351,B0747NLXSZ,E,
82716,B01EI75EOW,E,
14049,B005BEF5EQ,S,
76862,B077HZ4XR6,I,
51223,B016YKL5QW,E,
33286,B0875RJKFH,I,
68403,B08288BMVG,I,
80088,B081KQZ8NN,C,
55261,B01IHFDY2U,C,
14514,B0853CMT5W,I,
105448,B00O5YMB0O,I,
58683,B07GK77Z7C,I,
1201,B08DW4GM81,S,
12274,B076S1W5QY,I,
39184,B089SFWS7X,S,
74237,B07JL8L79Q,I,
110775,1400225469,E,
17584,B07N98QPKD,E,
73769,B07TDVXJXG,I,
68465,B01N063VTZ,S,
83377,B00TTV7TQE,S,
87687,B07PLT22B1,S,
23286,B07MNPRJFK,I,
104839,B00FE16OOG,C,
89789,6075272003,E,
753,B003FIYZRI,E,
5564,B084BX1C4L,S,
50421,B004YWPMG2,S,
97341,B06WLK4357,I,
65482,B07YMLSNQ7,S,
84234,B005OLAKG4,S,
69304,B001I912SQ,S,
110961,B083TBMZJC,S,
39171,B07PBCZ7C6,C,
87709,B07V38QHVV,E,
81933,B08166RD99,E,
87189,B00EE7RG9I,I,
27019,B07BDQ1372,E,
30856,B087FBTK82,E,
83390,B01N037GIU,I,
57653,B06VTR7YRH,S,
37262,B003BSB7PU,S,
678,B071K69XHH,I,
75270,B01N3M1MIE,I,
84347,B0006TPCSA,E,
109879,B07MNZHXF6,S,
24207,B000WYVBR0,S,
20671,B0776VQH3Z,S,
11136,B004Q3QQNC,I,
114855,B06XPTY4BG,E,
46373,B07FLWRT33,E,
63849,B07BFT52Q4,S,
87180,B075MQT59M,C,
35883,B07B68NP1C,S,
652,B07GPP23K9,I,
17494,B07MZQRKNM,I,
93900,B07GKNC1Y8,E,
52375,1594773866,C,
89539,B01KMU4COW,E,
79053,B01HNBW5HE,I,
102838,B07TGF1GQK,E,
60658,0877797455,C,
57741,B074M8S5KY,I,
113015,B0169P91BI,I,
64446,B00PDKO7LU,C,
82257,B00CKFL93K,I,
19913,B0744KTQ9X,C,
20483,B07TBB37WT,E,
17060,B0015DEDEK,S,
104847,B088T66BL2,E,
664,B003TLZXNG,I,
82568,B00SOU5TC2,C,
82036,B07B3K7JR4,C,
33895,B01NAPJOL8,E,
90105,B083DMFX8Y,C,
107160,B00WOENX4U,I,
3945,B00I12NVB4,S,
113128,B0145JU83A,I,
42029,B003X3T85O,I,
61422,B018W1CTH0,C,
4556,B000P9EWYQ,S,
109830,B07FFBNXK7,S,
62156,B07SBDTB4D,I,
55489,B01AXCRBYC,C,
69094,B07QFCP93T,C,
69132,B08M5J7DBH,E,
2315,B07F3QF4KX,I,
100884,B01FHDZGGM,S,
34046,B00ZZPYIVW,C,
105057,B01MQMLRN2,C,
56125,B00IHGJMDK,E,
91904,B004VAGKZE,C,
97272,B01B3BBK94,E,
48494,B00BIPRF18,C,
73497,B009D4CVPQ,I,
85843,B07Z7VRXZ7,S,
17311,B07BT9Y9SR,I,
21870,B014XROYUW,C,
31380,B003EBL2VI,S,
103564,B00CJFA4C8,I,
68065,B07Z3GPB7B,S,
22671,B014I3333A,I,
5519,B0868R7JF6,C,
36512,B07WHWD12D,S,
102720,B01LZFXBUN,E,
44251,B08CXQ7V6C,S,
19125,B0027Z8VES,S,
45325,B07682XJM1,I,
78921,B01ISRBS84,E,
36085,B079T7CXL7,E,
95490,B07M8LMMV6,C,
94197,B07WD5ZJDR,C,
88831,B081V1XJTS,E,
109257,B002UZGCSW,I,
114253,B07G3HHSBF,E,
87033,B01N0S274H,S,
99065,B074MBG4CQ,E,
56819,B07G8BXPJ5,C,
49795,B07K1LLCBZ,S,
23767,B083RJNXXD,E,
36667,B01B12KCGC,I,
65800,B01DUSBJ94,C,
29255,B00D5XAN06,S,
12617,B079P6D4CX,I,
89837,B00144CLSA,I,
24421,B01MSSDEPK,E,
71701,B07H9NTFJT,E,
53489,B07BRYNP2F,C,
63315,B071VK5KXN,C,
5521,B07VMK5NDB,S,
41218,B001F0MD3Q,C,
80955,B07YXJV7SM,C,
3270,B085MZ2PPK,C,
103545,B07F63RX8N,S,
2335,B08B7WY4Y8,E,
63141,B08SJ6WFBH,C,
42267,B009BEO81I,E,
56748,B004P3P2U6,I,
47449,B07RNKHMT9,S,
107911,B07QFY44QF,C,
1569,B00GOFSB6U,C,
101123,B007XE8C74,S,
60720,B01MEG4BFK,C,
75789,B00UXG4WR8,S,
105656,B07495DG2N,S,
8441,B07D2LV4DR,E,
11245,B07B4V2MBM,S,
111329,B074JZL3MB,S,
39021,B088WFSQNG,C,
7877,B07DMYJP4K,S,
98997,B07YVGZPRZ,I,
8961,B07V2C7V1B,I,
93087,B07ZLCRDNL,I,
40436,B07RP8RG5R,C,
28362,B07J1MY4MF,C,
115921,B07TZQ9W7V,C,
81720,B0169FBARQ,C,
57977,B085VMC5PG,C,
105629,1425889883,C,
13388,B002MADJHC,C,
11247,B086XCGMN7,I,
76232,B07JPJ89S6,E,
16686,B07F88LNC2,E,
35388,B0012ZV222,E,
111802,B091FSJWPX,C,
69731,B07YY7N1YZ,I,
48591,B077N8Y5YD,C,
17723,B00TMVAK1C,C,
81937,B07BNJMBWT,I,
55488,B085D9C9X2,C,
108941,B086H7MZDY,I,
63171,B07ZNSPZWX,I,
66201,B005CH0DT4,C,
95732,B076NQWZFJ,S,
92032,B083DX3V7Z,E,
16940,B07PJM392J,C,
52385,B008D2X8C4,I,
53105,B006LXOJC0,C,
91484,B07K48D6B9,I,
63753,B073S2W6PZ,C,
30356,B06XCC9666,C,
47270,B07GXHZFPN,E,
9642,B085RWRRXW,S,
6367,B00AINMFAC,S,
78744,B01JHMVG5O,S,
20675,B01G4A6A58,S,
98219,B07WJVV83H,E,
59651,B000EMXN4E,E,
25671,B072JFGP1M,S,
24142,B006KL4TYG,S,
9696,B081FTNGNC,E,
12522,B088YGRVM3,I,
77059,B01M749CK5,S,
50741,1611532388,S,
61581,B000S0RST8,S,
52500,B088WTMGRV,I,
85571,B00RN8AMZU,E,
14641,B09BVMNTQ7,S,
67330,B071GZ8GXK,E,
7286,B01LYKIAF7,S,
92077,B07T94VRJK,I,
94067,B07ZZ2S8T8,C,
69,B07XYR6YWH,E,
65992,B00E0GS4J4,S,
34202,B008GOCE4M,C,
62430,B00M0OKL30,C,
9228,B07RMJ1PCP,E,
26085,B073F7CVLL,C,
78535,B0077RJCK8,E,
72441,B0861N4NNF,E,
30112,B07K6S2GGC,C,
32874,B06Y5VFVDT,E,
33912,B09BZM5G1R,E,
715,B091FMGXVY,I,
669,B003O3H2G0,S,
88149,B0002DUVU4,C,
82884,B07FNW13P8,S,
73131,B01NCABN25,S,
37776,B07VHCR4RD,E,
102100,B01BROV5ZQ,S,
19476,B07W83VRMX,C,
74747,B07P1XFYJP,I,
54808,B015Q3OQWI,C,
71552,B07PQDFYR4,E,
52323,B008BJN0MC,E,
10707,B06XVRDV67,I,
39610,B07NRCQTGT,C,
89861,B07BTMK57N,C,
43884,B08XMWV55B,I,
112370,B07CKV8CKH,S,
16318,B07DKK6Z81,S,
95790,B00EEEODW4,E,
25143,B08JQHXZHJ,E,
64373,B06XPN6TLJ,S,
97898,B085GMT7H4,I,
87799,B0173EDWDM,C,
60945,B07B9TP6XL,E,
96620,B000E28UQU,S,
44294,B07RGFF98S,C,
27787,B0040YNYSM,E,
69561,B087CVX2FT,I,
37786,B07WPHJW2C,E,
4795,B0893WV22S,E,
75487,B000I9U8IM,I,
84048,B07RD432NL,I,
63809,B077MN8N3K,S,
5114,B084Q7LWT5,E,
109086,B08S3FP85G,I,
81373,B07NZ45J2G,S,
58934,B07K4WPV25,C,
9316,B01L90V7S8,C,
64496,B07MD5L4PN,I,
80959,B09259PQKJ,E,
87435,B00MDH1V06,S,
85500,B0718X28V6,C,
115200,B07SGRJ4V1,S,
45518,B07P3MXRV8,I,
101780,B01N5IC70Z,I,
112370,B00MU27P36,S,
5631,B0969QCDFL,I,
75575,0692978593,S,
62660,B07LGBRPPK,C,
77838,B085XTVD2Z,I,
15372,B00W4E1TKU,E,
90204,B07L192SQR,C,
57159,B01CTUGC5K,S,
103966,B08CHKV6QL,C,
75737,B07WVP9PDS,E,
7117,B00D8GPVZW,S,
27950,B077GL2T7H,C,
8531,B07VYPWD8M,S,
110143,B07MP12V8B,I,
88076,B01AYUFO9M,C,
8510,B07SLR5FGT,E,
69811,B07KGCW56F,C,
39116,B07YFSX6YF,C,
99990,B07DR7WR1Q,I,
90988,B07Q36ZDWD,S,
17743,B07GQM177T,C,
44099,B00V9840W6,E,
56051,B07J1Z14DF,I,
107824,B000E8WIAS,I,
71581,B00H7EN40A,E,
109269,B00418NXBA,S,
94765,B0719H6MVC,E,
22823,B07TXY8KLH,E,
7534,B07S79WGC6,C,
71569,B00VWKQP9C,S,
25415,B07MJBS17K,C,
10823,B00DV6SI3Q,C,
75596,B074PBBC29,E,
25145,B089DSBKPQ,I,
72192,B00KLJA1FO,C,
39559,B07NZRZLS9,I,
71069,B0086UK7IQ,S,
13388,B00GOEZRQS,S,
65574,B000DZKVEW,E,
110477,B083MZYCWT,E,
110187,B07CVRFH4P,C,
114116,B008GV9R2M,C,
68113,B005P0OMMC,S,
69561,B0868LBJ8R,I,
72801,B07QHJ6D1N,E,
79806,B01BI7AK62,C,
25939,B07TTKF554,E,
1465,B07JD5FH9S,C,
96083,B01N189LRK,S,
15001,B07G3K8KCM,S,
34271,B07Z9QFB6Z,E,
80719,B077P2F2SF,E,
70397,B00JLRBB8I,C,
63964,B0002J5TGY,I,
53278,B082X1JWXC,S,
70388,B07PMQ1NNR,C,
103493,B074W56CQ4,I,
32658,B08867RLX9,S,
39988,B07KJQ148H,S,
64655,B01CDKKWKC,I,
84623,B07SHRMZTP,E,
22465,B005WTSEGG,S,
46009,B08L4X6KM5,S,
4167,B01N7KIM75,C,
81172,B071JGCBH8,S,
81603,B07VP67BF7,C,
29984,B07Z8B27B7,S,
110788,0448467127,E,
82720,B00OH163CW,C,
112502,B016MXOY00,I,
162,B07J6NQ1KN,E,
102489,B018E0I01I,I,
21577,B00E4LJD1S,C,
66153,B08CV44CNC,C,
15237,B00YSW16WC,E,
72480,B0119E5ZJG,I,
51551,B0055QLBU2,I,
80072,B07SXWKWZZ,E,
38200,1548100323,E,
93655,B07MPWS8CR,E,
39368,B07WSDGXJB,I,
83948,B07T85V1KH,E,
54854,B098BN78F7,E,
51244,B07H54NZ34,E,
35655,B07PKWRVS8,S,
66423,B07DQBGM56,S,
99227,B00PKRFQK2,C,
75905,B00N4O0Q9E,S,
44244,B07WT15ZQF,I,
36877,1688002715,I,
22935,B06XCMKTYQ,E,
46582,B07HDBNZQB,C,
172,B075JDRXK6,I,
85987,B07MQNYJKB,E,
12815,B094FPTRMY,S,
49306,0692062408,I,
107086,B084YS54P3,I,
32846,B000KKWLE8,C,
76610,B071CPFGJT,I,
92273,B07N6LKXCL,S,
39224,B08FT3YSFG,E,
17977,B087Z6FLK5,C,
12690,B07KYW4BWD,E,
67547,B07932QR7K,E,
4976,B082LZDMJ1,E,
24975,B077YD9DG6,S,
37958,B0006BAKMG,S,
86257,B08WCND49J,S,
76595,B01N9NRX7N,E,
94674,B08CCPR6W8,E,
55259,B01NA74FN0,C,
42918,B07T59ST1P,I,
19716,B07PYK5SMG,C,
13461,B005DVV2AI,E,
61690,B01EXQWFT0,S,
104673,B0834HFR1D,C,
25586,B07ZJVC3MX,I,
84474,B08HGPVJG5,I,
22847,B073HHYPMP,I,
110558,B01NCRJLU4,S,
66910,B00P26X1ZS,I,
22669,B01LY5N276,E,
32728,B08978YTBF,S,
249,B00KGKF2RA,I,
79680,B07V6ZKZXM,S,
11736,B07NPJ6Q15,I,
73577,B07KD8XW5Y,I,
51673,B07MH3TLMC,E,
7488,B07VVB347J,C,
34053,B07GNF5XPS,S,
80671,B077H9B1VF,S,
44041,B07PFL29FR,S,
655,B07X9JQWL9,I,
59,B092Q928X4,I,
42304,B07DKMJ9GX,C,
102835,B07BRQVZVX,C,
94987,B079JN9LJV,I,
51627,B0731QJ482,E,
38485,B07CL1HW3Y,E,
31905,B005HVUUIO,E,
20732,B0783NKKYG,I,
110430,B07BTS8XHN,E,
1498,B07YGV7HFW,S,
89854,B07XD1XD2H,C,
36241,B07VLQK44M,C,
101609,B07LB3YSHH,C,
73389,B08ZXSHJYJ,I,
53016,B01E90Q3DE,C,
66563,B001A5UNB0,I,
17772,B0714CYKBJ,C,
98824,B09B3GH3CR,I,
19684,B084YTYQJY,I,
27957,B07S82HCQH,E,
81166,B076JK8FVL,S,
49188,B07GGXP2FC,C,
80109,B07ZZ4PD1V,E,
88257,B01KJSRPXW,E,
48996,B01MTNAEIS,C,
368,B015G0F03U,I,
2280,B01MR68VU3,I,
92294,B08559H8W2,S,
2709,B01B8AL5OA,E,
70701,B078X3XRD5,E,
96575,B079NZKD9S,C,
69761,B07V8WQK3B,I,
20972,B01B493OYO,E,
104828,B003X009KK,S,
109415,B00000JD34,S,
98788,B00LBPO5I6,C,
46383,B00P5NYL66,C,
67963,B01JQTM0LC,E,
12236,B07JGHCW1V,C,
1763,B07MC9G566,S,
1383,B07Z9PPYSH,E,
17147,B07W84M82R,C,
107923,B01BUNHYJ0,S,
1638,B074NHPRY7,S,
62286,B08CSNQNKB,S,
66549,B07Q6ZZFLS,I,
109596,B012K3O8EI,C,
47980,B078NKHYYW,E,
69193,B00FL2SOXW,S,
78014,B07SMNYZLH,S,
47854,B018427L5C,S,
90,B089LKGWDH,E,
93457,B07CYNCB9C,I,
23277,B01N2LPLAH,I,
55179,B07P5N3DR7,C,
45082,B07YR7FX53,I,
85658,B07CZ2MYGQ,E,
81675,B010KK2ZQQ,E,
85390,B07NZ8JBR1,C,
66423,B087K1CH8X,E,
94230,B083R3D8K1,E,
788,B01DX3Q5RM,E,
113463,B005UOMXRY,C,
60882,B07GRZB5Y9,C,
113380,B08BMS4913,I,
92646,B00CNMNP2S,S,
1014,B07M8D777B,S,
90820,B074RL3GC5,I,
60278,B07QTHXN1D,I,
113225,B07CBV1Y2X,S,
392,B07MY45M72,I,
34669,B00NHXH8D4,C,
32066,B0713YZGKK,S,
23607,B08KTVFGSN,S,
100026,B01770Y3GM,I,
835,B07QDZQX2L,S,
93836,B00EVIJJA4,S,
98080,B06XD3N4Y8,I,
60064,B07HKQCYGN,E,
18326,B00S0WTJ48,S,
30024,B07MYJPDMQ,S,
73705,B07LBYL6XH,S,
12512,B098WX2VWF,E,
78131,B08DQLQDBF,S,
65817,B07RXYBQF1,C,
59360,B07HGCC25J,E,
46390,B084JDRZ22,S,
91047,B07BLVMDPC,E,
62237,B07KNYPBBC,C,
73150,B06XSTTX7C,I,
83880,B07PF68H29,C,
69044,B00005JM7T,E,
47398,B06XCMJ6LM,S,
94634,B018A3EVOE,S,
44041,B08794S956,C,
11593,B005FHZ2SI,I,
33025,B076ZTTPLR,E,
13733,B07ZNH4DVB,E,
109711,B07Q1DVG7S,S,
69618,B011802KGM,C,
96537,B07NHHFBP2,S,
63699,B000FPTENY,S,
63431,B01H3ED4IU,I,
1758,B08L3CN1R5,I,
7668,B076PCJN7Z,I,
52784,B00TA4LII0,C,
90011,B01JEQMBPM,S,
46987,B07ZPCVXXS,S,
17320,B07V7VH9RZ,C,
25352,B07TC3LGX5,I,
74488,B07539DSV3,E,
6156,B087P26XKP,S,
1999,B085F37V7S,E,
49152,B071NYRN86,S,
102871,B07B6V7CYS,I,
96724,B086TTFQSM,C,
62971,B071J3YPJ9,S,
2970,B01G3ZV5WM,I,
48012,B00111N6RG,C,
75859,B00KQMKCC8,C,
2474,B004EFVZJM,S,
115802,B08D6T2R6W,I,
3662,B07CZK523S,S,
73389,B000P7ANX2,E,
12850,B079VP8JLS,S,
34866,B00002X1ZH,I,
71931,B00XZFCVK4,I,
68562,B00B9IYZS0,I,
104971,B014VBGRR8,C,
82054,B07RZ542ZF,I,
42772,B015LCETIA,S,
85573,B004XFYWTS,I,
20006,B087RFKR6B,C,
36578,B086LKSR2Z,S,
59335,B01M0P6RXS,E,
18002,B00E6G80B0,S,
81989,B084D3ZCFR,E,
101735,B07R1TDHF6,S,
43617,B071JSS7JX,C,
113952,B07VVRZDLY,E,
57267,B000WEIIOE,C,
92600,B000BNG4VU,I,
55822,B07TYW7CQ8,E,
80471,B073PYBCSS,S,
63252,B0951HG7YB,E,
2474,B0012ZE8QY,E,
34279,B06Y3QSGWP,C,
53158,B07FK846MP,E,
83416,B0821XD7JH,C,
57626,B0878BKSCD,E,
4230,B07QP6RCJW,C,
80012,B00EINBSEW,E,
112572,B07BL2S75T,S,
29919,B01CU5Y8K0,C,
48202,B07W4PVCKP,C,
108494,B00G5K7L24,C,
56003,B00BV1P4A8,I,
113558,B00I4Q71XG,S,
65752,B002KV1MJU,S,
87730,B072QLXK2T,S,
19862,B07XTWYNYB,E,
15795,B078NLCR7C,S,
56876,B087BG1GRK,C,
61536,B07SSVWD1X,E,
26656,B013PU6Q18,E,
99386,B009IWJ124,S,
27228,B071XSJVH2,I,
105421,B07G5KMTY8,E,
17378,B014T5TNYK,C,
51094,B01M2CUQQ6,C,
32067,B07D2CQWWV,C,
113964,B01BEEJJ1G,I,
40195,B01838Z9OC,S,
39183,B07WR5MGWN,C,
86229,B0087S0SPY,C,
37166,B00XKNT4KG,C,
84148,B01LXRYT4Y,I,
93219,B077H497TP,C,
45299,B01L8JJLJ2,S,
77988,B003LJW68G,S,
13611,B07SC7RWQ8,I,
76428,B07FR1LQNZ,I,
8391,B000BD6E3S,I,
25415,B08H4KJPV7,C,
74,B0017L4PH0,I,
4921,B0040YQ218,C,
94210,B01IT8926W,I,
113338,B07BKTMPRG,I,
69702,B07P19DGNM,C,
7571,B088YL8TG7,I,
18975,B07X64MXBS,I,
63676,B07GK16WM4,I,
80241,B07M62S4BL,E,
104467,B07G9LQFJ8,S,
42597,B002LOKME2,S,
13638,B07FG7NMBM,E,
61407,B07GXBRFBW,E,
9891,B0819RNWYX,C,
104651,B074TS4NWS,E,
79017,B007SWLNAY,I,
73303,B01DUWJCPI,S,
2200,B00CQ8ROYO,I,
115033,B07YRX1QFV,C,
29613,B07YVHPKVY,E,
73040,B00CWY8P2M,I,
13869,B07WMB1LMH,S,
48231,B07J4414S7,I,
39334,B004XWCZXQ,S,
14046,B01BU2ETGW,S,
5504,B01M0A3BKH,S,
7534,B07XT6VCPY,S,
1139,B0727QWPRJ,I,
64713,B07QMTSVSP,S,
37929,0449813223,E,
8613,B084JML1WN,S,
85221,B01IW115K2,S,
56892,B07R53JS2X,C,
18994,B0091ZHBRU,I,
82826,B09222Y5DR,I,
43175,B06XY881H4,I,
879,B082F61Q2V,S,
106333,B07G7PCTDT,C,
47463,B08NDM2N69,E,
107923,B075SRPGTK,C,
57179,B00829HLAS,S,
27425,B002LAREDS,E,
166,B076MR12NM,C,
64637,B00WMESPV8,S,
64693,B087NC9115,E,
70146,B083Z32WLD,C,
59457,B07MG4DN5W,E,
103209,B016FMEZSO,S,
92923,B00V30PFLK,E,
26680,B000PG9BZO,S,
82629,B0015SBILG,I,
57901,B001B2YCQY,I,
49429,B07FKF1KT1,I,
53738,B07FB2L5MK,S,
6429,B072JS92L5,E,
21629,B0888YG5XZ,C,
114606,B01BO6604S,E,
92263,B00BMR4448,E,
68623,B00B92PKTE,S,
66599,1893005607,E,
32901,B00FH692PQ,I,
42830,B07S7DQ35Q,E,
629,B01LZTGCOD,I,
5703,B0793DKBD6,I,
10218,B07D6F3YZV,E,
51094,B0766JZ67G,C,
104071,B08PL4YS9T,S,
105186,B07G9YHWZV,E,
95011,B07Q12KGK7,C,
5811,B074QMJQLM,I,
1892,B01FH583KG,E,
8464,B07P1RN1ZG,C,
15538,B002HEAPZC,C,
66628,B00B2F8BOY,S,
36512,B091BY5FX1,E,
94322,B00BTWSASW,S,
34279,B0912HWFTC,C,
97593,B08BC55K3P,E,
11706,1641526882,I,
84527,B07J4Y5PFR,I,
15233,B07QC7W3S5,I,
95660,B078VBVVMW,S,
12384,B01I76ELYO,C,
20025,B000QSK31M,E,
32068,B07RT7CYZC,S,
7421,B07LH4N761,C,
98164,B0716BYZMS,C,
106859,B077T2SKYT,S,
4309,B07GZ4XCGR,I,
71865,B077MZQJZG,S,
48211,B01BUI0N6G,I,
43939,B07VBMR4TT,C,
2816,B089VHZRHL,E,
19120,B0869JP6J3,I,
55483,B0029LH35S,E,
20348,B07JGRGPGS,S,
72801,B07H8SV8JM,E,
16853,B07CZ163LQ,S,
56346,B08197TSPC,I,
26601,B0018179K4,E,
112425,B079LRYKR1,I,
60325,B0779LLTC5,I,
27832,B006YFCHSS,C,
78149,B00NK0TH9C,C,
100238,B00608XLUM,E,
59281,B01LXX8U3E,S,
63752,B0711L93GP,C,
70174,B00UDIVYPO,I,
55036,B07N4HX852,S,
42631,B00005JLQT,C,
87366,B07Y35ZDYF,E,
20205,B07DKR5WYX,E,
33858,B00BD0UW6S,E,
3783,B07N1XSRFS,C,
77132,B08MDLG32G,E,
96078,B07PL6LDP1,C,
40836,B07L9NQ3FP,I,
95224,B07F7WLT24,I,
64524,B07M773MDW,E,
1035,B01LZ8RP40,C,
432,B003RRWRNG,I,
78843,B003ANKIUG,C,
25203,B00FF5H8IW,S,
92459,B07WP4CMPV,C,
36774,B07H5H84R8,E,
114773,B0135AV5XC,E,
20675,B07MV99L6K,S,
97440,B01KW6H626,E,
70616,B005L0W160,C,
44204,B07NGNQ636,I,
651,B07KGTHDWV,S,
70533,1515114406,C,
64177,B015EGHMM8,I,
115629,B07FF59YL7,C,
115655,B011AJ1JN6,S,
53368,B00DU015PG,I,
110945,B01MTMPDME,E,
101409,B00MWTJ9OA,E,
56581,B07BVR7W68,C,
30892,B07TMNQ1DJ,C,
33286,B00O133T00,I,
11790,B0767JBLWP,S,
47366,B00CIHML1O,I,
57332,B0016ND71O,S,
82320,B07HGMQMTB,C,
8005,B0813XXFY1,I,
101376,B009VMN3RA,E,
65958,B00EWQELJO,C,
1011,B01DZQI9TE,I,
1501,B07CMNW7GD,S,
7534,B07PXGQC1Q,E,
46383,B08BMNF3NN,E,
93019,B074SBBWRH,I,
86425,B076BYHBBZ,S,
113603,B01FGZIVD6,E,
92124,B086784GHJ,I,
64968,B07PNGBJTJ,E,
110730,B002SOR6UI,E,
46578,B083HWY3GF,C,
41431,B07VX8F3T1,E,
28368,B081NJSVCH,C,
45807,B07HX36SF3,S,
39316,B074F56BCD,C,
114673,B07WNWMRRG,S,
101378,B07K2HG221,S,
47701,B01FST8A90,I,
115576,B000NK8MI4,I,
22307,B01LWQ0ORJ,E,
110176,B07KCBQC38,S,
99014,B07GDLCQXV,I,
13179,B01DUK4FFM,C,
18591,B07MYB8NHP,E,
62434,B07T54754H,C,
78825,B01IP0DXGE,I,
112912,B07CN8ZH98,E,
57044,B07MF18PHY,S,
54236,B07BW9G8FG,S,
50182,B001B4CKE8,C,
1745,B001BF1D0O,S,
90217,B07V5CXHVP,E,
7041,B07ZZLJMNH,C,
18297,B06XPHR7DF,I,
88258,B000B55AEA,I,
109772,B08BJQPQQG,E,
22090,B00SJLK200,C,
40846,B07PYP5CGV,C,
58747,B07HSF2BXB,S,
77284,B0002H0Q5U,I,
78109,B08WYL647B,S,
86414,B01F1AJDJW,S,
4804,B07HB1WQKM,E,
41143,B01MR2XKH2,E,
392,B07V1TWBS6,I,
29535,B09F95G866,C,
9661,B07VT7DD48,I,
73588,B075ZY64JG,S,
54066,B086MSTPLD,C,
1015,B07LDVXK4Q,E,
1094,B08VHZDVKZ,I,
101129,B07N3XJ66N,E,
23628,B0758K3X4H,S,
112123,B01LT5ZX6K,C,
59811,B001AMTA58,E,
46216,B082186KCS,S,
26231,B07T5BNF14,I,
30993,B01LWU0SAX,S,
92455,B003JH8T72,C,
22014,B08HPVSS7N,E,
43633,B07HDZ7TVR,E,
42265,B00LMNMO8A,E,
5302,B075MP5BNP,S,
115761,B01HC0I57K,S,
1625,B08ZMKNRJC,S,
75976,B07XPTVY5G,C,
115803,B083TJMDSQ,I,
20028,B01GVS5TCS,C,
23453,B07PYZF9SC,I,
36011,B074KQ41YT,C,
95809,B0017HZ0O6,S,
21077,B07CVVQ2HW,C,
93845,B01JSQ4L92,E,
69819,B002PMV4UG,C,
100323,B07FF84YZC,I,
99109,B07JMVJYXQ,E,
47092,B07GBGT1NF,E,
76009,1712848607,I,
54719,B07515P7PT,E,
12358,B072YV79GT,E,
7488,B07YTWZS7Y,C,
99204,B07K37HKT8,I,
14608,B08X43BL62,E,
1393,B07PCR7LPS,S,
1249,B082S182WQ,S,
45050,B07Y425XPM,I,
89703,B0741TJS12,I,
58256,B086YH42QP,S,
46891,B07M9R44RW,I,
39303,B00TYLSAXA,S,
113750,B00J5HWBXS,I,
53985,B07YLJ55SJ,C,
102139,B00XTAZZ2G,C,
100028,B0006ZTEQK,C,
47201,B002TOL44Q,S,
103,B0016FYDQU,I,
1764,B016NU9LIC,C,
52265,B07X6S73KF,S,
72373,B00NJ1BQZA,S,
84772,B07H8L8RCS,I,
40602,B0721V5686,E,
37285,B08DX5FNFM,C,
29350,B086VDGB9S,E,
19518,B0753F8DMP,I,
8717,B06Y4BGK2V,I,
74815,B081W7JZ2L,C,
4746,B07DX9ZJ59,C,
99806,B078RGBNRZ,I,
110494,B07X38BKLQ,C,
34132,B07KR1X3W7,E,
82069,B0749GN5WF,C,
19133,B07MBFVGZF,E,
51627,B01I29Y344,E,
66244,B076RJZ943,C,
7534,B019BREFE4,S,
90543,B07DDW8CC2,E,
1366,B082V9N563,I,
14413,B00U2VQZDS,C,
9621,B081Q8K9JM,C,
41523,B091KNJ97K,C,
101028,B07XYGHF2V,S,
496,B07JLW6Q75,E,
63182,B00BFWQB1Y,I,
59652,B06XF6J5V1,I,
40541,B018FCZKR2,I,
37167,B079SMBL4W,I,
59080,B08GNS58PQ,I,
112341,0470100281,E,
19862,B07DWBZMBJ,S,
51612,B008BUHTLE,I,
105014,B097315WS6,E,
92208,B07BN6NBNJ,C,
108271,B07X8HYQR4,C,
108321,B0160BQA06,C,
26163,B07W154RJG,S,
112134,B07DMDZ888,E,
67200,B00NY0V1AG,I,
112577,B000B55AEK,I,
44491,B07Z5SC12T,S,
18955,B01M3U0Z4C,E,
79771,B08L7QDH2N,S,
35125,B076146D9S,S,
54048,B07QMZPV8M,C,
70887,B00HI9J3JU,S,
14843,B072MLKDYW,E,
78127,B083HR26B5,S,
860,B07GXK8Y1P,I,
98213,B07595K3FM,C,
105191,B09D8LBBQF,E,
30112,B07TYRBR83,C,
28246,B083QQGQ3Y,E,
76588,B07FMZ95W8,C,
10118,B07FLRHRJF,E,
108133,B07HJ8545T,S,
63823,B010DKX4V8,I,
4158,B0785FXGC9,I,
10823,B00U6AJ0FK,C,
42094,B07TXY8KLH,E,
79868,B082Q5ZVNQ,I,
98857,B011086H8E,E,
51548,B075CRN5T8,E,
72851,B00U5UE146,E,
46912,B07QHG8HW8,S,
63431,B073WGMBVG,S,
14099,B08L9JM11J,S,
80971,B00NHRWBCI,E,
14349,B00IWWBSD6,E,
72376,B08CHJPXFT,I,
44606,B07BSQT4RP,S,
25042,B07B9PS1X4,S,
44657,B07MKQ8MS2,S,
19973,B015IXPRWY,S,
99473,B081Y8PRW8,E,
13002,B01GJGKNTQ,E,
4591,B00I5RLP36,C,
81480,B00NJ0NYFQ,E,
82879,B006IAMH4S,I,
54839,B003TQPRDW,I,
85625,B00KZQ5RFW,E,
110247,B081HZFYSH,S,
103482,B07FK7GZRY,S,
81699,0060653191,S,
12693,B01NH13TYQ,E,
94197,B081PXNWXN,C,
102274,B0936LRHM9,I,
71882,B00YHZVOCW,I,
28493,B07PXN9B3V,S,
63287,B002IC0YLS,C,
69186,B07SL25J5J,S,
35888,B094PY2MGS,E,
56748,B005FMADSW,I,
65390,B0863C2LVN,C,
55012,B099Q2KT58,E,
67577,B00BECIC1C,S,
10867,B07KXHTRT5,C,
75583,B0789XLNT8,I,
10966,B06XW2QLX2,C,
79141,B07KM4YLC3,I,
59666,B001TMBQYC,I,
88731,B01DCBEVC6,E,
19521,B00R7D35TQ,C,
28069,B07N13GJ8X,E,
44879,B01B4ZRIGS,E,
46909,B002WDODS8,C,
3568,B076H29WF1,E,
33485,B0013DXRQ2,C,
75216,B07FFFF5H7,E,
57,B0926VH8DK,S,
74020,B077NGLV9M,E,
39677,B095VVQGGJ,S,
71824,B07BF6WC88,S,
67334,B0776431HK,S,
14099,B07TYRGWSQ,S,
101257,B08887MNKC,E,
61879,B07HJ9126K,C,
92097,B01MRSU3JL,E,
114977,B07YVTZXDT,C,
106108,B00KYYQKBA,S,
114093,B079PFFYQG,I,
49804,B0828TVPFR,S,
78253,B076XPZR8C,E,
22814,B01G6C18AG,C,
52374,B08TTBTT29,I,
1881,B01H74YV56,C,
108201,B0013CM0KW,I,
42420,B077D28PKW,S,
33496,0060987502,S,
94997,B07MBVXFVF,I,
34787,B0155K16A2,I,
81295,B079MLP1S3,I,
84616,B07SPVLK5D,C,
19506,B00501ISJ4,S,
53995,B07DC5PPFV,I,
66130,B07R91W8JJ,C,
86263,B0936H717V,C,
272,B07Q4S8L41,I,
106498,B015RYI9Z6,E,
55036,B07RPZHP79,S,
49823,B000NU60SI,I,
94839,B071R1SKP1,C,
38676,0678452547,C,
12023,B0798JBX8Y,I,
4870,B01A1HL7AI,S,
106796,B089YBG23Z,E,
77900,B00XCZWM7Y,E,
114253,B07NDVYF25,I,
9214,B073TW2G86,I,
86389,B07N98FR6G,E,
59565,B0777CXXSC,S,
99502,B07ZFFGT46,C,
100380,B01N6TCLWL,S,
8763,B000FKK08C,E,
59230,B00IPXP5G8,E,
41553,B08Z41DPTC,E,
73950,B09J1CM1VY,E,
74469,B07VFB4118,C,
1320,B07GXZZM2Q,E,
2545,B07Y4D3P1J,I,
35370,B072YRXWFS,I,
104550,B07K3WFN4L,E,
75448,B07GV8N5P9,S,
99740,B002J6VMPA,E,
40396,B082KSSG8Y,C,
25523,B00M9BGWF0,E,
18400,B07BDPJTLC,I,
81186,B004GZQO8M,S,
105139,B00BUSSRJW,E,
96408,B07N6HC2P2,E,
29873,B07HHVF2XG,C,
75529,B07RG857RJ,I,
65940,B07JHSLYDG,S,
78040,080101882X,I,
53164,B009EDSWJA,I,
70310,B07RWHS6CK,E,
32285,B073YC2F4R,C,
36043,B000GX4CI2,E,
107841,B01NAW9A9A,S,
26660,B07M9Y42QF,S,
42157,B07GJYDF6Z,C,
30780,B07CWF7H27,I,
23268,B01J67T8F0,S,
19913,B07V7R4NGD,C,
101108,B07X2LMGCF,E,
7763,B087JNC5JS,I,
94841,B081TRGDP8,S,
93851,B08HLLQGCT,C,
65752,B00245PTPU,C,
112511,B07Y4W2C1C,C,
50756,B00JF5LRN0,C,
88879,B006W6YHV4,C,
11589,B00KTK293C,E,
7113,B001W039IM,S,
110176,B06XWVD5NT,E,
12343,B0002E2ACK,C,
96620,B002A9J1KO,E,
75005,B077XFTXMZ,S,
33993,B01HFD3SGW,I,
20100,B07JQ88F6B,S,
30744,1442446110,S,
69702,B07F9HPLMZ,C,
69132,B074GRHTC5,E,
39028,B005XGXRFG,C,
29394,B07DFQR6CN,S,
83002,B07HHT1PFN,S,
41314,B07YZM142M,E,
93807,B01N419ETC,E,
110044,B004PBCFG2,C,
62249,B07MLQR43C,I,
91606,B07R4RC9R7,C,
17451,B07R8SJY4N,C,
81506,B017781YL6,I,
47952,B07TT2D4RR,E,
83126,B08GGBSGH8,I,
115032,B00FY0GW08,E,
114085,B089R64ZPB,C,
69103,B01800IHXI,S,
1173,B01GU9V9KO,C,
7842,B07J5FJ8TH,S,
112999,B07CQ8KGXB,I,
106486,B01M8O39TN,E,
52788,B00TG24BF8,E,
29495,B008GMYNKW,S,
75083,B073X8N1YW,E,
75072,B08XVTW49Y,I,
77734,B07B4W5PMB,I,
52375,B00MZKBLCE,C,
641,B078S11QWJ,E,
3783,B00X4WVEOC,C,
76596,B00CBDBV8Y,E,
58850,B07GBLJJWP,C,
3976,B075LTVBNQ,E,
76155,B09B4J6W19,E,
1101,B00O82MJOG,I,
9642,B08CK1KLXH,I,
88835,B082B2HCQS,E,
64691,B009BRPIL4,E,
25152,B0753XS9TY,E,
36657,B07GKY6QV3,S,
50083,B01ECLNOZK,C,
112991,B077CNN97N,S,
93966,B07NQMH5CM,S,
319,B082DZDX87,I,
104038,B0788Y82JS,S,
61746,B083JPRWJ5,C,
103424,B01MYVKA2X,I,
47625,B083JPM264,E,
27321,B000VK2T0I,S,
106453,B07Z5HKXGT,S,
108946,B005D0DTS2,S,
17445,B086ZZXVQD,S,
27021,B06XS85G49,I,
30992,B07C6GD7TZ,E,
4556,B00006WNOZ,I,
68063,B07XGWXQNF,I,
34202,B08R76NBYF,C,
53010,B07SZJX1S6,E,
57601,1506716202,S,
47395,B011PNRBSE,I,
83992,B099875YXW,C,
39080,B01ATEQZ3M,C,
49192,B07KTLNTQ1,S,
55310,B0752T2F4Y,C,
13733,B07ZLX51XY,E,
95663,B01DPW5C5W,S,
37166,B08FJC82YQ,C,
96793,B07QXNCVFN,E,
99988,B004K3MUVA,I,
98614,B07M9XGJTL,S,
9899,B0863878M8,E,
5156,B01N5C424X,S,
91340,B07BNS7T6V,S,
13384,B07V919ZFB,C,
80614,B07YMNVXVV,S,
6010,B097F7C6P3,S,
68465,B07HGS5K99,I,
41314,B00GLL2NG6,S,
11715,B07F2CHSLQ,E,
55211,B07VVJMDT5,E,
68517,B004X2LH9Y,S,
58163,B0149IB516,C,
22175,B01N6HCR5L,I,
717,B092J6YF7M,I,
21100,B000SP02RS,C,
9077,1951474171,E,
68723,B00TG3IZ4A,E,
38794,B07RQ7D6SB,E,
111322,B009DA18ZO,I,
57060,B07RZYRCMN,I,
76795,B005Y6YGEQ,S,
48758,B015ZK6VA2,E,
63890,4896376366,E,
5416,B01GS3MG9U,S,
48501,B07YQ9RGFL,I,
1366,B07SYNH6T4,S,
23043,B07L3WHRX1,S,
1580,B093N53WMH,S,
10385,B06WLNYKDQ,I,
114642,B0773W3MYK,I,
34368,B0075RW2KC,E,
73179,B096K8L44B,S,
5667,B00CQ7ZXX4,I,
77987,B0000VLUEY,E,
104236,B078BMMX2K,I,
47871,B07534Y726,I,
96762,B07PG3P8LX,C,
89328,B011BJYMJS,C,
9886,B07S98S5GF,C,
96058,B07LGVXZ73,C,
69046,B06XS7MN83,I,
1214,B083W63LY7,E,
107471,B01C9JSB7I,C,
57084,B07VL8LJPJ,E,
27186,B001AZKS4W,C,
11987,B09C8GMWB7,E,
42499,B011KEP9MS,S,
57382,B01DNYOKHS,E,
109376,B07ZVQ6QDV,E,
60626,1465469974,E,
55499,B06XSJ5ZCW,C,
1202,B003J69XK0,S,
50539,B00413QTSO,S,
26223,B07MPD3ZPM,E,
55814,B01IA9CHTE,E,
2474,B00JQKSPIE,I,
104839,B07HJVHD3Y,C,
1632,B06XWPJVKH,I,
470,B0018U0A4C,E,
14057,B07CHQBF2R,I,
71045,B005XD7RIC,S,
29986,B07C7LY6D8,I,
55252,B07JRDKT1D,S,
35742,B01LZE505J,E,
113158,B071LJG1LF,I,
36801,B07YWG2PMS,E,
33852,B06XT83NF9,E,
792,B07D3QZXKG,I,
588,B01AC7SF7K,I,
87730,B07YP9VVMM,C,
29534,B09G9GZF93,C,
86108,B07452G89T,S,
36248,B08B4V6HFX,C,
38743,B07C731WPM,I,
20396,B005SAS56S,C,
64300,B01LYCAZI6,S,
1383,B07NYQ6ML7,E,
44287,B0719R8L6S,I,
2549,B096RVMCDK,S,
98722,B01M3URW77,I,
73839,B011A3ZX4S,I,
52234,B083JLFD4Q,C,
113238,B00AZORUFO,E,
122,B06XYH47QM,I,
47635,B071XHP12B,E,
27776,B01EGXW9FK,I,
100693,B008CU2WFG,E,
31431,B0046710KW,C,
16515,B004F9Q600,E,
25761,B07F878GPV,I,
64321,B075329TH9,S,
74277,B07RBPHVG3,E,
1108,B073ZDDTH2,C,
78243,B07FMCC7P5,C,
73163,B01MYOEMF6,I,
40574,B074TC662N,C,
69676,B01N52XD25,I,
4745,B079QCNKX7,E,
17293,B07YZCTKGN,I,
111155,B00LJ7L2JQ,I,
5674,B07PDLP1X2,S,
39183,B0874Q4J3Y,C,
71895,B097XZRM1Z,C,
99304,B01KF0FJX2,I,
6796,B07DWQK61W,S,
31959,B07F6RVLZV,I,
42211,B01IXFQ1GU,S,
69854,B00BSW6RFG,I,
87402,B0000DEW80,I,
106908,B082R3T8CF,E,
110427,B07SG4S7L7,E,
87839,B000KMENJM,C,
91833,B08G8CB6P1,I,
99926,B07J9K4ZRL,C,
36166,B07ZL3SDZT,I,
110974,B07PRP5V59,E,
83797,B085B58NB4,E,
12053,B07PY4NTT6,E,
19505,B001PNIL48,C,
87836,B001JGNPM4,E,
31064,B07V5VHYYJ,I,
1206,B08S7SHRW4,I,
37961,B07L73K4G7,S,
88322,B072N32NZM,C,
52128,B082VZTMFT,C,
17000,B07CZ3SKK8,I,
101832,B01GR01514,E,
84497,B07CX9STN3,S,
93797,B08K2ZPQ9H,E,
27615,B0007ZF4OA,C,
46211,B06XT41X8D,C,
242,B001ANQVYU,I,
2138,B07RL21WRT,S,
104402,B000ANUHAA,C,
64393,B002KJX4Z2,S,
50183,B01LX2XI4U,E,
1584,B07BDJXM87,S,
70721,B00B4PB0RC,I,
104838,B0752T8KJX,E,
50690,B085QGJZH9,I,
1208,B07L88PLKL,E,
68562,B07BNS3Q5P,C,
46519,B07PF2MKLX,S,
29686,B00AW008SC,S,
66135,B08FYPBQLP,C,
108533,B01I31BUY2,E,
60765,B08D5SGY6R,E,
94756,B07V4DH71K,I,
60782,B00SMJO8PE,E,
37153,B07SLPXF14,I,
98853,B01KGZVTOE,I,
45325,B008WCLEHG,S,
25460,B00P89MGYG,E,
5626,B06XCJ11LT,I,
5668,B00NMFM242,I,
115209,B07RC2YQ18,E,
12902,B086D7P8S8,I,
5726,B00OSRS4PY,I,
75468,B07TZPVD7Z,I,
109339,B01N9WAIRZ,C,
10397,B07ZFZPWV5,I,
2263,B08T4R9D7M,I,
78409,B01IHQGWDM,I,
94987,B01NAS2UED,E,
31490,B07M9WGY9R,I,
37941,B07TS6R1SF,I,
1769,B00BP723VG,S,
7276,B092CL82XV,E,
88956,B000NNM4BW,C,
40652,B07S23DYNY,S,
87557,B01AV14L9I,E,
113940,1587434512,S,
15982,B07NSCZGDX,S,
25751,B07P6YH7DP,S,
40024,B07KPLVS44,I,
114666,B003QCI4GG,I,
1396,B071NJKQGB,S,
15332,B07WH98KQP,I,
73894,B07MP3718L,C,
23167,B006WQPQ78,I,
76890,B01G8126C4,E,
107587,B00JVKU7SA,E,
109584,B07F28KNG1,C,
94952,B08YR8BRMC,S,
97814,B004RBYXY2,C,
16639,B083B2PH1S,S,
97397,B07L9WPL9B,S,
10989,B07NRYR6B6,I,
87923,B07P8ZYLDH,E,
70859,B085DB7SG6,C,
180,B06X3TKTBC,I,
55488,B004XXMHVU,C,
51438,B00DDO9ZH4,C,
62402,B07KP4T3MS,E,
109636,B07RRZDR2S,C,
111741,B07JBK8LZX,E,
171,B07V87CNCV,C,
4880,B01FKRJS0U,I,
29130,B00O7PEWWG,E,
29535,B07DFB1SSM,E,
72755,B00G9W9V76,S,
27100,B0021UNLIU,E,
98019,B01G9CTE18,S,
53310,B07R5556MW,I,
58083,B015DK90LG,E,
66619,B00X04XS0M,S,
98582,B0833SL4CY,S,
14930,B07DQT7QTD,C,
76159,B0091OCC48,E,
109684,1259965066,S,
45071,B001BZUHZ6,E,
74918,B07N86LR8M,I,
88276,B0015GVUES,E,
80306,B01N7UIW64,S,
34132,B00895YXY2,I,
65780,B00EVILGFU,S,
93793,B08NRRWCVS,E,
20396,B073RZMSDR,C,
34522,B07WDLWV27,I,
79708,B01HBJ7B3Q,C,
110044,B07YRDR98P,C,
63849,B07T76GL28,I,
114866,B07PRT9R5B,S,
53310,B074T2RQY4,I,
113781,B08QTVBZP9,I,
76642,B07SCX4XTL,I,
109558,B07C3M6Q7R,C,
62245,B01BN0MJZ4,E,
19731,B08B1WRHGC,C,
82925,B0924122TW,I,
108512,B00I9B0GWO,C,
62418,B07JW7GT7H,S,
211,B094CDXTXV,E,
68974,B00IJ7J06Q,S,
35499,B07VZXC498,S,
107289,B07MG5Y5W9,E,
99014,B01M6CR4FL,S,
42322,B008RZUCI0,C,
87690,B01MRD2LLB,E,
97647,B083GQRC7V,S,
72065,B07NJ9KC7Q,S,
35964,B000BTXXI6,S,
74183,B08GN9BTTD,C,
91629,B00MDU9KCY,S,
29400,B07V289H55,I,
31431,B002YLT47I,C,
106511,B06ZYS1QS5,I,
103541,B086ZPHD99,I,
47862,B06XCXR4XR,I,
56735,B004VFMC6A,S,
51646,B07VB5X37S,S,
76743,B07G5Y9MD1,I,
94802,B07XFG3PZ1,E,
22146,B0032MY004,E,
114773,B081JP24G2,I,
98574,B07KYKKMBQ,C,
3580,B00Z05JMKO,S,
57977,B091L44XB2,C,
30355,B00HR0BK1E,E,
78430,B07J9KFJWT,S,
2749,B07QGDXK4J,S,
57977,B076Q7VS61,E,
30113,B07D7GH3KQ,E,
33103,B00B6EAUIQ,E,
52460,B07XP5YSMZ,I,
68917,B01N0ZZ2N3,S,
62408,B00PJSIIES,E,
59811,B000I51LSM,C,
111845,B00BAZ2P9I,E,
32039,B081YXQDNR,C,
99734,B000Q5P6SK,C,
56102,B07MB268PN,E,
1877,B08CKSBTT9,C,
162,B07ZBVYZ7R,I,
8410,B07FQSFL4Y,E,
89861,B07GX5ZBG8,S,
30357,B06XG81R15,I,
76009,1790774713,I,
63086,B000QTUJXS,E,
590,B08F78F228,C,
61759,B07NP7R6GS,I,
105587,B08Y1LFHL9,I,
23452,B07JF54D5Q,S,
22381,B07YF3JB32,C,
114104,B09DPD8YS8,I,
1018,B08D3THHG8,I,
76150,B07KX54LYP,C,
78150,B07B8GMS4J,I,
82055,B095BR2F6P,C,
290,1736413902,I,
1282,B089GLKRC5,I,
63013,B01C4TPL6M,I,
103253,B078S497XP,I,
4504,B000EFKNS0,E,
32160,B07YYJW2PG,I,
96474,1913671194,I,
48346,B085DQC4RS,C,
82709,B07MLRS85P,I,
60762,B078JXT3QK,S,
105361,B086Y8CB4Y,I,
52610,B002D48R4M,I,
112140,B07SB41DQ3,E,
42254,B07CFQL4JK,I,
73187,B01CZ54L66,S,
99188,B00L1ZCN0I,E,
44082,B076B5GK7T,I,
20704,B01MPVZ4VY,I,
53033,B01L33GZPG,S,
40175,B000CP8F5U,I,
70939,B000JFHMVG,I,
24009,B08DSFZBBD,I,
40306,B089WJWQC7,C,
113004,B07T4613CP,I,
72001,B097GZPDPQ,I,
50477,B08M4BZ499,I,
10039,B000QFQ2ZG,C,
17905,B019SKAKFC,E,
92388,B071WCV19B,S,
4997,B00O2XY35E,E,
64375,B004ZIL1V0,C,
47646,B007PN5HM6,C,
53632,B082ZXS7KL,E,
76643,B0832P53ZF,C,
1462,B08ZMKHSJY,C,
20972,B06Y6MK1WP,I,
76342,0830836713,E,
28029,B01NCSY08M,S,
80472,B0849Q4BFD,C,
63141,B07RJL5X19,C,
70230,B08G8QWHDC,E,
49984,B005BE0ZKA,E,
105667,B0768S3TLC,S,
44915,B07DQJ2F9G,E,
76456,B01K6PBNEU,I,
111548,B07GY4KCVV,E,
72906,B07DJX3XJS,I,
58085,B08V17G1JC,I,
81873,B07J3X2R42,C,
104673,B076LXXVRS,C,
5800,B08X218Z4J,S,
909,B01E1PT884,I,
85524,B07QWQ58GG,E,
523,B07PW6T1PL,I,
163,B015G0K9Q8,I,
103482,B08LVXF1XY,I,
37834,B00N5DUT8W,C,
65328,B00I4IVWW0,S,
44074,B07VZM4TYH,I,
95850,B092ZHH6LM,I,
53747,B07Y2BDBBH,I,
98377,B07BND9MW7,I,
50134,B013H08DVW,E,
66054,B017PCGABI,S,
64094,B0088YV0OU,S,
33733,B087PPG2FX,C,
68820,B0194H9HDK,S,
19676,1632531402,E,
25761,B004LKBHCK,S,
82993,B091LCN8JD,S,
105454,B001050JMS,E,
88719,B07YC9JCBX,S,
26981,B07GCDKPJJ,C,
16702,B07HC9VVB5,E,
2906,B07NW93JRR,I,
79397,B01ASIAW4W,E,
114769,B07QD3H5QN,I,
24063,B01NCR6ITQ,E,
46414,B077PVSBJG,S,
88482,B094Z8R838,C,
62649,B07WFDZF8T,S,
47754,B07WMSW29B,C,
1989,B0071HZ5LE,I,
19100,B07NRNBTVN,E,
24700,B07DJF2733,I,
79172,B081QXYLJF,I,
99354,B081ZRLFT7,E,
85059,B0793FPLMR,I,
62728,B07JGBYJJ4,E,
1638,B071DW7HV2,S,
22180,B01EG3J430,S,
94570,B07JZ5W6M4,C,
2943,B01N6LOH7M,S,
29404,B01HC6I6B4,S,
26995,B08PXJ1JJ7,E,
102274,B07R3X7RLF,I,
72065,B0177XXDMY,S,
359,B00WPSE3SU,I,
8092,B07V38N2VM,C,
38755,B003F38736,E,
54066,B07YBXVB7K,C,
62822,B081SZKMRH,C,
40975,B0079LXBK4,S,
102508,0307236994,S,
14193,B07JZFDJHF,C,
47216,B07JQ24JJV,S,
80142,B0873Y5TKT,S,
57007,B08BLHBJYM,C,
108490,B01D2UJVGS,S,
44244,B07KQS84WH,S,
81957,B07QNMCVLK,I,
28228,0793525969,S,
35311,B07CB317QW,E,
80131,B07X98VKBD,I,
7376,B07SNX14ZL,C,
49624,B0811KJ7C3,E,
86128,B07T1DHSWJ,E,
39534,B078RTT8RT,S,
76009,1493636421,I,
40858,B087D3JC7Q,C,
1415,B07PVG3JD8,S,
83491,B01KKP9OMO,I,
65616,B0123J1S60,I,
111643,B07Q7YT3RH,C,
29535,B08XNHDS2Q,C,
14940,B01GIFEGVO,C,
17295,B077KM7DMM,I,
30695,B078RZJN7N,E,
1877,B007Q4MPXS,I,
87671,B001HWMS2S,S,
88962,B0013JPE0S,C,
616,B07KGTHDWV,I,
75342,B07JQYTQDR,C,
68363,B07VK2HN7N,S,
19711,B00PHNFML2,E,
12274,B000923524,I,
84030,B01N4D80G7,I,
106009,B07PRLC3NY,S,
54808,B07X3G32R3,C,
47432,B0772Y5TLY,I,
65561,B07JMTQQFF,S,
65817,B00IBI518Y,C,
74747,B07D8LQVZQ,E,
99723,B01GTG91HG,I,
48559,B08GYG1SSK,C,
87628,B01FGYEYMY,C,
47458,B07V3HKPGJ,E,
95294,B005FI6542,C,
94548,B000LNOT80,S,
17872,0761456864,I,
10203,0973410450,S,
44492,B07H9QRZBT,S,
27756,B0937KGZ7Y,I,
4456,B074W9X7NH,C,
75628,B0764L4LVG,S,
14920,B07Q7GQT72,I,
78843,B008HLQ1T8,C,
16023,B0002H3RBU,I,
88956,B00A9KBR4Y,C,
5701,B07S2Z9433,I,
42999,B08BNNV3JY,I,
100517,B076X7MVVB,S,
74957,B078BR4ZJQ,C,
26910,B0821WXRCB,C,
31589,B07TYX3NQT,S,
19176,B00JBL3C0Y,C,
72174,B07D3VZGT6,C,
115607,B005EV251M,E,
21426,B07LF88V8N,C,
84931,B00AU6AVLW,E,
2906,B00996KQ3C,I,
44462,B000MGR1JK,S,
1279,B01N8VT1D8,C,
113534,B06XFLBNGD,C,
90348,B00Z7TOO6U,C,
98217,B07VRC3F4T,E,
52657,B07FCD626R,E,
86389,B07L87516T,C,
53631,B075LWDX17,I,
45676,B005AQBTVS,E,
83702,B0118F8RQ4,E,
57994,B01LZ6X80T,E,
94089,0961013206,S,
12773,B000BQWWAE,E,
71804,1732596344,I,
67898,B01CB0UPZ6,E,
102035,B002CIMKHO,I,
5630,B07KS15LCF,I,
4928,B003AQKQAA,E,
64905,B0791MGF8K,C,
83390,B08HQGQJH9,I,
48797,B0869379NP,S,
85573,B07R223X4Y,E,
19867,B00RSIHHI0,S,
55353,B00AJNLTIA,C,
14052,B0033K5U36,S,
64686,B0795XSYZC,S,
5730,B015G0EWLG,I,
68433,B07ZF15ZF7,C,
80029,B07N5MJDNC,I,
88942,B08FHN3GQ6,E,
114323,B00YJJ0OQS,C,
11706,1736060902,S,
1298,B073YCL7YB,C,
96572,B00KHX9MCW,I,
56645,B00JXE2O9Y,I,
33109,B00O412HHK,C,
7711,B00FDN73JA,C,
67966,B07VD6YCBP,I,
31675,B081YFB81M,E,
26145,B07TKVW4M6,S,
62561,B08KZG4Y3S,E,
5,B07NZ4T2SL,I,
101971,B017OSRCAG,I,
1158,B004PCMGAQ,I,
3264,B07RVM2TJ1,S,
108324,B079DVTJNC,C,
92077,B07YPSJBMR,I,
79626,B07PBS21V8,S,
106848,B07SZQ8PYS,I,
69417,B005HEAA6I,S,
110961,B01CDUPMJI,S,
87417,B08FRCDZBQ,C,
44244,B086QP5GH5,E,
77442,B08W2Q7DM4,I,
29307,B08V5FX69C,I,
97414,B077NYC9G2,C,
29535,B091F7YJ39,C,
41408,B08469C1QK,E,
29495,B07RK8W45M,S,
110430,B096QWCRTR,I,
69082,B076SRHPS5,I,
41961,B01K07MZBO,C,
112784,B0007YXTSE,C,
58828,B07CJ4T3HJ,E,
61594,B07KBSGPSF,E,
75296,B07P1FX1PV,I,
36043,B0044V7GMG,I,
44906,152095476X,C,
83673,B08J5SCWNY,C,
65483,B000NSV70Q,S,
91473,B00GAAR6PQ,E,
8319,B08PDJCYJ2,E,
73541,B07YN755LL,E,
76232,B071WW7SLZ,S,
69008,B01E93H83U,E,
73792,B06Y2JGDYM,S,
50579,B015HS87JK,E,
78743,B07PFWTL3N,C,
7537,B07KM2BW2P,C,
29633,B01FI6ZDP2,S,
49994,B07W84BC5H,C,
67060,B07X99R1P5,C,
112686,B079HWW5FX,S,
115823,B07F1X2HLR,C,
49409,B005S6NEZ4,C,
65756,B01MSVJVB6,C,
42023,B0711S6HQM,I,
47653,B07QCV7ZK8,C,
111194,B075R8NHJH,E,
29535,B094YBCNR7,C,
41381,B088ZHP7CX,C,
54054,B085M9CLC8,I,
94570,B07GFLZJSG,C,
1,B082K7V2GZ,I,
34210,B003LZ5B7S,S,
109106,B07JCJH6GK,I,
34400,B07SQ3LN4T,E,
99419,B007MCZ7EI,C,
53645,B07QL7FSK4,S,
30122,B0872593LK,C,
35926,B07FF6J7JX,E,
1214,B07VZY8JKL,E,
115766,B00WHA3X3M,E,
26508,B07QC43BXB,E,
30680,B01AXM4WIK,I,
59422,B01M9AR01Q,C,
12339,B00T1F5CSU,C,
88258,B00L14WA84,E,
108256,B087LYT1K6,C,
9689,B084FVP2N4,S,
64209,B07MGKBCWC,S,
104543,B07FFWFKYD,E,
55909,B00HHGSCBO,S,
35573,B002VWJYQQ,C,
59938,B07S3259MB,C,
1892,B071ZPX32N,C,
89081,B07C27FPCF,I,
98245,B07S8S9KCW,I,
96785,B012UGIJ1I,E,
53569,B018K9K0AW,S,
75070,B092VC5SRF,S,
21484,B004QQ9LVS,I,
887,B08MF8LQF5,S,
14110,B07Z8S61DJ,E,
68951,B07BWMSM1J,E,
83411,B0844PGXJR,E,
30356,B07R27JLKQ,C,
1769,B07DBLX4HQ,I,
100197,B01LYK2NAG,C,
12237,B0865R5H82,E,
96421,B002IT5JS4,I,
58922,B074PN157D,E,
18511,B01D8XMIZK,E,
9891,B089QJ98WX,C,
106620,B078952HC1,E,
46877,B07D717MHX,E,
42211,B07MSQLRYM,I,
20829,B018J153X0,I,
19359,B07YBPWM5T,E,
11960,B07GKMSZ1R,E,
31675,B0822T7LQ9,E,
110400,B00004RALJ,E,
106559,B004VLVI0A,E,
99069,B000VRTJI6,E,
67442,B00UVX1LZO,S,
69382,B07BVVK15R,C,
54580,B07MHW5M9Y,E,
84526,B07PWWKBQQ,C,
48478,B009FBGEHS,E,
50547,B082B3S6N4,E,
103157,B01CG8AESQ,E,
82751,B01J2N7IOQ,I,
54137,B07H6RW5W1,E,
1911,B005ESORC0,S,
37677,B01MDLME73,I,
16834,B07DLRWBM2,E,
69103,B075H1W1BG,E,
5547,B0082KKXOI,E,
75378,B072XBT48R,C,
71260,B006RXQ9SG,I,
60496,B08GWPB1H7,E,
7888,B07KP8YQ59,C,
46578,B075G27GB6,E,
103157,B000PTSBKW,C,
53005,B076WFT5WD,S,
83692,B07W64SGBK,C,
109656,B073Z262RY,C,
94808,B073XJCTF9,E,
82121,B0792VCD3L,I,
100398,B07X8FNQHL,S,
104609,B072W2D3D4,S,
750,B095HG6YNZ,C,
79557,B082ZK4GZQ,S,
7534,B086QXWG84,C,
112873,B07BCN3PDS,I,
55096,B07QLPDH8G,S,
6257,B07H1QZT4W,C,
17996,B088P3YRQL,E,
38143,B001EQ56T4,E,
50989,B013HCIPMM,E,
110187,B076SMQKCL,C,
28904,B00CB4WH2M,I,
96718,B07DC3D9BX,C,
5725,B06W55K9N6,C,
99069,B0742R7PLY,I,
26918,B07MP9LSCL,S,
1712,B07JF11X2P,I,
4516,B07PLSJY4F,C,
115842,B00068KAB0,I,
71334,B01N5O7551,E,
31854,B01JGQVQBU,C,
65755,B009USPR7E,E,
3586,B07YBRX8K1,S,
95684,B08ZC5PV3S,C,
102919,B083JMGSFF,E,
103345,B01FIXQKMK,I,
31432,B07WG1DN9R,E,
40,B07FP14CMH,S,
3220,B07RHPKHJ2,S,
27877,B07DPMBGL2,S,
53985,B075KPXTG9,C,
631,B01D8B405I,I,
55326,B07YSBSKVD,C,
76431,B0772NLNH9,S,
54357,B07HKQ61NV,S,
74086,B00K21B47K,C,
112868,B07HMMZ6VX,I,
112608,B07TTCB153,S,
5688,B07S2ZZB9G,I,
61698,B00HEW41JS,E,
8058,B01GE1UCTC,E,
61494,B076Y1RV3N,I,
102715,B0968YTWTM,E,
53879,B086HB336T,C,
25415,B09G75P8ZM,S,
2013,B002YVTSFQ,E,
4303,B002DESISW,E,
81675,B07TP5QQRT,S,
83295,B0054SMID0,E,
19522,B07DHCNFMB,C,
97082,B01N21KQ4I,C,
69067,B00ISCKMVO,S,
91293,B079DD5DTK,C,
5138,B002H0F330,I,
904,B006J2VE1C,I,
34026,B07DF7WSY8,E,
88451,B08KS1VKW1,I,
6957,B002RJLSXA,I,
91846,B07VQG3YZY,S,
14328,B07WFCVPLJ,C,
78842,B0894MDHGC,C,
74667,B08F2PN6CB,E,
51025,B01IRPBFP8,C,
43621,B00CDQA1GC,C,
46877,B00OA43CBQ,I,
93673,B08W2FBTT4,E,
39435,B086VTHY68,S,
27407,B06XKJF4S9,C,
33372,B07FXG6H8H,E,
89291,B0083LIKU0,C,
15805,B004RAK220,C,
94839,B077D9W8DV,C,
1064,B00LUAL54O,E,
113782,192595028X,I,
7104,B07NQ2MSLZ,C,
26984,B001EGMZ5C,S,
99905,B07Y5JG52J,C,
7237,B01DP3V3NG,C,
87770,B07WML1QM4,S,
5065,B07HMJCPTQ,E,
7286,B0817XBW9T,S,
768,B0038DZZ9W,E,
85571,B07R94NM39,S,
506,B01J6REFX0,I,
52316,B07GW283KL,C,
112876,B07FFRQF3H,I,
106511,B07RSX5R48,I,
28799,B07BHRCVCK,I,
32416,B07PXN5K65,E,
44248,B07DHMBHJW,S,
106736,B075754SJP,S,
48861,161745785X,C,
82629,B097HPXHTK,E,
37774,B00DEQDGEO,E,
87649,B01ATRG0KW,S,
68061,B074KJ6C46,C,
70136,B01L457G7O,S,
80072,B07H7RR41F,I,
98835,B07D1C1BK4,I,
17178,B07J6GV7C7,C,
5841,B07WT6RLX9,I,
98685,0310105838,S,
100970,B08NG5B1QM,I,
14984,B07D34W3P7,C,
108452,B097CL71LH,E,
14789,B01LYGXUDK,S,
50758,B01BXLYEQ0,I,
60343,B0171QF5R8,I,
50717,B01IJ9PNHI,E,
69647,B00G31DWYG,C,
99903,B07FVPRBR1,I,
49008,B01LZWO8T2,E,
43939,B07WJKGWSG,C,
100006,B08MZ6VP92,S,
86866,B07M77D5KV,S,
107475,B07ZPKN6YR,S,
16314,B07ZGLKWHD,I,
13798,B091T3H7B4,E,
55123,B01N3VEG0X,I,
56713,B09F3Q9NTT,E,
89840,B07Z5F9VCG,I,
26593,B01AXBGG1M,S,
3807,B07K3MDVT8,S,
47464,B07YXN6R5Q,S,
105871,B08ZDLWCFT,E,
52195,B07N4CTYBL,E,
45702,B07GQHTHVF,I,
25671,B00A6SOJ3A,E,
111085,B01N4FTNB3,I,
13178,B01BO4021M,S,
1660,B08H1X8BJB,S,
11834,B079BB71YR,I,
55568,B00M7A5BSC,S,
7033,B07RQSS24Z,S,
3029,B07PHB7TTY,E,
42392,B07KB86Y6Y,C,
28407,B08ZMYJSXS,C,
23014,B087X1B139,E,
50814,B00NMOKDM6,I,
35616,B08FJ79PW2,I,
73659,B00EV0ON7G,E,
106559,B005GX7DMO,I,
70445,B07JVGHJ7R,S,
81874,B082J88R76,E,
9600,B07WJGF7T2,E,
74121,B00006IFGW,I,
6078,3659436917,E,
95732,B07WHKV5QX,C,
38714,B07S2CKQCH,E,
77876,B000J65712,I,
85969,B01MUK7ZVB,S,
79782,B07PCJQGTJ,I,
74534,B01FO7IG8Q,I,
75607,B00VZ3NJHM,I,
46334,B07ZGF8NRV,S,
59782,B07PXLHZNQ,S,
69866,B09BVV3FTC,S,
65100,1455570249,E,
65949,B0841T8WKC,S,
218,B00IGUDNEG,I,
54066,B07W69KNSZ,C,
29423,B07FRDK729,E,
21135,B0787TRNMH,C,
3308,B08224PMYG,S,
17334,B07GBWN8TC,S,
32980,B07H8YVRJX,I,
86235,B00USLE2K0,C,
25221,B07MQRZ8NB,S,
32698,B0714MCH73,E,
56026,B00023S8IQ,S,
115122,B07ZPQQSRX,I,
40885,B07TPSBNV6,I,
111049,B000Z4ZXI0,E,
3539,B07ZY43CDB,C,
50287,B07PHT5JLM,S,
19571,B08PQ5M1TF,I,
105946,B0002AK6H0,S,
75027,B01MTRAS7A,E,
66563,B00PHVNDZG,S,
2022,B00K7VWHVW,I,
94065,B01F377ETO,E,
100185,B07VXY74DD,C,
93214,B07TVSCVW4,S,
93851,B01F60QZK2,I,
105409,B07DJY295Q,C,
15190,B07B6TBD5W,C,
83992,B08FC6C75Y,C,
88407,B00L4JJP4S,C,
103,B07Q5XFZF4,C,
1139,B00IDCYHRO,E,
18931,B082NZ15YB,E,
23970,B076BSCTVW,S,
25932,B07H2CJSNM,I,
107325,B07XXBQPZL,E,
94817,B0851D7Y5Z,S,
36589,B079B7RCLX,C,
81351,B00005YYE3,S,
70885,B00MWI4F0O,S,
64905,B07TG1C14B,C,
55488,B07SWZQ4Q1,C,
19526,B01521TVR4,S,
62254,B07DGHDMQL,I,
4746,B01MT0Z63I,S,
95905,B07KVY5YDR,E,
52426,B06XPWZLDL,E,
104752,B07Y2HQ8Y4,E,
74366,B07NWBSZKG,C,
54574,B07L4DQGDF,C,
36143,B0023BYU1Y,I,
16328,B07VSNYHGT,E,
40313,B017QSTV8A,C,
1441,B0785JVT1S,S,
33513,B08XHZLRQB,I,
3007,B07ZSC4T7Y,C,
24526,B086W88CR5,E,
100075,B07PKMXRFT,E,
106147,B09154P3P8,E,
109906,B002RT8M9I,E,
24994,B0050JKS26,I,
36839,B07VK1GTSS,E,
25658,B07ZH7K5NP,S,
64905,B007QEAU2Q,C,
102588,B0795DP124,E,
70671,B0851RQF49,S,
3776,B075RNNYBH,S,
101694,B08JSF8L44,I,
45802,B07D5JYC8P,S,
14649,B01M6ZFFX9,I,
12339,B01L5SOT0M,I,
36281,B08D71PVXG,I,
69244,B089Y5K2KB,S,
110380,B088TSR6YJ,E,
36367,B09J17GVZ6,I,
2685,B07F1KGWSN,S,
50055,B07GDQX1CM,S,
104402,B07W3C22K6,C,
72155,B00WDS87W0,S,
71859,B07WH1YW8F,S,
42316,B07ZQ2YH56,E,
111159,B07RRYX7DM,S,
26382,B0813BXC6Q,C,
41596,B0126EN5NQ,C,
109985,B07F44ZXS7,I,
53465,B01K7XKN8I,C,
73783,B07FDJMC9Q,I,
11314,B074L83872,E,
30734,B06XHVKMZM,S,
46332,B072DYYQ85,C,
83396,B073YCBNDW,E,
59791,B079L3WBDN,E,
85059,B002ON517I,I,
97837,B00K8I0W7U,C,
65124,B07DVW9NZL,E,
3969,B01B45UG1M,S,
91545,B07JBYK2NJ,E,
111607,B07DGV6BSY,S,
23739,B0828WNJXC,I,
80044,B089WKW127,S,
75885,B07P6MXJVW,E,
146,B07XYQC34X,I,
71437,B07W4XN8TW,E,
21208,B07D1J88CF,I,
9799,B07D11946L,E,
26389,B077W8Q3QT,C,
111931,B0774XBXN6,E,
47438,B07JR2RBGW,I,
14816,B06Y2DJ73S,C,
84575,B07FMTZSBX,I,
37027,B00E0J0LSI,E,
74206,B083HRTNRX,S,
63296,B07D5S54C6,S,
52375,1250209056,C,
48254,B07CWJKKP2,C,
49726,B07HF47RV9,C,
86989,B00A36MKUO,I,
49911,B00GW97WE0,I,
54001,B07Y1JPZYP,S,
68538,B08JPGMK2H,I,
114875,B07X8RXRG4,E,
59040,B00JMMKY2Q,S,
61698,1632365324,I,
31629,B07VKXP52R,E,
50083,B0083H1INK,C,
1857,B083R2HPJ7,I,
5691,B07DK6BBGF,I,
11647,B079DDN98K,S,
46674,B07B2HYJ7K,C,
51384,B07T8TPRT7,C,
39604,B07W94QLKM,C,
265,B01E3GJL8S,I,
68399,B00KTZELMY,E,
4569,B077MRM4V1,S,
12723,B07QH353JY,I,
36117,B07Z7YMQYT,C,
91934,1404876960,I,
21197,B08KXKYYZF,C,
111199,B074RBDF7Z,S,
38989,B0849W2BKZ,I,
32463,B01MSS1ULO,I,
61581,B072K1N6PN,S,
78873,B07SZGG2HM,E,
35146,B07MGGG5NB,C,
88647,B07212DK9F,I,
89861,B000HCLNQG,C,
60500,B01J3OCKOM,C,
35354,B077ZVVZ52,C,
58159,B003XJCEMM,E,
120,B081W9PZSK,S,
57569,B07N71MGZF,E,
50595,B07F1HHKXX,E,
74433,B0992BVZBJ,C,
115013,B017VV3KQG,C,
8527,B01MTOMIB4,I,
53098,B08P3ZH563,I,
57977,B07YKM6R37,C,
109085,B01MT01SB1,C,
1459,B07CMT1HDX,I,
47625,B001EQ5NHE,I,
101756,B073SB8DDK,C,
74794,B007MZXOZY,S,
81093,B001TQ8MSQ,E,
87600,B07VZ2YBLL,S,
65575,B093GVW58W,C,
22329,B07GRLQNGY,C,
24750,B00U0JIOLI,E,
39726,1442276231,I,
17802,B003AQLCI0,I,
83295,B01EM3M7XI,I,
1341,B07TVKHFWD,E,
70612,B07C1V5Q62,C,
26802,B08MDM93D1,C,
799,B01N94C4T9,S,
24016,B07V3G4MMQ,S,
57342,B07B4PRGX7,E,
111445,B01IDLQKJM,I,
619,B00J40VLI2,S,
40388,B07TZQDL6W,C,
68008,B07GV4295J,S,
23547,B0012UUP02,I,
87910,B076TTQS4W,E,
14709,B07MDL9GN9,E,
98613,B07S3Z6N7C,C,
27764,B0013TM9UQ,I,
37654,B07TTWL2YV,I,
81650,B000DZ9XGO,E,
17106,B07GWRZ8QC,S,
14303,B0748G8756,E,
15694,B07HYWJ7T2,I,
88821,B08CZ27QYR,C,
109643,B07NKGRWWZ,I,
89516,B078M6TQ87,S,
14326,B075CWJ38D,C,
857,B07L4NYST7,I,
3520,B003FQXJV8,I,
99912,B07GVTCS94,I,
82716,B08NY8FQKR,C,
85920,1601449364,C,
72561,B0198WJYXY,S,
109847,B075XLWML4,E,
74878,B00996GRFI,C,
1694,B088MF1TTF,E,
19804,B07WKDKMKP,E,
99752,B07XXV9RWB,S,
107289,B07JNDW5H7,I,
33047,B07QK31YMV,E,
87954,B07PPD2Y5C,S,
25586,B082YV8L2H,I,
1369,B01K8RJ5GY,E,
109453,B000J6A85M,E,
36537,B07XP2613H,E,
93779,B07QR3592N,I,
7028,B07D1YR26L,I,
113401,B07D7LNLZ1,E,
64148,B07SG74YCK,S,
91966,1607057514,S,
34077,0789410702,S,
24525,B0828QG563,S,
66017,B0050SYS5A,I,
60325,B0030A5G8S,C,
33087,B07GR6N3CQ,C,
58860,B09DSZGK6X,S,
16318,B0823F3WCV,S,
102716,B00C9K1FNK,S,
59281,B084W33VGG,E,
97945,B08MPS1WRT,E,
98080,B005RK6EU8,I,
14592,B07MZRH1H4,C,
48158,B01MUJGF7D,S,
2161,B003WWV5KW,I,
1872,B084DX1P8J,I,
1305,B07JZHFSPW,S,
62608,B07S1PHGNH,S,
75426,B07M9TC697,I,
611,B085B6P9WP,E,
66878,1444722212,S,
76407,B01MZG9SON,C,
22146,B0008G2W2K,C,
64216,B00TF7LZ3K,E,
63636,B01N41USFK,E,
35800,B007WH7S4A,C,
34004,B085QGJ265,C,
8598,B00WI0T5AQ,I,
109022,B07SY7XTK9,S,
38462,B082P8VPKP,C,
33800,B07S3XSZ94,I,
46314,B01MY5H6L8,S,
93114,B086PMLXRK,E,
74991,B08KFMRJMC,E,
7237,B07Y7XHV54,E,
9760,B07W3GDZM2,E,
108409,B082XJ52MS,E,
52009,B086WP26XH,I,
31543,B075QJM39Z,S,
45028,B08DP57QF5,C,
82111,B08GVSVWVM,E,
38786,B07QC3XQHW,S,
50994,B007AFP8HS,E,
59360,B08RSJY8KZ,S,
81779,B00ORK11G6,E,
1300,B07Q5CD9ZS,I,
33956,B00TTZH8IO,C,
95849,B0734R77CP,S,
23062,B06XGS3ZD3,I,
96153,B07VC35HRB,C,
57407,B01NCAECG1,E,
73885,B07X5VTPGJ,C,
91525,B07GT92SGR,E,
1498,B00QKS3Z30,I,
48708,B07SFCK2KT,E,
10437,B0757WW6KB,I,
8319,B078X5BC5T,C,
104146,B01FM52UH8,C,
741,B071YNNS5B,S,
71,B096ZWQ74B,I,
29227,B075VGN4M1,C,
643,B06ZYRJVR3,S,
32674,B07D9C7SQH,E,
1378,B07J58CXJY,I,
15817,B07CXJ78ZM,E,
41108,B071XDRQWP,E,
92834,B019A0F1HW,S,
41709,B010OV9KQ4,I,
54423,B0873BT1YX,C,
111520,B07R8SJY4N,C,
11030,B014GC1VNW,S,
15229,B07FL8YMFK,E,
74329,B07J6MMC3X,C,
88639,B0721MY155,E,
31278,B08DHYTK11,E,
98585,B07R5RZNNG,E,
5857,B004TQNNIW,I,
103685,B07FT4CRNH,C,
54632,B07Y79QN7K,C,
7878,B082WBNR9Y,C,
47438,B08PZCS831,I,
115907,B001ASAT48,I,
93635,B091CNWTCY,C,
21426,B07TBSGHDQ,C,
10024,B086BFRCTZ,C,
102647,B07H2LQ9QS,C,
112140,B07THHQMHM,E,
9877,B08T662Q5J,C,
43588,B00EVOO9QW,E,
65491,B0089P7ARY,I,
53823,B00X5P8BJO,E,
55977,B01MRZK2M9,I,
100718,B08122QT2M,I,
11824,B013ERQRAW,C,
105702,1481492209,I,
47862,B00400B7RQ,I,
18893,B01BCP2CRU,C,
87122,B01MUEYFED,C,
93328,B07SL6BFWC,S,
75589,B086GL86KK,I,
68346,B07FF699WX,E,
90013,B07GK35P2C,S,
86231,B07DR996H1,S,
53193,B09938GQBD,C,
86993,B0114OV6TE,S,
79496,B07K8KJHM1,S,
68102,B010JGKK90,C,
9700,B0773LP36F,C,
56379,B07K1FLCYJ,C,
1657,B07WV7J42H,I,
69456,B00KH9PR48,S,
12236,B07QFVHRTT,C,
104543,B07FWMJYZC,E,
41216,B00G5K7L24,C,
27463,B01996APCI,I,
14920,B07HGN2FMY,S,
7045,B082QXN4Z1,E,
3328,B0727RDXRG,E,
3061,B01BWA2CGG,I,
62170,B098LSKJHH,E,
10180,B019ZGH2LO,S,
115238,B0743KT8SR,E,
111647,B00YI79BJC,E,
52237,B07VJ31576,S,
66712,B004T4LYEO,C,
66054,B003R9XW6U,C,
90533,B078H9GNKY,E,
86527,B07MBMVJ4R,S,
68532,B07CJ393N9,C,
50405,B00QZ2OQ8E,I,
36774,B01M0AAQ6A,S,
94997,B0842Y2DTN,S,
106723,B077FH46DS,S,
51185,B07VZVKJYD,C,
34368,B07VJL5P3F,E,
104832,B0924WS8PZ,I,
105123,B01N3MNDKA,I,
42029,B073Q8GD4K,I,
85914,B01LYCHX1I,E,
103475,B00BR3WWY6,S,
103966,B08CHK2JY2,C,
29745,B08B33JBLC,E,
50768,B07FZ8S74R,I,
54849,B077YBJHX5,S,
5890,B07RL93F7T,E,
71876,1891627805,C,
61769,B07D5YQGZ2,E,
69315,B07BDRFMZK,I,
84539,B089NQXFY8,I,
83062,B004HF06M6,I,
23437,B089QV2MVJ,S,
104775,B008CE0W5Y,I,
75072,B08SK37GKC,I,
11568,B00NLQXXDQ,I,
66397,B0077S1MFA,S,
83295,B08BWJQSDB,E,
39145,B07H5697GN,E,
37361,B088Q6WDP6,I,
3411,B006LZNOKG,E,
3945,B00OPSN59Q,C,
61110,B00BSB2C4M,I,
95510,B00PGXQ68Q,S,
99502,B0084I2P76,E,
102547,B07FQW9K4R,C,
50540,B07LF7GVGY,S,
6784,B07BHZG7FL,E,
60721,B073DBTGVV,E,
57933,B01DCD4DHM,C,
5575,B01N77YEDM,S,
104211,B00B29CI4Y,C,
18042,B08BFB7WRD,S,
15119,B07P7Y5G5B,I,
2056,B078GJQGYQ,C,
46938,B003I86PJ6,S,
102584,B00ZAZPJM4,I,
59666,B08DHQKG55,E,
88442,B075CKWK34,E,
66712,B01M021YF8,C,
32830,B07K4XKGDG,S,
11961,B0722YFB5W,I,
63842,B00ECEAHJE,I,
73354,B00JX12K5U,S,
76612,B015SH8OF2,S,
20972,B00APOPOKC,S,
10982,B003V8B5XO,E,
11245,B097DQQKNF,E,
112015,B074SFM7BD,C,
82036,B0827VPL24,C,
82188,B07N1TZ17Q,E,
53196,B01GD4XPCQ,S,
111453,B07Y34K28Y,C,
115187,B00LFCE332,I,
16024,B01LFYCIPE,E,
40957,B018UIA8K0,S,
26430,B07P37FLBB,I,
81893,B0085YRWZ4,E,
90400,B07SV8X6TN,E,
46479,B077GDFNDN,S,
80598,B07VFG2HQ2,E,
853,B08CXRD3YZ,C,
54574,B07FK79CPG,C,
78247,B07GHGKF9B,S,
81603,B072JPR27M,C,
40071,B08N3STLWM,I,
1660,B083SH3W7T,C,
56995,B088R2P9JW,I,
114606,B01N1UXH7S,S,
79847,B07YWY91RB,C,
338,B07BWYSQ66,C,
26750,B00Z7ST060,I,
113421,B07CV4BYJK,E,
40938,B06Y2H2GTR,E,
62153,0857839187,S,
108732,B015X3QBQU,E,
17388,B08LNFTY19,S,
9891,B075WPCSHK,C,
7908,B082X1HRV5,E,
60321,B013QD7Q04,I,
2796,B000I1PO4I,S,
19476,B07X9C1NF2,C,
29690,B017OW2VH6,S,
9467,B07KL64RPM,I,
64371,B08BW1424L,E,
68261,B07PS21YML,S,
2689,B003PI6VMA,C,
66643,B078K93HFD,E,
39369,B01M5J1551,I,
20917,B00G5K7L24,I,
17163,B01MU8ANS3,S,
34522,B00CJQ56AW,S,
77985,B07KZVC7B5,I,
82621,B07H9WD3QF,E,
3976,B07DLQ2CQT,S,
91356,B08XTGT9J1,I,
107154,B07PK4D1Q7,I,
82951,B07NXDWZ9C,I,
42640,0345487656,S,
42322,B07VBSWTMH,E,
38,B0148BC9BE,C,
71611,B095G2JD48,E,
11942,B075LDG88R,S,
5305,B0797PR84T,E,
105705,B00HSOU6KA,E,
60873,B08KZXXZ5M,C,
61061,B07K6C9KNH,C,
60635,B081YXV5M3,C,
22477,B07XF7L31F,S,
44879,B072LNKHBB,E,
51527,B089XZLMTB,E,
12339,B07VFXX639,I,
42999,B0091R7TES,C,
65027,B071KJBZ81,I,
66723,B00LGLHU3W,E,
97071,B07VKBVDLP,E,
92900,B072L3QPS5,S,
112355,B08QR7WZMV,S,
66184,B07GVGYZX3,E,
90348,B07NLLLXNX,C,
51647,1943874964,S,
72473,B07PPFSGZC,C,
94817,B087CVF3ML,I,
85442,B07H4DFJ7K,S,
65173,B0867C142R,C,
46721,B07G2YR23M,I,
108099,B0854JH6WQ,C,
55084,B00XWNGFG0,S,
65824,B00GY9ROVE,E,
46168,B086VNJBMZ,S,
81699,B004TS2OY4,E,
40505,B01MSPQ4TL,C,
43685,B07YNY2CWW,C,
98113,164558495X,E,
219,B08BTGXJJZ,E,
19301,B088D6VLTH,E,
83051,B005T3GQ0G,E,
99973,B00WHXQIJA,I,
46616,B06VW6JF1D,C,
54182,B07YKHJ9LJ,E,
63971,B0777SQPMB,I,
49829,B00ACIHDT6,S,
21417,B0851LRH9F,E,
95660,B00MB6VJYM,E,
4230,B00O4D1F44,S,
93779,B088RM4W48,S,
67638,B07MJ5G4RL,S,
36500,B002YPS1KK,I,
105441,B08PC7TM1N,C,
11777,0316475149,I,
23757,0062090291,S,
32039,B07MXBSSFT,C,
87534,B01N5VVUIP,E,
470,B084288QRL,C,
36236,B082DK8QP9,C,
10329,B07D5JQS2Y,I,
63808,B082DKZ4S3,I,
5647,B0756NW1KV,I,
43134,B01LWQA2QM,S,
72957,B00RWV53I4,S,
56251,B00Q3CHLCE,S,
50184,B00EYMWQRA,C,
82247,1787410587,E,
102140,0395764815,I,
19787,3433030081,I,
16295,B00UM4FL1M,E,
67678,B0932V8T65,E,
33422,B005MQRI7U,I,
13249,B06XQ32555,I,
94925,B078JCZ7MX,S,
54032,B07KKL5KGG,S,
8442,B000WTGC2E,E,
103485,B07X3M9SW2,C,
69066,B000H5T68U,I,
77838,B086PWHS6L,S,
78001,B07BK4DLXS,S,
105052,B01GX3DAO0,I,
36015,B0067NJ9JM,S,
53212,B0023SMJL0,I,
75083,B07X117LPR,C,
85862,B07HVT748J,I,
40175,B01BU3SAVQ,I,
42895,B006SRTGC2,I,
98349,B08G7Y11P9,E,
98377,B00KWX7SRI,I,
17222,B07WFGBGWP,E,
52110,B075LRZC8L,S,
83589,B01M4N8ABR,I,
91347,B00834K8PC,I,
62156,B07MMTHWYN,E,
99740,B06XQWS1H4,S,
85401,B0723BH2DY,S,
50184,B01N4AU7KA,C,
13657,B07B6NP36Q,E,
5293,B01DLDBJZM,E,
68960,B088F6LKZS,C,
18931,B0100R3MVQ,E,
85040,B014LAIYB6,S,
48652,B098L7FSKS,E,
552,B001KSEHBE,I,
32039,B07RR1ZK65,C,
51755,B083ZY9FJG,S,
7570,B07SKLLYTW,S,
98569,B003GDJ1GC,E,
69081,B000YGGY3C,C,
34142,B0006IX87S,I,
41125,B07G4XW4R1,C,
40195,B01CEY47P8,I,
1296,B07TXM1STH,S,
90767,B00F03EPK8,E,
171,B086QXZN3R,C,
5783,1597754269,C,
80930,B071JT4TF8,S,
63307,B07YFFK51S,I,
54341,B07P29XP4K,C,
28620,B07CC2KK32,S,
68939,B01C8CVK06,E,
97597,B00LLSDLOM,I,
56900,B00M078UZS,E,
75674,B008MEOBKQ,I,
49145,B07QD5527X,S,
47005,B00AEL5ENS,S,
45691,B002290VWE,S,
195,6305019681,I,
9316,B01D72Y8O6,I,
76838,B076CQ1NR8,I,
37114,B083Q5NY6W,S,
99905,B0876Q8MQS,C,
11435,B0168KUU46,S,
6836,B004BTHXJM,E,
3074,B00CHQ8ADY,S,
40752,B08CHG24RL,I,
67367,B07RPTJLSH,S,
109094,B00I4XMEYA,E,
112358,B000JJV1FK,E,
43617,B07FP5X2TY,C,
109711,B00U7BPK8O,S,
74454,B00EZNQSG8,I,
51151,B07VPW91NV,E,
52081,B07QYF27GS,I,
44301,B07BSSX9Z6,E,
28334,B07WNGN9X4,S,
105328,B077XNNC97,S,
110745,B07622VSV3,C,
14314,B01NBBZOL4,C,
66339,1476762716,I,
29919,B01CU5Y6KM,C,
98845,B071FH59SD,C,
9969,B0776LQSXW,E,
114858,B07L646TWT,I,
92040,B07RCCTBD7,S,
78248,B07Z8Y8GLD,C,
59822,B08V8DK7FW,I,
113105,B07DWQK5C9,E,
57385,B07885BX42,C,
83411,B072FVQNWM,C,
2723,B09BTQ8VYP,E,
111740,B002XLWE3K,S,
57053,B083MBNP44,S,
110730,B0029NM9RS,I,
64038,B07CMSL9XK,I,
8802,B00NAGDER2,C,
221,B07SWHLG2G,I,
77059,B079YMX2J6,I,
50964,B01MQKFHEC,E,
56748,B004KAQ3RA,S,
900,B0012SSWKE,I,
46155,B0062IJVY0,I,
32216,B00SXO4J84,S,
37478,B01N35UG7I,I,
3087,B00F4CF39C,I,
37051,B07RN977G2,C,
29096,B01L2F26NU,S,
8121,B07HJBSQ3S,S,
52890,B09BYJGJ89,S,
65526,B07F85C19W,S,
114798,B00SBQELQY,I,
10380,B01LXCQD8L,E,
103082,B01AKT6F0E,E,
40752,B07Y5NBTX9,C,
27146,B00BLQTGNO,E,
90847,B08JD13LSJ,I,
39688,B0788S8RLD,S,
52983,B07R12DZQ9,C,
26674,B006TIM1IG,S,
29065,B09F9J5T3N,S,
36244,B07NJ2F41N,S,
100062,B07D8ZJYPQ,I,
19228,B08SP5GKGK,E,
113285,B084DWD3YM,S,
36153,B07P2JTR13,E,
93075,B07WMNYNH2,I,
31186,B08DJ46F7W,E,
49552,B07RS9DKVB,S,
12772,B078SFC4S4,C,
1082,B078RHWMSV,E,
45920,B094N51Q76,S,
36516,B074MC6HJR,S,
3568,B0962WNFN2,I,
69947,B007E2M3SO,I,
53368,B00A51NFK6,I,
109975,B01CS8H2ZM,S,
115033,B08L4N52YX,S,
39287,B01IDKYNV0,C,
2212,B075M59ZB7,S,
30594,B01GL0MP9Q,I,
32658,B087JT8TQN,E,
32301,B08CMSZ8GL,E,
8194,B01E7KBXWC,S,
11748,B07PGLMG5N,I,
11616,B01GGIL6MA,I,
86489,B00IKJ090E,I,
73007,B01HMO4DH2,S,
157,B08SR83997,I,
12307,B07663TBC4,I,
30856,B096RW14WP,C,
57685,B07W71FKQD,C,
84761,B07X33WWBR,C,
106914,B01MQMT7VJ,S,
46428,B07VXB93GF,I,
1779,B07ZL33DJD,I,
65817,B0846VRJV8,S,
88821,B00820HDK0,I,
105965,B0829LW144,S,
26178,B001B4TV1I,S,
3093,B07TSC57DF,E,
102384,1612002579,I,
71260,B007Z9RB3I,I,
88088,1641523697,I,
14608,B07NF17R88,S,
29719,B0008JF9N6,I,
101178,B019FOO598,I,
115006,B005LXEDTK,S,
115671,B08BHWM42W,E,
115722,B00PSLJ6LU,S,
73086,B06Y2XLLR6,S,
87681,B003GXFZ6M,C,
58228,B081Q4XB9R,C,
58116,B00TXRDA9O,I,
102384,B01CIM8ZFY,I,
33034,B00PS2HWQK,C,
48595,B0797MPPZ3,S,
10024,B08CMPF1Y6,C,
67839,B07MDKM7R8,E,
42827,B07PPCVFQ4,S,
101960,B00YCVC83K,I,
1515,B0847G3CCM,E,
115725,B07BNRJCFL,I,
89871,B07D6PXT7H,I,
36578,B08VHQHPSB,C,
61913,B07DLHCC1S,E,
75866,B00119SZOW,S,
85777,B01J7AYW7K,I,
751,B002HQGF4A,S,
6442,B00008L3UQ,E,
69042,B000Q9ENWG,S,
2828,B001PYSUP2,C,
42596,B001SB0A1E,E,
46405,B01HAV98D6,C,
65016,B001F0H10G,E,
68345,B07VSNX25Z,S,
76872,B074Z68FZ4,I,
7885,B07SK1XZCF,C,
66488,B00QVPFH8S,I,
115889,B078YLG4T3,C,
60631,B0749K8PST,I,
109831,B07PMKFBKF,C,
4931,B074J7L8L8,C,
7237,B008HP25IK,E,
32901,B0861WGB1K,C,
28787,B01N4R5UJE,I,
38033,B00S1NSXJI,C,
14166,B07SSLD42M,C,
49854,B00R0OAZ5E,S,
84832,B07QDRM282,C,
4309,B078Q3XC84,E,
38497,B07YZQFD95,I,
41216,B004C43H14,I,
67662,B07FLWHBLS,E,
106078,B085626HSG,E,
5761,B082YV82RR,I,
11832,B01N4H4U2N,E,
31813,B014LQSY2E,S,
58526,B07KX5Z9FZ,I,
9829,B076RXP5BY,I,
63063,B076Q9QFCB,C,
55729,B08KZ7XV5N,S,
85500,B07CCGD3MX,I,
80960,B07D2X5ZYN,E,
107494,B000CQOIVO,C,
53637,B07QG5HSTT,E,
30169,B07CZWZ7PK,S,
87799,B099FK72PW,C,
9700,B0829H54H2,E,
32168,B014JYY7CE,C,
65575,B081CCT8NM,C,
85311,B07C9SZK7T,S,
94060,B0969RRXXC,S,
87915,B000VK873Q,I,
73078,B075R6YZRP,S,
75754,B08PTKVZ45,S,
57560,B00IBORY7Y,I,
111264,B06ZXQXHZ6,C,
3590,B077J8R84V,S,
68331,B000JM9UM8,C,
80782,B00DPER1J6,E,
2142,B0796R1V7B,E,
57084,B01ADATYXU,C,
72001,B078NYCBWX,I,
52712,0739049038,I,
45858,B07TDD3DQZ,E,
64746,B07TMHVMWR,C,
56378,B06XXD2Q5N,C,
7604,B01IEF2IR0,E,
105347,B00699WCUM,C,
19497,B00BTPYJGG,C,
64655,B082L4HM3H,I,
4497,B00EZ5I1TI,S,
799,B00L9X6M6I,I,
108641,B0983QTBSQ,S,
28645,B08323MMYC,S,
9051,B07H4TGTCK,C,
13344,B082F61W8F,I,
3717,B01EOX2I26,E,
66429,B087ZH1B41,I,
87583,B085HLCN3G,C,
15190,B06WGR2XH2,C,
14172,B0854DJ855,S,
17139,B07RWM9HRB,E,
107,B0727X79BV,C,
88419,B01C4IS4Q2,I,
3582,B08Z8D2XZQ,S,
88808,B01AX4A95S,I,
104127,B08YQT6F59,S,
102398,B07R28ZF7J,C,
47318,B06XT23RLQ,E,
20650,B00LHGXBKW,S,
46578,B07HKXSSFN,C,
66538,B07GPJZW7R,I,
58628,B084ZFXC93,C,
51269,B07RL3YH86,C,
88895,B08BB9RWXD,S,
40588,B00C6CFP8W,C,
84474,B00AC2ONV8,E,
30169,B078Y9N7WJ,S,
36589,B07P937DSZ,C,
107637,B07SW7BGD7,C,
47906,B07DJ5WRLV,I,
72124,B01LZ50QYI,S,
70609,B07JNDQMRD,E,
91418,B00FZVH1W4,I,
87628,B07K6LG759,C,
104534,B008ZGR3EM,E,
27858,B00VT14460,E,
6188,B07V4W3WRN,E,
114787,B089CWDHFZ,I,
15235,B00DJUK8HS,I,
100684,B000P6XESY,E,
60508,B0855C5J3P,E,
34891,B00HE8P664,E,
5689,B00NMFTWD6,I,
28522,B010KHLFXS,E,
105401,B08681BNKV,S,
97159,B07ZQYLMQ1,I,
18250,B07XCLY8F2,C,
8127,1250080401,I,
8876,B08TB8LFMG,C,
68970,B01JH0WUYC,E,
86532,B0183U455E,C,
70533,1118175441,C,
29546,B003WP05FK,I,
95708,1419733605,S,
29372,B07RV5LTM9,C,
81179,B01N2T92AE,I,
61407,B07PS65RKM,E,
8364,B071D7CY53,C,
99410,B01M0VTV3E,I,
108435,B01IXFGR6E,I,
107533,B0143WMT9K,S,
84048,B007XUHFHQ,I,
29939,B00U2VQZDS,C,
66163,B081684251,S,
68102,B00DQ9SURM,E,
12450,B01M5BDK7F,S,
47429,B07MJTJJ5X,I,
32907,B07T21VVCD,S,
99641,B00H4F9V7C,S,
54796,B07RZRCXB9,C,
13472,0965040917,I,
44773,B08HJZ5WLB,I,
12054,B08WDDL95C,C,
88088,1524773476,S,
73285,B015UMPVNI,C,
147,B00SWIE7FG,I,
62340,B07FYK5MNG,S,
72252,B07H289S7C,E,
57093,B097Y6FZG2,C,
84432,B00CBYG1L0,S,
58096,B07VK9MXG6,I,
88686,B079FGG59P,I,
829,B003N9M6YI,I,
102533,B07MD3P6W4,C,
735,B014FYZJ3O,E,
62194,B00114LGSE,C,
761,B08H8PJLY4,S,
26,B00M3GFG76,S,
92992,B094V5VPJ9,E,
57657,B00AK8U3QS,S,
49240,B00PLGAH24,S,
69088,B06Y6949RT,I,
114517,B01FYO0KJC,C,
28034,B013WFO4JC,I,
54066,B07R9XZSGL,C,
78689,B01N6L9JK2,C,
38676,B08QRNHGPB,E,
113039,B07PY523NC,E,
80562,B07S8SQ3KG,C,
11237,B004OUFNZY,E,
28740,B01MYD21K1,C,
83511,B00EZWSNGM,S,
114641,B07RRDBKC1,S,
389,B08WS1S86P,C,
87709,B07VPXGTS9,C,
40987,B01AQKSLMC,E,
68091,B07FVHX5F7,E,
54035,B07GZQBVPC,C,
15190,B077W538W9,C,
101055,B0196TB5TU,S,
93195,B07PFYV81P,I,
25275,B003TTL0TE,C,
2154,B07BVZKZZQ,E,
42139,B0090C7A5C,S,
115802,B00H56KCUU,I,
1031,B078HMQYVG,E,
39297,B072MQ5BV2,I,
20396,B01N4KI6ND,C,
43542,B011LCW1RA,S,
81501,B078WBCG4L,S,
92284,B07HGTJBGJ,E,
107751,B01DYRBWKC,I,
109376,B07MM94243,E,
92617,B07PXQWVJ5,I,
900,B002MGM5EE,I,
89789,B084DS957V,I,
50477,B08WDKKTVX,E,
582,B07PX1T39L,I,
52231,B07VD874KK,S,
97187,B00KHVMA6E,S,
70901,B07ZTQZDDW,S,
17773,B095GWYK82,C,
7223,B001M9KYRM,E,
43620,B0837GJM4G,I,
81666,B008GVVUFE,C,
94802,B0753C43NL,C,
19779,B07TKCLWXV,E,
32644,B07F7KJNKK,S,
28807,B08TRGTHR1,I,
106447,B088X41GBS,I,
104266,B083KH3VNH,C,
81605,B000E1S8NG,I,
70690,B073G8PRMQ,E,
104093,B08QYMTRND,S,
39158,B08BJW3669,E,
100028,B07JZ8B8YY,C,
13286,B07HF36TC1,E,
37305,B09B3HQPRQ,C,
53839,B07KSQH45K,S,
20729,B072YVWBXH,S,
104419,B00ADKUPQ6,C,
5100,B00MVAF1BA,S,
635,B001AZFKCW,I,
13811,B07W2W42VN,E,
115009,B07G1T59WQ,E,
115722,B08BNG1LTS,C,
99738,B06Y5NS4F9,E,
2085,B00VJ3PSWM,S,
943,B07DWS4MBW,I,
99778,B00HZ6WH76,C,
60750,B07F2M8DWF,E,
103619,B01DARPNMY,E,
68378,B07F39DWYB,I,
109130,B07CF792HW,C,
43071,B07H77PKS7,E,
41149,B07DGZPVBZ,I,
4230,B01NH4ZN4T,C,
55459,B06WCZVKD7,E,
53450,B07Q1JRT7X,S,
112296,B00JSJSTK2,C,
52323,B01DAVFQ0Y,C,
5504,B07N1CMGQQ,E,
7497,B07V5DY4ZG,E,
18030,B07Q5WDLC4,I,
110406,B0861XQ5M8,E,
70276,B07XVCR2RT,I,
88842,B01CZ54L66,S,
43085,B011QONIBG,I,
87836,B005JQNHPU,I,
51072,B016NUTG5K,C,
114713,B00NHWMQZU,C,
52193,B085WTFCQ7,S,
13891,B084DDDNRP,I,
3508,B07J4WHNFC,E,
948,B08PQLMBFZ,E,
46025,B07GX7F32Y,C,
1484,B08Z3Y7TYK,S,
96167,B07P7Y3D6G,E,
25245,B07QBR11ZZ,S,
41703,B07BSCSBDK,C,
7237,B000E21D50,I,
36225,B07HJFXFNL,C,
103,B073P1N187,I,
39801,B0040MGM1U,S,
43762,B07H5JG53L,C,
104752,B086SGFK62,S,
80446,B084QD4LV6,C,
68706,B01CA2RYH2,E,
43175,B07QBZJJSJ,S,
30866,B01M1YVW0R,S,
38605,B077M7T55D,C,
87596,B08D2ZFN2M,I,
69515,B07QST39HW,C,
71021,B081J9G3FP,C,
88390,B00UKHWIVM,E,
82693,B07WMZPGBP,C,
36101,B08L3C66BK,S,
93544,B08MYHKNVN,E,
1001,B07PJ68P6D,S,
17733,B071D6N39S,I,
55209,B00NFYE17G,I,
108096,B07TBZJRC3,C,
1366,B07PLB6R1Z,I,
85241,B07QSDH8DH,C,
53391,B091T37N7C,I,
95477,B01M1SMPOS,S,
65439,B015KF1ALW,E,
104532,B087T97YHS,S,
21135,B00F0DD0I6,C,
32275,B005MMN4DG,S,
18897,B017IQZ9OK,S,
39549,B0848C4M1M,C,
55209,B00D6UQUUA,I,
3597,B07WXNZMXJ,E,
55026,0826184456,I,
14940,B08373N2G4,I,
103386,B088GRWRB6,I,
110945,B078WR6MVT,C,
114972,B00PLY7D7I,C,
40732,B07RFCDHHQ,C,
75188,B07MBR8G9R,E,
115637,B01MU35F5F,S,
91532,B0881M1JGZ,C,
90221,B07X5JPNBX,I,
87279,B07WS2L4JX,S,
52782,B075TKSLWG,S,
71580,B07B6KC1PQ,E,
110477,B00RJHGE16,I,
37761,B07T8FBZC2,I,
22694,B07WRL8V4D,C,
1745,B088FQK2V4,C,
92013,B075SN1MY9,C,
31615,B008RLEY3I,S,
85836,B0725BK81G,C,
2214,B00HPYAFKY,S,
113015,B00JUM4D2K,I,
65079,B07TTZYNKT,C,
38139,B076FW5KX9,E,
85554,B072B8N7YV,S,
37841,B07VX8W8JD,I,
11058,B0751VYCNS,E,
85832,B07R6RG5FD,E,
21629,B00269QLI8,S,
924,B097GFQHBQ,I,
104396,B01M09IZDR,S,
97527,B078YR2MTF,E,
24867,B0721TP4KN,E,
37438,B08ZMFCQ9T,E,
113589,B071RH3VW7,C,
47594,B074V4BKF6,S,
55402,B071XVHL7B,C,
86061,B071RH4Y9W,S,
6070,B00EIP5AUS,S,
33091,B000LKVH8S,S,
42427,B07WX2L4HV,S,
109340,B000FJ4AMA,C,
63297,B00Z0UWV3O,C,
52195,B07N4D7S6F,E,
113534,B087QN6BB5,C,
26402,B01G5FYOVO,E,
26564,B01N10E1RY,E,
40413,B07GDXCX87,C,
923,B07KSXX4CQ,I,
87779,B07S6HB272,I,
15652,B07Q4138P6,I,
76643,B07HMN4RGG,C,
106438,B07FFTHMMN,S,
31771,B07PGX8D3G,I,
69136,B016J0QQKW,E,
52411,B071JPMXKY,E,
22267,B07NSTZSHS,S,
5674,B07H2B9QS7,S,
13767,B08CZZTCVC,S,
29706,B079N37YD5,E,
16805,B06XCCMPJ3,S,
81373,B07FCYRLFL,S,
43104,B00HV7Z15O,E,
2929,B07KT13216,S,
110406,B004BHEK5O,I,
40505,B083JVJQH4,S,
1247,7245456313,E,
96513,B00TI74HZK,C,
113166,B079PBFKPG,E,
21577,B005P0CWZ6,C,
80448,B07F3TNCMK,C,
13161,B08442YDGC,E,
98004,B00O8YLMVA,C,
52121,B07DGF8K2S,S,
29227,B07VCKVMK5,C,
28010,B006S826SW,E,
87507,B004PYEB9S,C,
19809,B07RQ9LR1K,I,
572,B07K2HMFJC,I,
110205,B01COF1WAU,C,
52239,B07MZC18ZC,S,
24143,B0754128NW,S,
7773,B002TU58QA,S,
94178,B07Y2TYM58,C,
84436,B009LQFGTO,E,
63636,B01B8P8FL6,C,
51686,B074KTXVYP,S,
19862,B01I4P92MO,E,
83798,B07D3LPB51,I,
114972,B08VF8ZKW9,S,
80932,B084ZR49VY,I,
49808,B00D5DW1CE,E,
87976,B07VMRWDK5,S,
50879,B073Z17HFQ,S,
110030,B00DX5IZOM,S,
83099,B07PPCP2ZG,E,
23031,B087PT5242,E,
63109,B07RW6ND7B,S,
85688,B07S34MZ1G,C,
28832,B07YCR8WNQ,E,
26210,B082DRX24T,S,
75659,B08C59ZKJJ,S,
56713,B08FHPFRXC,I,
89049,B01LW9M6NX,S,
60477,B01E45PP60,E,
62990,B000GCHOEW,S,
17214,B07FKKP72W,I,
5890,B07Y5R4PWV,E,
12409,B078NBWZBN,C,
78748,B091MH2Y5S,E,
113166,B00HZT7ARK,I,
18605,B004323NLE,C,
7376,B08DTM19X3,E,
11387,B00IVPG0SW,C,
42383,B01M74EK9G,I,
7223,B004OJK2F6,I,
58029,B085ZTJ9VF,E,
97192,B00X4SAFQ4,S,
87366,B07XRV2FG2,E,
115479,B00B8ITOHS,I,
40097,B006C3YEMO,C,
59989,B07BF5W312,E,
66397,B0829Q58GP,C,
26650,B00164SQ64,I,
17773,B00JRHSMJS,S,
50183,B07YW4NBPC,I,
16905,B078WGFMZZ,S,
47310,B07XG6YXDX,S,
4408,B00FSDL50I,S,
84225,B07W531XHG,S,
47866,1614289735,I,
105686,B07MJ2HG5F,E,
1877,B0777LFHX3,I,
50532,0983466394,S,
50717,B018HQTXB0,I,
103,B0821585L8,I,
88302,B07LFTC5HV,C,
18994,B0733GDZVP,I,
29,B086WMSGH6,C,
22770,B07P4DZY7B,I,
101387,154330138X,E,
113482,B07NPYB1VG,E,
113088,B07613XPD7,E,
13171,B07GL668MV,C,
99903,B0160IOJAW,E,
75298,B07W683G3V,C,
102966,B07X1ZMFKG,E,
71865,B01CH6D07Y,E,
3233,B00TLG2M14,I,
74329,B08HGQTXL7,S,
7237,B0021Y0V6Q,C,
80065,B00EILGKXI,E,
66153,B087BW6JC2,C,
4630,B07S7YLRJR,E,
88868,B07R4JQVDG,E,
52848,B01JHD9FIS,I,
860,B07KFNBH1W,E,
31172,B085W2WXC8,E,
55261,B07V5R1HX9,I,
114953,B01JQ7ED4Q,C,
73242,B07KWWZJY6,S,
84998,B06XHZWH8H,I,
83311,B082KZ8ZGM,I,
29462,B0859V5ZN3,E,
112384,B073QFKRPT,E,
110395,B00N6XAM4W,C,
13082,B0977H2P57,I,
11276,B07DJPXKNR,C,
71082,B07KNQRQ3P,E,
50490,B014I8SSD0,I,
78443,B07R1KPXC9,E,
97398,1302907786,I,
88686,B07X4YZQF4,I,
360,B01N5FS02N,C,
20074,B00DUVT7VY,E,
20240,B07RJYZHN1,I,
91675,B003Q4TVKW,I,
14109,B0756YXQBT,I,
111284,B004QEZ3GW,S,
87033,B086XKNP8R,I,
20938,B07MX5SP96,S,
611,B07GZKCBNJ,S,
1389,B07V3LKQ9S,I,
18262,B07X27DWPB,I,
75127,B002NPUBYU,E,
45407,B07P9LTLJY,E,
71291,B08L54KH5Z,S,
20361,B081GPBGJG,S,
54672,B073DLZWX7,C,
57578,B0768KFR31,E,
1297,B099J9RYML,I,
76,B0186GEX8E,I,
941,B07PDRY2T2,I,
103965,B07S82L9VZ,I,
615,B08QDGGLS1,I,
115479,B079DLP71C,C,
67469,B07TJXGPD9,I,
52009,B07WLRPQX9,I,
32947,B07RWD3S5Q,C,
104079,1648766773,S,
34418,B001D9JC0G,I,
61725,B00CAWTC1O,S,
75963,B07DR6WMRZ,S,
109044,B01CH0BG7G,C,
24030,B07BYWCMC8,E,
178,B08JN8WBYC,I,
27213,B00ARU5D6E,C,
74690,B07TXDHJKR,S,
72722,B01M7TFNX3,C,
96960,B00D69QJGG,S,
8928,0997951184,E,
36821,B07G7GYFYJ,S,
93706,B01KJYVU1Y,E,
69892,B01MR06L0N,E,
90031,B0887GP791,I,
3761,B07Z8JS4XZ,S,
69593,1529105633,E,
69278,B07TX4P5XS,E,
1808,B00LU2I3V0,S,
41216,B00JR1IMR6,I,
35568,B073HDMHS7,I,
101875,B004T44WI4,E,
111649,B088T3DP91,I,
93565,B07SFFPH52,S,
52169,B00TD4BJHM,C,
63970,B000SBW9JG,I,
19497,B07XCCTPYT,S,
39259,B092QXC335,C,
10123,B07H7GF337,I,
74561,B07M6776D3,E,
11276,B07W7X39QF,C,
987,B083GLY1ZQ,C,
96692,B07TZSJJXM,S,
112396,B07LF96FTM,S,
50016,B07CJWRN8P,C,
110888,B0834LTFG8,C,
61001,B07KTNTDP6,S,
8940,B07XHMLF9G,I,
46312,B074X9Q85Z,S,
103424,B01N1SB6XR,C,
21542,B07Q76HSPX,E,
8373,B074R86GRQ,S,
86866,B008AXYWHQ,S,
59985,B06XPM51RH,C,
105636,B075L54THX,E,
72501,B07CZ8MVPT,S,
40816,B01M4KB42L,C,
48218,B0012DOXDE,C,
1274,B07TWNLVXM,S,
115053,B07ZV4YQ38,C,
55259,B07VZP54JG,C,
110406,B00N659KPW,C,
56020,B07YTM1SCB,S,
73882,B07GXMZ4TY,S,
53678,B0895D6D1F,E,
79248,B01N9KSITZ,C,
92130,B079TBSVC7,E,
42361,B0020MMD06,E,
332,B07Y6BTV6T,C,
52419,B07YY28WP1,E,
71331,B001T7QJ9O,I,
74840,1507208480,I,
30983,B07QJ3GYJN,E,
63297,B01CGVG0N6,C,
57817,B07GQ2G5FZ,I,
87706,B07HZLHPKP,I,
78405,B000E65OK6,E,
20497,B07H5F8WB1,E,
59617,B07MJBQJ3R,I,
51921,B098QBGQZ1,E,
30574,B07SDP6H5W,C,
71920,069284838X,I,
61793,B096N11KYL,S,
55596,B07S7H9SGS,E,
1583,B074KJ2PJG,I,
36580,B0151MPP9M,S,
19514,B00WWBPU5A,S,
107,B07NM71TYY,C,
95905,B07CP9CDVQ,E,
924,B07PP496G5,I,
28334,B07CJTKDZQ,S,
64445,B07Y8853FM,E,
22510,B00620UPXO,S,
113873,B00YQ6UKE0,S,
58440,B0974BMTSP,I,
64266,B07JKFMWH7,I,
15006,B07NC8S1H3,C,
22238,B075SG6372,I,
15568,B07611NJB7,S,
11660,B07STFXM5W,I,
81475,B07QWBCJ5Q,E,
28246,B07LB92PGW,S,
9858,B07TLB4LZ3,C,
19367,B07SSS414N,S,
36746,B00009XN5R,S,
109121,B07WJBZTRR,S,
50616,B01NCFGPB9,C,
38044,B01BZOKLOO,S,
44587,B00M7AWV1W,S,
3551,B07BTMWMJ5,E,
44841,B00ICK0ZPK,S,
27153,B07DFN6F6Y,E,
13989,B00CE3MSUG,C,
750,B07BVQWT87,I,
52511,1534438254,S,
56106,B07T99HRGL,S,
89282,B073X2H9QY,I,
43884,0762490411,I,
7821,B0977HHZ93,C,
86056,B06XJMM9Y3,I,
105409,B01M1CCIWH,I,
63443,B083K3CFNJ,E,
48559,B08JLTKGHP,S,
89233,B07XZ8S23J,E,
94542,B074HBDL7H,S,
95935,B07941QCR4,S,
66539,B01IULAZ5K,E,
40396,B082PV5DLR,C,
96653,B00VIVBWNO,S,
96998,B01CB0TGOW,I,
103568,B08KHQRL66,E,
129,B07D94JHX8,E,
25165,B073B2952J,E,
57722,B088D6VLTH,S,
109170,B00QSLYMIQ,S,
22216,B08R36GH45,S,
30803,B079L624WK,E,
11028,B07TTDK51M,I,
41092,B0767GL2K9,I,
70982,B07Z432S62,C,
51769,B07SQLWT5W,S,
66935,B00FEP4H1E,S,
13767,B01N1UX8RW,S,
25922,B00A23JBBO,E,
2022,B0173HYJ0E,I,
20562,B07RHQ4SVG,I,
37983,B013GZOXPS,S,
104211,B01GL94LMG,C,
38757,B0013DJFQS,S,
39295,B07JQFFGY8,C,
68331,B019FYPYRA,E,
45827,B07YD43H2D,S,
41934,B086YNB7BM,C,
15810,B07WHY4553,S,
643,B00LNKAQOQ,E,
7241,B07N6Q55JW,I,
1130,B006CSRBTC,I,
31791,B00GYHDV7M,E,
29215,B00F39GAMK,I,
7531,B07V5GKH5K,C,
333,B01N2PS0C8,C,
37198,B07C9MD844,I,
31905,B0060VG188,S,
70763,B07TZTR8GF,E,
51,B07D91LFG1,E,
74151,B001AK439I,I,
58715,B0953KG44J,E,
4397,B085RV64ZV,S,
105231,B01852H5FM,I,
3551,B08SW2X2FZ,E,
102052,1538732181,I,
22942,B07D66NDS3,C,
102802,B079VDDFCX,I,
7773,B07BSP6GDT,S,
5653,B07ZR8DC5Z,I,
71511,B07V2ZM227,I,
83616,B007FZLXGI,I,
76040,030682020X,E,
51306,B082V6186P,E,
21870,B07VM4YT2K,C,
28563,B06XRG5S2C,S,
33677,B07WFML4WV,C,
52537,B07WC52CS1,C,
1676,B0000DIX6V,I,
29714,B07LCTMM2B,E,
55113,B077BSRJQR,S,
1316,B07G99LK58,I,
37198,B07NRBN6WG,E,
39567,B017TS6WE8,E,
42047,B00181B9RS,S,
111138,B01783RLK8,S,
48591,B07Z4X9PY3,S,
49181,B008OB2A6Y,C,
7531,B07QHGDNK1,C,
77442,B096V6K1T5,I,
18042,B096LQ8WKY,S,
10397,B07HMVFKJ2,I,
1615,B07JC188M6,C,
50461,B07YJW39VF,E,
82670,B000HHI6MA,C,
16437,B00AJWZ80Q,I,
48137,B06XCM4XVH,C,
4466,B071NZ5KF3,S,
17743,B01C12JXW0,C,
30861,B01NAOM85J,S,
87705,B0849J7W5X,E,
66153,B08CZVSGWW,I,
70077,B07BKPKT2X,I,
519,B07DPVBFZ3,I,
4309,B07GFPVS2M,S,
58156,B09C8WXSWF,C,
39080,B07HKW3QHW,E,
110387,B00CASPGYU,S,
54832,B074TF4SJN,E,
27068,B082MSLNF3,S,
61173,B07CTJPDT4,I,
108224,B08BF3Q27T,C,
18006,B073SXJC6Z,S,
34152,B078K93HFD,I,
38377,B0798C5931,S,
113825,B00B8ITLK8,E,
38955,B09CK1P36G,C,
78846,B002NJKR5E,C,
39489,2377840329,S,
44164,B07P12TTQ7,C,
95346,B07LCQCN8Y,S,
115671,B074RCH813,I,
93797,B07PY77BHF,I,
106196,B01HHNQVJ6,I,
22721,B07MY9BPZH,I,
8191,B016P9HJIA,S,
7488,B07QGB59B3,C,
33761,B07T7KLD8W,I,
68178,B01N0R9BCA,I,
6906,B07GNQ9C8H,C,
81659,B07SRZMN48,I,
99284,B000I1TG10,I,
18891,B0085OI97O,E,
97464,B06VVFVX8W,I,
39815,B07DMHWKHH,S,
29581,B08LG7T9YH,I,
49566,B07JKBVGFS,E,
101780,B01MZG43QN,I,
113338,B085CJJQFM,I,
109847,B0748KYTZN,I,
82813,B07BGXT2CH,S,
30742,B08KZZXPZY,I,
69173,B07VVB3LSJ,E,
98234,B08V3KH6R9,I,
31627,B08DNX9YN9,C,
89175,B0812KD16P,I,
1211,B000FFFGX6,E,
1494,B08ZN3LT5Y,S,
1263,B01DCBSF0U,I,
6492,B07GBGZZLC,S,
10820,B000MLL6RS,E,
49559,B07B6QX5P3,S,
39334,B006ST8Z0E,E,
37776,B06W9K61K7,E,
73835,B07TJ141Q9,C,
74317,B071LPWKXN,E,
72473,B06X8ZZK7R,I,
10086,B07Y1L87BP,E,
94950,B088R2MFZP,C,
111366,B07ZWFN5LR,S,
86460,B07L3N8ZG2,E,
87238,B01D5EKVR4,C,
27656,B0725PQHMP,C,
33244,B01JMYNDN0,S,
29827,B0855CGKKD,S,
1881,B018XLBNP8,C,
27398,B01AKOHQB6,I,
115228,B00AT83PQE,I,
22784,B073R68TSH,S,
31160,B01N5DIYWI,I,
94970,B074Y4V445,I,
75730,B07R2F57V6,C,
87428,B000U5TUQU,E,
8831,B00ORLVWNM,C,
78,B0048970A2,C,
35104,B01LFIIT4O,S,
105702,B0722RSJXV,I,
60714,B07PKCK2VV,E,
68853,B0179T2CM8,C,
1369,B01JQSP498,E,
26784,B07PN1J9VW,S,
103767,B00977ZO1W,E,
19125,B076HQ3G8H,E,
101421,B077BWZJKN,S,
13439,B07XFPSZ58,S,
103547,B0823WKDBC,S,
98605,B075F51ZKH,S,
30872,B085Q2G56H,C,
114977,B083GBVYCL,S,
55326,B085B4W311,C,
74077,B00AVOAUN2,S,
69811,B07S7D4981,E,
55357,0813209056,E,
9891,B07MYJVD8G,C,
54602,B07Q9K2WVD,S,
11798,B07QXJZ2M4,S,
101609,B073QZM3LY,C,
19120,B00X9HN1NY,I,
89063,B07C1JT8Y6,E,
45802,B071K9FV1N,S,
57564,B074ZQ8FCP,I,
63637,B0018ZFEPW,C,
46582,B07HJ2YD6V,E,
7773,B07F2T23W5,E,
39294,B074SM12RP,I,
35475,B08VDP17XZ,E,
63364,B07PT4GTR9,C,
14293,1476738025,S,
6940,1948334194,I,
70616,B07P5PP9T2,C,
9665,B0841GZNDR,C,
62660,B002HMN6SC,I,
27228,B0822FSFDN,I,
10778,B079YWG291,I,
106620,B07815RQL2,I,
6761,B00LOZAL2W,E,
8371,B08KXNXLGN,I,
17778,B003X1M894,C,
20652,B07R781D9G,E,
8785,B07592CN47,I,
88543,B01M2X20PI,S,
17498,B083QXL2V3,E,
98560,B019J7BB3Y,S,
68282,B07X1MXC4K,E,
29775,B07FKTZC4M,C,
34107,0786966912,E,
105398,B00B9IVRCW,I,
33995,B074R774S6,C,
105845,B01HC40AHE,E,
70132,B079Y8Q9HY,I,
47158,B01N9PSULT,E,
35133,B07DY6BS6Z,C,
90418,B003JG2NPW,I,
69957,B013KWDGH8,C,
64905,B0046AOV8M,C,
110889,B005JRF43M,I,
11834,B079KYZ9FW,C,
115253,B075GY17H3,S,
97096,B00BQ0F742,C,
89961,B07XLH9BQG,S,
42553,B00007FOJ1,S,
18607,B009ZQUB5O,C,
78149,B07DFNWLV3,C,
522,B00S8KQF9Y,C,
88185,B07T3QKKSH,C,
8876,B002JQHNAS,E,
7028,B00R8NCF4G,C,
35546,B07TB5VBVL,S,
8203,B00CTPYAXW,S,
97597,B089QZ7XL3,E,
88808,B08QV9TQL2,C,
74956,B07JLZ6ZJG,I,
27433,B07NLG7KQJ,S,
62255,B072ND9W9V,E,
47378,B008QN0CJM,S,
95935,B009W3FONE,E,
61712,B0829RCWQT,I,
5665,B01N74KH32,I,
87536,B000BQ79W0,I,
15805,B0031763ZK,C,
22830,B08889VZN5,E,
6025,B08XZ3S2D2,C,
22510,B07H8Y4B1T,I,
104714,B072MTMMG8,C,
17290,B0752XJLTF,C,
29820,B00BYL3NSK,C,
100828,B08PKZPRYP,C,
89541,B07JZTBV9C,S,
114473,B07KC2TH9Z,S,
105324,B071H47F9M,I,
112299,B078Y4FR14,S,
42974,B07K87R4Q8,C,
60721,B07YD1YM4N,E,
69066,B00K245T0U,S,
104976,B07WJH6S2P,C,
10050,B07DXB26JT,S,
97341,B07NPVQ4V2,I,
23725,B074X7K2Y3,E,
64117,B0017WNSBS,C,
112311,B074MM7LKD,C,
33077,B077FH5279,E,
35009,B0767FK2Q5,S,
111308,B0753YZM63,S,
62511,B00WCMXPL0,S,
110731,B07GWB8XLQ,C,
99813,B07KSS77SV,I,
12057,B08HMN7ZC3,C,
50172,0679745580,S,
85658,B07H4K4PZY,S,
37365,B002YL4K7W,C,
65173,B088D1478G,C,
34954,B07JF63SJH,C,
46202,B0899YPBWQ,I,
655,B00I2E8J04,E,
51349,B08GFSR5KB,C,
79377,B01LXJNPZV,S,
19737,B07YB8313N,I,
109453,B008738IXI,C,
111233,B01AHSZXWY,S,
72192,B003XZWPC0,C,
57243,B01GR3N0KA,E,
96408,B07SC4RGZH,S,
55383,B01M0TWU6I,I,
1195,B07JVGXL8W,S,
45495,B081S1L3T7,I,
87681,B075RDCZXG,C,
65594,B00I67G4WW,I,
78186,B00OWM9Y4K,S,
82507,B0824YNTRC,E,
67314,B07Q7GNBHG,S,
45197,B07GD3759Z,E,
78243,B017KO7CP4,E,
113590,B07VVPBDFR,S,
17583,B07SMFC4NP,E,
98722,B005DL3A2G,E,
46157,B00HJ6ZY04,C,
109455,B07KXMK1C7,S,
104943,B074T41HTZ,S,
100024,B07FMX7GXN,I,
78415,B071JXWRT4,E,
67099,B07CSJ2SMF,I,
71370,B09238C4LL,E,
92783,B00NET7156,E,
52777,B00JQH9XGK,E,
19768,B07PFKZPPP,S,
23569,B07L6VHSSB,S,
85016,B07QPKZKL5,E,
103578,B07CSFZJRB,I,
37751,B0093X43VM,S,
1803,B07FY9BPVR,S,
80268,B005A2IIFW,S,
96762,B00K7UAV7A,C,
53246,B089KDT7CJ,C,
54574,B082CV3H3X,C,
1030,B088STX6HK,S,
29004,B0064R6D18,C,
42676,B019HRZ2ZE,C,
20562,B0748P6JQF,S,
87180,B06XY7M7NV,C,
65971,B07QWNL18W,S,
519,B01M59QRWK,C,
94997,B07NZ83F8S,I,
61852,B07TD94TQF,I,
1111,B0019LYCZI,E,
30195,B07MPVQJGN,S,
52717,B01HAN8R8G,I,
16300,B073GPDSRV,S,
13250,B07YQ3TWF7,S,
21051,B07HR9R7KZ,S,
92488,B088D1M7W8,S,
91846,B07FQRQZX9,E,
31432,B0746BJBVK,C,
52300,B07BMPCNNB,S,
52968,B001LM1456,S,
81570,B01698IT5O,S,
14060,B07XHGDRXP,I,
71520,B07PG6SHNQ,I,
95299,B07FJS818K,C,
7376,B07YSP9SQJ,C,
22417,B00AH9JVLS,C,
12147,B003N9M6YI,I,
4230,B00TZPETFI,C,
28714,B0000ZM76A,I,
14582,B07211SRK4,E,
5703,B0749QFFFR,I,
69231,B07RS2D65T,I,
24282,B07XBPN6VG,S,
42166,B08FRPL9DV,I,
80165,B07NHCBF6B,I,
101128,B07M9Z79C9,S,
16227,B071W4V146,S,
27780,B07Z6JDB28,E,
1620,B005H28X46,I,
54574,B07H2V5YLH,C,
58661,B000SP3IUQ,I,
11276,B00F66QO4Y,C,
20799,B07P8M1173,S,
13082,B07RX57HDL,I,
85572,B07PGWC2SM,C,
42103,B07ZG8CN59,C,
104969,B01GDCKYJ0,E,
23865,B00IONBY3M,C,
53059,B013AX6BRO,S,
104031,B078HC71BG,S,
55906,B08ZKPVT1B,S,
42399,B07FN5KK5T,E,
88367,B06XHCMVR4,S,
109174,B07BFBDP5B,C,
51082,B07BMM3P58,I,
79375,B001KWJTCW,S,
647,B07MKFBPFW,I,
98245,B0002E5680,C,
1047,B016F1LX6C,S,
73553,B074S24Z24,E,
105693,B08CD9KFKS,E,
2927,B01CGTYNAK,C,
26918,B08FHJP4S8,S,
15146,B07VNDFKF9,E,
72811,B078ZRRBPX,E,
550,B00Z7O1WGU,I,
100395,B016Z2FA92,E,
64655,B07TH9QQSD,I,
81065,B07RJ6QHCH,I,
12167,B081H3L6XS,E,
110788,0448464624,E,
63409,B004E4AVY8,S,
52813,1939509262,E,
1076,B0001LO5EK,S,
100517,B00MNQTMT4,S,
3539,B01MSTKTEV,C,
56075,B07JM9NRW1,E,
15538,B015M3Y0JG,S,
64040,B074VC48BJ,S,
37841,B086Z677QY,I,
47370,B07JPD3YNX,E,
84952,B01IU6RJYA,C,
48031,B07G3KT618,C,
14496,B09339KL1H,S,
36221,B088K8HJM1,S,
61787,B0866B9HMF,I,
90979,B07F1W56RS,E,
43792,B07T6JPJ7D,S,
82026,B00KE233Q2,S,
52518,B01GWG3U66,S,
31675,B09DDFPQTG,E,
108330,B07ZTZLXRS,S,
29894,B01LWCS160,E,
178,B00AR9G6XO,I,
30680,B07VG4S38C,I,
91934,B06Y423Z6F,I,
44250,B013P0K8OE,S,
47874,B00H57PFJC,C,
71985,B08Q8HKCTW,I,
80876,B07PS8MVBD,E,
73950,B00GWC0B54,E,
53890,B08HCL483Z,C,
56348,B01IUDMK38,I,
57071,B07TXJFRSQ,I,
105890,B07C76FL8F,I,
30217,B0888SRKHZ,E,
82980,0738751448,I,
13815,B07QQPXNSG,I,
92687,B07YQPGFQP,I,
10079,B071FDZWYL,I,
5730,B00NMFQPF4,I,
89701,B07C2WDWBT,C,
16321,B00NLLUMOE,S,
71930,B0009JKV9W,I,
66244,B07VHGV3XW,C,
107173,B08H4H7XKF,S,
37740,B01BYLCG32,C,
7232,B07TWXLM9C,C,
16190,B0001AUF8G,I,
16173,B088J68TRL,E,
87671,B00KB461HQ,S,
37157,B07BRN88F6,C,
88419,B07T6ST5SY,I,
82696,B07BN92PMF,E,
90683,B07KJYJJMS,E,
39815,B081J6BZC9,S,
69191,B009NXECK4,S,
19097,B07JBZ1THM,S,
49431,B08FM3NWMV,I,
9665,B07RDCNWZD,C,
20621,B001PMC5OG,E,
18285,B01N5T319H,S,
9891,B07QJ1VWGX,C,
40803,B078GV5KL9,E,
64742,B01MRO1388,E,
65563,B08HH5JBWR,E,
41961,B01D5TM5QE,C,
80113,B000RAIJ88,E,
41431,B07SQ6GDG7,S,
629,B07X7DCF75,S,
56003,B07NSPN4HX,S,
101077,B00XZZJERW,E,
114473,B07JYRVBGD,S,
52192,B00AWF6VJC,C,
24016,B01BD0R8KU,S,
29159,B00OTFPGNI,C,
57738,B0822CQJV3,E,
853,B078YZFWSZ,C,
32066,B08MZFC6WP,C,
70886,B078X2DFCM,E,
59046,B078Q2N8RY,I,
43533,B07KKVSTTY,S,
45954,B00DCE26AI,S,
13445,B08384NQ65,E,
21902,B08L7GV7KW,C,
32600,B075ZX9F9Y,E,
12693,B01486A312,C,
108036,B07G3QSX8G,C,
17923,B07SHRFLM1,S,
57246,B01JV7FJN0,I,
68562,B08GC98KPZ,C,
20100,B003M170GQ,I,
102255,0374309132,C,
114220,0786967153,C,
106009,B07RJFY56L,S,
92455,B019K833N8,C,
41321,B08ZC5654K,I,
39600,B00C870XO6,E,
68454,B07QQJTWXX,E,
51685,B071YHCML6,I,
111325,B07SK3DZ33,S,
18510,B00HR15QNG,I,
9126,B01M72G0WU,E,
90112,B07MBK7BYP,C,
94951,B0972GMJ5N,C,
77150,B07KQF165L,C,
104713,B0821BKFWH,C,
33300,B07B2S4BST,E,
47065,B07KSFX438,E,
28403,B08Z2CSTG6,C,
5334,B07JB4R3P9,S,
46366,B01D4C1D6K,E,
11039,B000G79YNQ,C,
55170,B086MK64TK,S,
44287,B010GPFRUQ,I,
34103,1697525954,S,
37325,0984365184,S,
106304,B0054QZIL6,C,
114287,B07VSPL8FJ,I,
59443,B00H7XOD2O,C,
3648,B072FTW1MG,E,
67855,B000ARWNTO,E,
71637,B07PMXZT82,S,
109334,B00126XOI6,E,
38058,B086QFFYWD,E,
114178,B01GIL6EU4,I,
582,B0040D2QC8,E,
1313,B07NM75SBB,E,
5138,B07TJFGGQX,C,
24750,B077BPB543,E,
2369,B08FB7S12V,I,
84988,B07Q1K8YQ6,E,
63975,B083QMHPQF,S,
47282,B08129PZ83,I,
11727,B072BMNKXW,I,
105275,B07FW25CGD,C,
7841,B08G5BPHLG,C,
73705,B0813XNKN2,I,
51460,B07YZKQMLD,S,
36590,B07R3G4FJW,C,
34056,B07S1B8R97,S,
108041,B07HFS7L41,E,
69160,B07BF9BGJW,S,
104187,B00GDG4GXM,C,
72373,B00B95J47K,S,
678,B07NN4NRRJ,I,
44123,B07633NLRV,C,
73432,B07GLZ3J1F,E,
3266,B00HFAH9WU,S,
40546,B081SPZ89R,I,
73337,B0829DG98L,I,
55117,1981204075,I,
106121,B00NOY2VVK,S,
58594,B079YWJV3N,E,
681,B07D8ZJM83,S,
18310,B0175FT2EC,I,
113482,B07X5M9X53,C,
110097,B085KVRVPY,E,
46893,B08M19GTQD,E,
49434,B07XDWQC24,E,
87805,B00JM6W5RE,I,
106893,B072FNZMPH,S,
66307,B07G8HBGNT,S,
1097,B07QCX786W,S,
73045,B08RZH2FKM,E,
93855,B01LYCAZI6,C,
19731,B07TS9LGZ3,C,
73894,B07WHX5GC3,C,
37049,B087CTTRKC,E,
74812,1943451524,C,
22246,1250066115,I,
49429,B082T45PBF,E,
6257,B07DLKVKD5,C,
2804,B08BC7C7SN,I,
69169,B07FKXHVH5,S,
42267,B07HCDYN9N,E,
93210,B008I213WQ,I,
141,B083QM1YBW,S,
66910,B0833F173P,I,
161,B01LZCC2VY,S,
12339,B007YAMQ2E,C,
98864,B01N2K46XR,C,
12224,B07YZM142M,I,
29652,B07B46GX39,C,
40071,B08Q8J5MNQ,S,
455,B000R32P9O,I,
30326,B07JX9K9F1,C,
20013,B01AOHTYVO,E,
73040,B01HOHBS7K,S,
102365,0393928314,C,
103966,B08CDJ38C3,C,
81843,B07NXW3XQJ,C,
110594,B08BZGYNV9,C,
69702,B07MMSWDDB,C,
107173,B08Y7H62BP,I,
18274,B00Q2FAEYO,C,
54335,B06Y66BN8G,I,
23649,B07SLC327T,E,
32168,B086K1QSK5,C,
581,B000C55MQK,I,
63695,B000KPO99I,E,
61084,B00DQCRGT2,S,
96962,B07P629ZNQ,E,
69492,B078249Y7C,I,
83586,B01BHFYJ12,C,
10282,B00YJEVXYA,S,
50466,B01DNP2JZW,C,
74029,B095WD2RTG,S,
78861,B01NBQWHLO,C,
78164,B000S5SRRK,E,
51233,B073W95VJP,C,
41526,B07PDN1GZX,C,
55115,B00ZLUMAOS,I,
32814,B00EUHAGLC,C,
68346,B07L6PQC1G,S,
65570,B08B4RBKSJ,I,
10774,B07W6NCXDK,I,
63234,B012US1AUS,I,
83698,B07NZ37T7R,C,
58461,B07D8FRF2C,E,
95610,B07549HLY7,I,
32869,B00UFG6292,E,
83303,B0747LNYR2,S,
59013,B073SZ6NT8,C,
46214,B08JD2V2NS,S,
75801,B08P444ZMB,S,
109339,B001QB9A4Y,C,
112137,B07H9HL18M,I,
16083,B000I68B52,S,
61494,B017EL7M2Q,I,
21669,B071FT5LGC,S,
58159,B01GEZODQQ,I,
693,B086RCB58F,E,
69570,B071YDQX2G,S,
30380,B0787Q54M1,I,
93674,B00SLMZHTI,S,
96058,B005441AJC,S,
56378,B07R6NWF9B,C,
53438,B01GTKG6RA,E,
41324,B083DWP486,C,
647,B07MX2M7W1,S,
89289,B07RYBFXNX,I,
94828,B07TPSKZX4,S,
96969,B07V5M9756,S,
20510,B07743MDN8,C,
48067,B072K1LNNY,C,
16810,B07LF8KN9C,I,
66697,B07KGMPPBS,E,
55506,B01DDBJF12,S,
69840,B00PWRYKDE,E,
52424,B095SN69KJ,E,
45875,B07DPGFLD9,S,
81675,B07JNFNGHW,E,
100398,B076FD1BL4,E,
51401,B071JMFSRJ,S,
38215,B01MF91X1V,E,
19994,B00LGCUPCY,C,
19643,B07D7FJFHF,C,
18041,B09B75FZ89,C,
11650,B07P645JGR,S,
20,B08G14MTVW,S,
1160,B07NCCS5TZ,S,
101041,B074WN7BSW,S,
843,B01N7W9BUX,S,
29824,B0013JRFUA,E,
29638,B005GSYY9Y,C,
42581,B000F5HVNY,C,
102495,B07JJPCSKY,I,
30905,B07V398W2C,E,
101826,B010RA65UG,E,
9700,B088H59WW9,C,
68623,B08NPCY5P3,E,
60641,B06ZZS84HD,S,
14108,B08683MNPD,C,
10024,B0077EEBRA,C,
47514,B075JWFZPD,E,
3551,B08KGDDRMX,S,
83698,B00O6L1GUW,S,
49127,B07GP947K7,E,
51223,B017F4COT8,E,
93768,B01D4ZF034,I,
105856,B089W1CWSC,I,
49181,B0098F05TE,C,
102188,B08SQCFV3D,E,
111336,B079693WD3,E,
106627,B00QHAPGS8,E,
98678,B07J1PGR46,S,
93071,B00TTQMIDS,S,
16190,B07W8162FQ,E,
97848,B084BS1J9K,I,
2207,B07FVJLYZ4,S,
461,B01M071WEE,I,
21697,B07L54T3LM,S,
7598,B0048970A2,C,
94870,B08PJ319M1,I,
15753,B07H3KLMLM,I,
46328,B07Y84ZPV9,C,
76700,B07F1GDCCR,C,
65364,B07FTWSMTK,E,
40504,B07G73YP1V,C,
104429,B071HL44FH,I,
41321,B07D3RKZ2V,I,
23680,B072MHKKL6,S,
64826,B07BR9ZBZ5,I,
2368,B096FK6KQF,E,
112015,B07K74TCF8,E,
105946,B0001BKAHQ,E,
105295,B072R2TC7Z,S,
70304,B00RORCAIM,S,
45144,B0771WCGNB,E,
9021,B00WT6TVAS,E,
107895,B003RX5N90,E,
98661,B01MQ2ANXD,I,
80015,B07JGRJPLJ,E,
2795,B079S2HWKV,S,
56941,B07NBBH75B,I,
19281,B07GSK5JRT,E,
44301,B07M8JMRK4,S,
45737,B07KD72487,I,
88613,B085KY5LTL,E,
67016,0393929655,I,
41279,B07VVMD3FH,S,
45954,B07Q568NRF,C,
1711,B07S74H92Z,E,
80799,B07WRF8RR4,E,
49432,B07WRHVYZX,S,
77271,B071Y83DTG,I,
115362,0062306294,C,
101609,B0851T7FNV,C,
13076,B00V6GFYNK,E,
53000,B0055QNN5S,E,
101187,B00009YEGL,E,
114517,B07R12N1ZC,C,
44773,B07W5Z6NG9,C,
72065,B07HG345DR,E,
8168,B088G1S6DC,I,
104713,B08229BFPK,C,
1297,B00D2VV0BM,C,
34036,B07S31TJZN,C,
39955,1941367038,I,
90326,B07X4CSBY5,I,
55047,B07QN3CSSW,E,
21887,B003ZH40QU,C,
93674,B00UM60OA8,S,
88470,B087W7Q3LM,S,
14622,B07NZ7ZSDF,I,
18018,B097BT6TFB,C,
41343,B07DRDX8CC,E,
110762,B00OK127OM,S,
104976,B07Z7H9CWR,C,
47143,B07TJP1GDL,E,
26601,B071JM699P,C,
109830,B01N2A2Y27,E,
36819,B092J8DR4P,I,
25052,B07MC2B863,I,
83511,B004DOYM2Q,S,
74036,B01G2RAE3M,S,
109985,B01CBSB7Z0,C,
38955,B01KJQ7ITU,I,
80949,B075XRT98H,S,
68696,B07DNRTPCG,I,
87330,B07FZT7CJC,E,
75529,B003FLV262,S,
73778,B097LJ2TQY,C,
113004,B07HM98L2F,E,
3715,B07CKBFZ48,E,
114769,B07T7YY34Q,S,
109302,B093SL9HJ8,I,
32066,B0912XYXQ2,E,
36011,B07GT3JB7M,S,
80357,B08QZKVLJJ,E,
97745,B07PGB1P6W,I,
58035,B093FLBV7N,S,
16790,B0036G9A24,S,
2396,B004O7FKTQ,E,
88659,B01NBEKD3Z,I,
76173,B07BR7ZLZZ,C,
58179,1635785049,E,
86559,B000N8N538,C,
26114,B01MDUUK4G,C,
64216,B08JX5STJ6,E,
68801,B07JQ893ZD,E,
16929,B07WLCF6P9,E,
47464,B07KND1T31,S,
61759,B07VJXM7DL,I,
54306,B01K6PAZ1M,E,
70966,B002IPGW4S,C,
76155,B07LDZCPH1,C,
16485,B07RYL89FN,S,
81799,B06XPN9VDB,C,
115765,B08937NKCD,I,
101373,B004YNPAFO,E,
60171,B07RXGXFKT,S,
8029,B08LQQKMG6,S,
74851,B07P76G428,E,
55238,B00Z2MG6S6,S,
66021,B07KRQ8LTK,S,
91288,B07KYX1YW8,I,
61178,B084ZB2TW8,E,
49913,B07S95WHXB,C,
22216,B081584PX9,S,
84783,B084H14QF9,I,
23057,1586177222,S,
98565,B07B8WFK1Z,E,
77150,B07YN25KWN,C,
24971,B07NZ28XZP,E,
74553,B08DM1X8J2,E,
79060,B07G4H95XC,S,
18405,0735224315,E,
115920,B07CP9CDVQ,I,
2909,B07LDKVT6J,E,
8937,0807049395,E,
45850,B086Z7X44Y,E,
50405,B07PCMWTSG,I,
17618,B07CDD93KG,S,
43511,B07Q2MTHW4,I,
31390,B07XNS1BMT,I,
38510,B008H53K02,E,
4922,B08W9GBGVG,S,
98864,B07G4B7P9P,S,
57564,B00BEIYH1A,C,
67869,B0009GA6YA,E,
73337,B00MZ0MND0,E,
5691,B00P1NBO9C,I,
13177,B0751ZL5PK,I,
34036,B08BW3TQ2D,C,
61334,B083T99JQ5,E,
73394,B01DXOYCK8,S,
33087,B07MYG4YHD,C,
21309,B08L8WBP54,E,
41051,B00AVYMM2Y,I,
75754,B07Q2MYLCL,S,
21127,B096VLD6BC,C,
75427,B08ZJQVV6G,E,
42903,B000UJYJRG,S,
91833,B089TT6YST,I,
74581,B0014UEG50,E,
37831,B07NY7G8MT,I,
2030,B089QW429Z,C,
56819,B00BKWOS1E,C,
74991,B00315VOD8,I,
1441,B08BY9Y66P,E,
74522,1690915471,I,
48031,B08865Z7KW,E,
74251,B01IO776JS,S,
77114,B079GH8NJW,C,
28010,B0010YAFCI,S,
87439,B085NPBHBG,E,
824,B0969BV13B,E,
3945,B0069BJXZC,C,
94970,B07YTN165Y,S,
33513,B08BPKCN1P,E,
820,B08LMRKDG7,E,
35131,B0073MYFCC,E,
50717,B015G0F03U,I,
31154,B071W7TGT2,I,
56890,B07B91KZKJ,C,
840,B089CGM1VW,S,
43533,B00150LT40,S,
88990,B0006384LI,E,
93779,B08N53GF81,S,
111726,B007V3TAS2,S,
15652,B07Z74ZZWC,E,
101046,B003U6N1DE,S,
11136,B07JK16CH3,I,
25618,B016WPMB8K,E,
24577,B005DC0IRA,C,
51223,B083M651KS,E,
74956,B007VQR0H2,I,
57868,B07DWT7J6L,C,
753,B01NASZ0UM,I,
43762,B074WHW8WX,I,
10923,B088BF7ZDL,S,
37362,B004PUAP2Y,C,
85027,B0813K6MD4,E,
58212,B088PJMTGF,C,
76722,B0799CVNK5,E,
48355,B07QQMQB22,C,
33372,B07V6PCD7B,S,
115532,B083HYVKZV,I,
75560,B07XTRSBC8,E,
94244,B07CSRB6SH,C,
3823,B07YJMK2L8,E,
3436,B002P6V2MC,E,
87311,B00AMBDVQC,C,
95020,B0178IC734,C,
56821,B0795W86N3,S,
19783,B07MM97DDT,C,
65707,B0185GRQV6,C,
2237,B00OQ641MC,C,
12279,B085J1HSKY,S,
40437,B08FG1HXTZ,S,
114253,B07BMHJ1GL,E,
50095,B00AFXBUEC,I,
109302,B073JF4TM3,E,
81104,B085RWQKLN,S,
51333,B07NSR2ZPY,E,
98497,B07FLX5Y7F,C,
3022,B08YDQSDC4,E,
100684,B000GR5XCW,C,
110023,B088RJF1S2,E,
69141,B07TW72QVK,S,
19987,B07KBFNRCM,E,
74539,B07X2ZWXTJ,C,
67349,B07RD6376Z,E,
93072,B000EELCJK,C,
29805,B07K9FWTJ6,S,
61546,B075DKGC62,E,
74043,B014ABUQVC,E,
78535,B01HTIET3Y,I,
55117,B015G0DCFS,I,
36455,B07W5NHFW2,S,
102626,B08JB97CM4,C,
764,B003YD7G2U,I,
82007,B097ZKB9DV,E,
974,B00ITPJUBI,I,
94058,B015YGC5G6,E,
70835,B0796P4BR1,C,
104605,B072M6PVCZ,I,
66488,B07RGSX266,E,
5612,B01H6GUCCQ,C,
105359,B00T59KLE2,C,
70609,B000CNQ1BC,E,
3976,B07GKVNH2V,S,
101971,B07FHKS2PM,I,
15674,B00NH94I5E,S,
10123,B06XV7H7RB,C,
95372,B07BVKCP3C,E,
74366,B074N69ZMB,I,
103680,B017V621XE,E,
45075,B00EEZQPHO,I,
56592,B07N8RH3J4,I,
41709,B003CYL5ZK,I,
83303,B079RDDVP6,I,
13312,B07D7STHL9,S,
111453,B07MFPZ5XX,S,
906,B001K4OPY2,E,
84914,B08PFKJLLL,S,
71715,B00FFLK7AM,S,
50,B00L2RN6Z6,I,
64216,B015ZFKLNK,S,
43826,B084ZJY9CG,I,
60556,B07B53V88V,S,
53286,B07V5DHNDP,C,
73245,B016NY7784,C,
923,B07NCQ1Z1C,I,
30111,B07SQ122Q7,S,
13921,B07BXDHT4B,E,
52355,B006VPAXI2,I,
30312,B07KTWX827,S,
36500,B07VKPZS24,I,
76596,B008RHG45S,C,
17323,B07Q3VLR28,E,
95593,B006IXGZWU,I,
74506,B07Q84N58J,E,
96407,B07CSQ63TZ,C,
87584,B00U0HRI62,C,
66503,B087ZNBC84,C,
55483,B00Q8JMDCA,C,
11715,B00H0JW340,S,
54805,B07TTWHL5B,C,
60053,B00BWF2ZK0,S,
114219,B07B8SSJFG,I,
66430,B08FBTBSXD,C,
68486,B07MTYV9K4,S,
102045,B00KSLKHZO,C,
1596,B01DZRN0NS,I,
38648,0062852582,I,
56670,B00EYDX46G,I,
6062,B096P6M4VL,S,
80068,B0822ZT62Z,E,
21887,B071WNBH6S,C,
43527,B00O5FLQ6S,E,
1524,B08HCYQVD2,E,
65581,B089N8XZR9,C,
115336,B07VBXVWHW,C,
72165,B01GFJO5OQ,S,
57654,B06WD8TZ5T,E,
110096,B07CT4GPCD,E,
94657,B07KWX67HP,I,
56817,B0797N3F9T,S,
103163,B00113YHXG,E,
34515,B08R754YGN,I,
68583,B0757MRD6F,S,
71722,B00V5JSCXC,S,
20972,B095DDZG7V,S,
5052,B0067NLHFG,S,
52192,B07Z6QGL1P,E,
1850,B01M35CYIX,S,
42008,B07BL357ZZ,I,
39988,B01HYW1U8M,I,
58026,B007SAC6XE,S,
31771,B075FFFNX4,S,
70902,B000BQPHO2,E,
56184,B008ROXKZS,S,
97874,B01DWH20QE,C,
57378,B07YSWK7GT,E,
86657,0986164771,E,
57159,B0848TG26R,C,
34776,B002TNHM9I,C,
65390,B06XP9R7L1,I,
50182,B07KYZ93SL,S,
94225,B06XZ9K244,I,
44440,1591869072,I,
115712,B07V4NM79R,E,
11696,B0734JQC12,S,
32963,B082VBPQZW,I,
90772,B01M2WI6PT,S,
109022,B07D75SQWY,S,
91336,B07RB2YVHN,C,
14349,B07H6BVHSV,C,
1017,B07Y8TM6SW,E,
83261,B01FB7DI8C,C,
63194,B003FULBQ4,I,
827,B07BQFTHMQ,S,
31526,B07P4MGQBR,S,
20295,B08BC88KG1,I,
82880,B086VRS57W,S,
114943,B00P8GFBC8,C,
53039,B0757MNXVL,E,
114091,B00006IDUA,S,
64713,B08231TPSF,C,
61746,B01K1JV080,C,
96533,B07VNWRFR5,C,
23992,B089ZNML43,I,
68990,B0011NODQ2,I,
96529,B07HFPC7HB,C,
105989,B07VR5Y39T,I,
9959,B01N08EGNZ,S,
17979,B00000AFQO,E,
268,B015G0DCFS,I,
25118,B01LZP7BOR,C,
75809,B07B1M33RG,E,
99957,B07SZBWWDH,E,
587,B07B89G5N1,C,
47625,B07HRRSCHB,I,
46388,B07N1BKKG1,S,
1079,B09783JDLK,C,
101797,B0083EFQ86,S,
95096,B01I48L40Y,S,
30360,B07YMT8P17,E,
66814,B00F4CKIFG,C,
73179,B07PHB5JKF,C,
67584,B07NWY7XK8,S,
498,B088QWJ2N5,I,
15674,B0778BMYZX,S,
93560,B07LFV348K,S,
38004,B07TGHHFNX,I,
14920,B07DVZSSFD,I,
3487,B07T5SVCSX,S,
48333,B06Y2DT2GJ,I,
115617,B008UFWHL2,S,
18935,B081BDNR1H,S,
51214,B01LYX70RX,S,
85572,B00BXQ6HWU,C,
77416,B07LC2BTV6,E,
7276,B085N3WMJG,C,
78823,B01EOR45FA,I,
50982,B07VG4JP8J,E,
45848,B078S5HLTR,C,
107068,B0039PMRF4,C,
114786,B08WYSZTBJ,S,
60720,B01MRJOUA4,C,
50803,B00HB4AQB6,I,
9051,B01BSVGBKM,I,
104026,B07J1NS8P3,E,
39943,B01CGS3WLM,C,
102291,B07RWRPFJZ,E,
51523,B00QKP5NLA,S,
48950,B07Y8W993Y,I,
865,B078G7N8P1,C,
3956,B07CQKMK8F,C,
103538,B07X25GBN7,E,
72362,B07RPDB4SD,I,
1072,B01LXOUZNV,E,
22216,1945056851,E,
17233,1682153401,C,
40841,B07GLVFVBM,S,
61787,B088JWPBF9,C,
18605,B005CQ63TE,C,
110797,B07VVT9RBN,S,
35825,B002Y04YKG,S,
105212,B075WNLDMN,E,
113369,B07G3YLZ1Y,I,
1393,B088SR435B,S,
5647,B01E4DYQQM,I,
24765,B07S47M35N,I,
7476,B075LNQJH6,I,
88215,B07BJVNZHL,C,
68970,B00MOS2IX8,S,
35233,B07GBKC7LH,S,
46357,B076DMHFYF,S,
61712,B01IR7TZWG,S,
76930,B07C3LYNZ4,S,
82751,B078XH8R44,E,
87471,B08132DJLS,C,
55300,B07XKGG94T,I,
23659,B07Z75VPMM,E,
25478,B00473O0AW,S,
63619,B004JXDV7S,C,
27954,B07KQDY2QG,I,
106305,B006OT6XRK,E,
299,B08PNZXYM6,I,
23892,B07GQHTHVF,I,
66881,B09B9TFH85,E,
65378,1585428132,I,
109401,B007EHEMXS,E,
89516,B001E96MPS,S,
33745,B07JQV2Z12,E,
12117,B00ODV8FKY,I,
44123,B0761J4JZZ,C,
46938,B078Y6323W,C,
105656,B07RSF528N,S,
115666,B07KFPLDGB,S,
60190,B009FAQ848,E,
76970,B00PCI71TS,E,
432,B073GSWKP2,I,
272,B01K5UY73A,I,
30771,B007TFW0B6,I,
13957,B07Y6Q7SXS,E,
8464,B01DJGHHJ8,C,
96362,B00PQ5WZSE,S,
84548,B07CPB4S4N,E,
26154,B01MYB8G07,I,
27079,B074J8GC4Y,E,
1070,B087JN38MF,I,
108315,B018JR6G9E,S,
34918,B01EZFIK1G,I,
18597,B07QHWVHDW,I,
54455,B07D5SVD7Y,E,
62576,B07K7MXW7B,E,
87803,B01M4MS1AK,I,
110228,B07PLHSBDM,S,
36242,B06XG7WKKL,S,
14898,B07Z92Z3JT,C,
9799,B07DC4J387,E,
54808,B07ZCYNK14,C,
43105,B0711FKZD6,E,
46004,B0086OHRZS,E,
88835,B07T975KBJ,E,
70671,B01LR22S5Y,E,
54299,B07WCWP2ZH,S,
88352,1426308469,S,
64924,B074MCTHV5,S,
113671,B07RX4894P,I,
8130,B07C5Q1W75,I,
19865,B0743VN7B5,E,
108957,B000SAXU0Y,E,
20715,B07V2PPSBC,I,
108303,B081DC3MH5,C,
31123,B09DPW4VG1,E,
74151,B01KU3U1VE,I,
92167,B082MWHJ14,S,
50847,B075B4ZHMG,E,
80173,B084ZWG9NM,S,
45430,B07FP726ZT,E,
99325,B07L8NSLBZ,S,
53169,B007JAAAV8,S,
80115,B07NRKXTMR,I,
90619,B08ZDF623Y,I,
56399,B07GX4WW6Q,C,
27607,B0731YGYTB,S,
45802,B0751B71JV,S,
5156,B08G3GVFG3,E,
64210,B079B2Q4Z8,I,
32813,B01LZRMXKY,C,
70262,B07F3X12ZT,C,
81483,B075YCGC4P,E,
35800,B07SB2Q8X7,C,
29535,B083WMS4P4,E,
89157,B07GVR736V,S,
96179,B07MQ3NTBG,S,
112686,B07Z46B1FB,S,
74991,B00DLLQ7KC,S,
104419,B00VFCXDF6,C,
72556,B00FKWCKU6,S,
36698,B07RYKT24R,C,
94419,B07HH34ZZD,E,
95047,B08WJLCY3K,E,
39295,B08NFP45BL,I,
27954,B07JZ4HXF8,I,
17633,B01HRME2DO,C,
62340,B003XDIPNA,S,
71925,B0829RYP8V,I,
99502,B00M9QGKQ6,C,
57977,B07GQYX8FD,I,
113301,B074SL7TZM,E,
94988,B00U398RDU,I,
85131,B07NM33MPZ,S,
84039,B078FMVDHC,C,
93329,B017JCU5RO,I,
624,B00MHSWN8U,E,
48237,B07J9NJ7JL,S,
110395,B00FLRBUOW,C,
5817,0684818981,S,
92350,B09431D2DX,S,
34418,B07V4P5W3K,E,
1864,B07DQDLP63,S,
37262,B08Z31HJ86,S,
24765,B07CZ2J7P6,I,
89511,B079YC1TRH,I,
52501,B075X2JJNT,S,
25279,B01LGPZJ8A,E,
96998,B01MXHQ9LO,I,
762,B07QLWWMZW,I,
45920,B01IFBPX7A,E,
9828,B074CCY742,C,
94331,B001Q556QG,I,
93780,B07ZQRMRVV,I,
18498,B07L6FJGR4,I,
57560,B003SZ7DDQ,I,
972,B07CWKKS4T,I,
98538,B07RL3N7FP,E,
47471,B00ASBOT2Q,I,
582,B01N67FMQ5,I,
566,B077TZQSBP,I,
65817,B0071HZ5LE,C,
47290,B088S5N379,S,
98850,B01NCU4RQK,C,
17129,B0832FKSBM,S,
31512,B01FORK1L6,I,
83870,B0731SXXLP,C,
18405,1786819473,S,
90105,B07V39725Q,I,
57703,B07FTL2WQF,S,
80208,B072KBGZBK,C,
463,B00EYFKM32,I,
69843,B00B9060X6,S,
30112,B072VY7CTF,C,
6311,B016GNX4SE,E,
13608,B07BFB1YFC,S,
81224,B01COI9EAC,S,
23204,B0051D9NR2,I,
46986,B01MQHKVX3,E,
112355,B083H3G5Q6,S,
74029,B0895T5VQL,E,
82143,B07WC953L4,I,
104167,B0895KRMSN,C,
50322,B074TSGTY2,E,
76733,B07ZD8JTRL,I,
52231,B07937J9BG,C,
51314,B085N8NFQQ,E,
52519,B07WVSTWVZ,I,
53597,B003U4T4PU,S,
22779,B000IEAWN8,S,
47149,B07DRDFK2N,S,
72244,B07R3RYH67,C,
84761,B07C165HMV,C,
2979,B013OZ5NN6,E,
63427,B078HM367M,E,
49256,B07DWMN5XY,S,
38955,B07HFLV58C,C,
103218,B004WGIXX4,I,
81892,B0841829B8,I,
36877,1937832686,E,
18191,B00004YOBF,S,
91674,B074MCJ3HJ,S,
93514,B07XQSTXCT,I,
101257,B01NBZZPPI,E,
22689,B016GNYZIC,I,
110241,B00NB1PQMW,I,
102881,B07JDKNKLL,C,
93172,B088Q5TMSF,S,
83557,B07S11DQG6,S,
17314,B06WGRK3LV,E,
62910,B08HJ8L6HL,E,
90859,B08BYWKV68,C,
88842,B07RZ74VLR,I,
38033,B06WVLK2R2,C,
11671,B00DT8ED9Y,I,
101918,0881884995,S,
3586,B0771S5GPD,I,
90342,B004Q3TK30,C,
91904,B00KMBKWZ0,C,
92130,B07Q6C9C93,E,
110236,B07YFTSH3S,I,
48876,B006DWT7HG,E,
462,B08NQ38KQ1,E,
115032,B00FO9U46W,E,
32216,B015QSCLFW,E,
58276,B06XWMS32T,S,
64694,B07K1PDNT5,S,
24090,B07H8MS5KQ,E,
76932,B075QR1TCX,S,
114638,B07QY6NCDV,S,
31016,B0831QWMNQ,I,
55673,B00XKY3TG0,S,
69811,B00X6ZNWGA,S,
50748,B096DP1VLY,S,
371,B01K1JVZOE,I,
34225,B01MV1GXLC,C,
13844,B008YTQUS0,I,
34585,B0916TSKV8,E,
110399,B0098HR10I,I,
7763,B07WQFMQ1G,I,
88257,B081ZLBLDQ,E,
97071,B086QCXSCF,S,
19997,B07VDCLBFG,C,
77245,B0008G2WAW,I,
29694,B00500KRQC,C,
91144,B07MZP4ZY7,E,
74627,B06XR8X22H,S,
81129,B01L7OX9S2,E,
110494,B001P2QJFW,C,
85221,B083TPF772,S,
106304,B01CM2MPNS,C,
11834,B07T87Q2G2,S,
83338,B07M795MXD,I,
89140,B01LWIR0RV,E,
64176,B082LRK6FY,C,
392,B07PCRGP8P,I,
110761,B0786K21K4,S,
30406,B0711NFHF1,C,
103370,B07DYBBQCT,E,
65085,B015RW315G,E,
5502,B01MXZTZH0,C,
61526,B0785SB7J6,S,
52218,B07R4RPS54,I,
103686,B07BJ4L84J,E,
35568,B072BCQ3TS,I,
46491,B0793Y7NDY,C,
29435,0521604974,S,
13163,B079JCZMMK,E,
115666,B078BBYNLC,S,
73466,B07GXGHD38,S,
100185,B0859KFDLQ,C,
35800,B07PHRM55J,C,
1202,B000BQMZ9M,I,
35573,B002VWJYPC,C,
73300,B072JBSFF4,C,
24925,B07V8GH979,I,
9700,B0836CLXR6,E,
110460,B07B4TFNXW,E,
17371,B001FD707M,I,
33995,B07N39627C,S,
7359,B084N5H6C3,E,
111357,1076199135,S,
1686,B08534S4TJ,C,
87750,B08B34WG11,S,
35226,B077Y3KDND,E,
94683,B0773QXFH3,S,
14448,B01GVYEMQQ,I,
32989,B075JDZRXJ,E,
20117,B005FF9DE4,S,
62194,B00114PNLU,C,
14984,B07YV1GXSH,C,
114161,B07DG5KNKG,C,
93935,B07LDZ1SS2,E,
17737,B07TSHPBP8,C,
104441,B00R75OJIK,S,
113603,1554076358,C,
9336,B0195ZU730,S,
59532,B0168UY9KW,C,
83411,B085R89BCN,C,
63609,B0751YPFCX,S,
109695,B09833HPCX,C,
40071,B08R61S7P1,I,
59783,B07L9G47DS,E,
110916,B07RNNMZW3,C,
50,1724181610,I,
3942,B002VPDKY0,E,
83084,B07V1FQK5Y,I,
96080,B0846NH2PS,S,
33096,B07H84XY5J,S,
32031,B07W3NX5W8,E,
48332,B0147R9UFM,E,
115921,B097NLMYVW,C,
51076,B073ZJWHH3,I,
22085,B07S2YVBCT,E,
50083,B01AYO4QYM,C,
14463,B06Y3CD1HD,I,
58982,B011GD3KDI,E,
51917,B07XKDY51C,S,
100994,B07D3T4S97,I,
27917,B07MYJGC9Y,C,
1307,B07V44H4C7,E,
103163,B00AEFTIQI,E,
111524,B07YXMJKXQ,I,
30915,B07K6PGQRD,E,
82985,B0051GV7G4,I,
86866,B07F2V9BQ2,E,
100716,B01I5Q2SEG,C,
101875,B07FLK1ZGG,I,
96525,B0827HSBKB,S,
94539,B000083D45,I,
31905,B000KN470Q,S,
99439,B07DLT1Z96,S,
53801,B07YJG1MQX,I,
35984,B00B3UZQRI,E,
11323,B082QZG4SK,I,
45116,B07TT7CLC2,E,
48900,B07TM45FRS,C,
54241,B0758CQXKS,E,
4281,B00BZC0UCU,E,
66387,B08GQZDSXR,C,
91709,B08V8M6ZYG,E,
43012,B073CMFKYL,C,
71826,B074MXC3PN,S,
15020,B06XWG7H3S,E,
54066,B07YFYKVMZ,C,
11114,B07V3TBPLW,E,
96683,B06XV162D2,E,
23930,B07NKZP1J3,S,
24242,B0876PLZKC,C,
110513,B097QVNMHN,C,
61832,B071HRWZH8,C,
27336,B07PWCTLCW,S,
74557,B07VLBVQBP,E,
84160,B07G5N661H,I,
101053,194959520X,S,
11512,B07KTJVZFV,I,
76800,B08MZ8JTK8,S,
99669,B00ZUNKENA,E,
105409,B01N0O7CT0,I,
97745,1600853005,I,
55209,B0792JVVCC,S,
55673,B00ZHN81JW,S,
32773,B08BYMTMK4,C,
95604,B07DP9P4T3,E,
64713,B07VLH5JR7,I,
14496,B075VCM1XR,S,
100238,B0721SXQ6K,C,
22320,B0027VT5YM,I,
68113,B016BRBPKE,E,
36223,B00Y35W1LE,C,
47478,B07MTXCSVF,E,
49428,B081SZGC23,I,
91111,B005FM6XF4,C,
114975,B01ICUP8TC,I,
108224,B095GXD1KQ,C,
106677,B07QR6XSK3,I,
10579,0990412024,I,
72810,B07MDJDWBR,S,
36707,B000C21BT0,I,
1239,B004DPBRBO,I,
30948,B07D4BST58,S,
112479,B08HYMCBSD,E,
109154,B07R5VSHF8,E,
84397,B08Q3N9N78,S,
73245,B074PXTP3B,E,
39897,B01AVIPGM2,C,
113847,B07C21VL9J,E,
113481,B095W8WQJQ,I,
34515,B001R03F4K,I,
11247,B07GNF5XPS,I,
65174,B08YYLG44P,S,
26649,1593279663,S,
55768,B0872ZMXBG,S,
110775,1610660137,E,
51349,B08VNRJ9KP,C,
63576,B07KQ22KKB,E,
17680,B00S5VKNIA,E,
107,B07VNCKNWH,C,
81069,B07ZZJH3B8,E,
112349,B0002OOMRG,S,
7317,B01MDMHRXG,C,
72387,B01MQR43BH,E,
36504,B07BXS2GCX,C,
7534,B082NBJL18,C,
59532,B0043M4MPK,S,
9665,B08394WC13,C,
13434,B078B27M9Z,E,
75056,B07HJDCG38,S,
82083,B00427DX4M,C,
9803,B01B5RF470,C,
69910,B08B1LSD48,S,
16445,B008COISGO,S,
100307,B001ECQPUC,E,
39171,B08CK6W57M,C,
34510,B07T74TZJP,E,
107873,B013QR82DA,S,
21676,B07NSVBCR6,E,
100268,B07YRKDF4P,C,
106914,B01M4MCUAF,I,
21020,B088JL3YYC,E,
66674,B07R3H5TL6,S,
36479,B000I9WW72,S,
59617,B07F1PNC3M,I,
110002,B011AK8DXO,S,
75806,B077XDC2X8,S,
35894,B083MWXY4K,C,
108872,B07GRM747Y,I,
110717,B01GUGT0E4,C,
963,B08SQGZZMJ,S,
71580,B01MQ1WOII,S,
111815,B01N2P6V5P,S,
20972,B07BQZHGC1,S,
36589,B08392KMVC,C,
54918,B01A7HBYH8,I,
50964,B07P9CMY49,I,
97814,B001QIP6U4,C,
47309,B075JV8PR4,E,
85836,B004B8F8MM,C,
77059,B075KX2CTF,I,
26601,B07W4P5G1Q,C,
69192,B00J9S1BCU,E,
65378,1440300593,I,
75756,B088KJL91H,E,
72174,B07NTZCXQ5,C,
26859,B07PKXR9PW,S,
38651,B00Z1KR35O,E,
1196,B0002YWVCE,E,
44294,B01ALLT2W4,C,
58892,B073S6S2S1,E,
112033,B07JZLY26V,S,
60502,B078X2BG4R,E,
38640,B00IQO403K,I,
94157,B003939VGE,E,
42108,B07CTBNXRY,I,
147,B009N83O1C,I,
20943,B015KFUSYC,C,
735,B07DV4FSGT,S,
55151,B092J2CQDQ,C,
38810,B07HWSXVQZ,E,
102903,B081GJ3PZ3,I,
17596,B082D9YK8W,C,
90161,B07GQNVKZG,S,
13261,B07XJVYVYR,C,
7041,B077P6J8CY,I,
71644,B000G6ZEUO,E,
46770,B00KC6V9H0,C,
111060,B07V2287RF,S,
16527,B003PRI6OC,I,
56819,B01DP2FNQ0,C,
55300,B07Q65H11Z,I,
5627,B08XKLW7JR,S,
83570,B085NXSWFD,I,
23238,B00B0430A2,S,
19454,B00T6J6WC6,C,
109154,B00H56U8D6,E,
74677,B01J66KUB2,C,
1383,B071456ZW7,E,
33485,B01M26M79X,S,
53120,B08YWLZDHV,I,
76159,B00LZWV100,S,
102734,B07F81VDL2,I,
108037,B06XKC8RHT,I,
7534,B0814NFLWY,C,
78108,B08398NSG8,S,
51349,B07ZWSB9WJ,E,
1130,B08DN6R727,E,
104127,B07JW8Q74Q,S,
8101,B07GFG56GF,I,
68445,B00PGTBGG2,E,
16834,B00NWALPZY,S,
114866,B07R5BJVWB,E,
63809,B0881RMNTN,S,
38813,B08TDZRTY9,I,
78150,B07S21ZZDK,S,
34705,B003MS6150,C,
34585,B012FVLNLQ,E,
22396,B014F18ZGU,I,
114885,B07HB3YNQR,S,
70859,B08749HMG1,C,
19100,B082X44NQM,S,
45491,B00PJ33JNS,E,
1481,B00XNCBFBA,E,
5629,B0966C11HM,E,
108435,B08L6VD2QJ,E,
114994,B08BV3M477,E,
37951,B09DT1TPX3,S,
9641,B01MZ7AADV,E,
36085,B008KVUAGU,S,
82190,B010RBF2C2,E,
96636,B00PIM3I6I,C,
82085,B06XXKJRB2,S,
70136,B01941M94U,S,
44681,B00178LCTW,S,
9623,B07FP41MC5,C,
36698,B0832LYPHT,C,
106301,B003QS9TX2,I,
36101,B08JXLRG54,I,
83219,B00592BOAO,I,
90848,B000WCVZZK,S,
20510,B087QD7F3C,C,
114480,B07FXQDJT6,S,
30923,B06WWGNQXV,E,
60765,B08H5JZS3N,S,
60180,B008K7IV1A,S,
1297,B08BZFXNCR,C,
5521,B07N3G1P4V,S,
61867,B00C29G7K4,C,
14015,B07M98BTJY,I,
103019,B07HFBQ2NH,I,
51533,B07XLL463B,I,
19179,B072N9VLCL,E,
108271,B07XDFCHQJ,C,
34741,B07756G26Y,E,
60051,B07Z11Z17B,S,
53663,B08C9ZBH25,I,
40438,B07WWY5VTR,E,
48652,B093CGVV21,C,
107927,B078H8JLQ5,I,
59323,B008JCGBSG,C,
64040,B07ZRDBF5L,S,
99740,B0014XECEW,S,
112784,B07GQ6KC76,I,
82816,B07S7PRVXX,S,
44687,B07SYC9277,E,
24088,B019DCHDZK,I,
9959,B07FS52W6J,I,
53631,B074PC3SD3,I,
93337,B07N4RTB3C,S,
47700,B085WBZNFR,I,
76155,B07MZZ3N7F,C,
84535,B0106UASB4,I,
110429,B07SV39H75,S,
35813,B07SRJ5SZH,E,
1481,B01HRFTOPC,S,
55356,B01FV60UO8,C,
93075,B07G4DX15T,C,
98653,B07BVF6SC3,I,
42330,B009QLNA9W,C,
1026,B06XQY4HT2,S,
62629,B07J1Z14DF,I,
30727,B001HOOHWU,S,
99289,B00UE1G766,C,
92600,B086V8YN35,S,
33291,B078PT9M7Q,E,
115172,B07L9Z9YNN,S,
110427,B072JSPPH1,E,
60573,B0117T9BCU,E,
40286,B07FSXJ7N3,I,
79521,B07WZGLHKG,E,
105093,B07WMRY66K,S,
97969,B00VGL6TSO,C,
102318,B0006L1ILI,I,
59677,B07G99X932,S,
92269,B074JHNFDV,S,
90418,B07D38DFP2,I,
37157,B07QQNDNX8,I,
43755,B078YDHXPP,I,
43649,B07JFWL7J3,S,
89856,B01N46SJR9,S,
57087,B074MN988X,S,
94640,B07W9LPHR4,E,
77043,B07JB71KQT,S,
94565,B01MQWMQCQ,C,
12063,B01CSSQ28K,S,
99439,B07MQF9KB6,S,
99160,B07SJTT2Z3,E,
23607,B09G3DMDDW,S,
27201,B076RL7JY1,E,
58906,B01MXSCBXH,S,
76529,B07P684PVV,C,
71041,161902456X,C,
88215,B01KP48G24,C,
110105,B084DBYTXS,I,
36030,B07DB5GH6H,E,
75923,0439744652,S,
79680,B079G4N8K2,S,
63871,B08BRXGBQ1,S,
13261,B07PBDHMD4,C,
86128,B07XDMQVBG,C,
73952,B08C4P3WN1,C,
11610,B000G2UUOS,I,
20566,B079ZFCJ55,E,
32658,B0823DXX8W,E,
71457,B093DVT1FL,E,
19865,B078WFTYH8,S,
7668,B08G78CXVC,C,
22443,B07S45C1GJ,E,
83,B006W6YHHI,I,
36562,B07GBH51DG,S,
22417,B0721NXDTB,C,
78277,B002DM0ZIU,S,
5188,B07MHYKBBT,I,
94062,B07V2LHCBC,S,
114827,B01M07IZ4B,E,
412,B08HR4SNN1,E,
115676,B07ZPBNPTH,C,
78249,B01N8YGKCU,C,
735,B08P8Q42CC,I,
32600,B00NAVS9F4,S,
56825,B009XTC29Q,E,
3586,B08GC8WPTK,I,
12512,B08DQ61PZ8,E,
15015,0312515839,I,
96729,B00BIDU9JA,E,
110198,B01AE2TG7G,C,
44579,B073FML6SR,S,
73283,B01DRVYNK6,E,
42783,B076H461S8,E,
12287,B0892RPPPK,E,
5203,B007RKKEHA,S,
88258,B079G3YPQ9,I,
51384,B0763PWWD6,C,
51775,B08F73T9RQ,S,
65496,B0788SDQ9P,I,
30145,B0007QO4Z4,I,
6899,B07VPGWH7T,I,
41961,B002TMRMHG,C,
94749,B09BK1XWJT,C,
36178,B01EMJLXN2,C,
945,B08GFLSQJN,E,
80015,B08562X4JC,E,
68370,B077CF7N1H,S,
715,B07KGMQ7K3,C,
15538,B00LPJLBPS,E,
85797,B07V5DG78Q,S,
99438,B085N2KPC8,I,
332,B08R6GQK8H,E,
6963,B07WF75ZM7,S,
22847,B06ZY896ZM,C,
54048,B07VW6BYRW,C,
31184,B01MRLC4VQ,E,
58075,B07921R4XC,I,
96529,B088ZCB1L7,C,
94774,B07P4CKXM1,E,
10854,B01M6ZLF4N,I,
75885,B08FBXP43G,S,
46582,B071P59LLG,C,
87671,B089KWG1JR,I,
87665,B00ASYOUFE,C,
66654,B002VWJYOI,C,
87299,B0019U335E,C,
86346,B07RQ55F4R,E,
66398,B00IW2AYN6,S,
87923,B071P2S2PZ,E,
45651,B077SPVLLX,I,
108498,B07FZBVKLQ,E,
82305,B085CLBHMP,E,
102533,B07MN9BCY6,C,
69315,B00XLGKTY2,C,
24140,B07ZL27PLL,S,
115767,B01MFGJJBL,C,
113795,B07NZLSP6X,E,
53411,B00LGVQXQW,E,
95264,B07439WZVS,C,
20025,B006L48D3U,E,
18644,B08JZK1R9C,C,
40309,B00C4VVLI8,C,
21568,B005JERP5A,E,
50821,B06WV7411J,I,
92284,B07QWZQ25K,E,
106918,B01JBDY3GS,I,
19155,B00JS09MF2,E,
9792,B07VF3LL8K,C,
27074,B0834W1RR6,E,
90908,B07PGR49QZ,I,
72118,B01G2DX0FU,E,
26019,B01417HPVE,E,
1366,B08P4DRP5P,S,
21258,B01M6WPK1A,S,
31774,B07N9B3RNB,E,
30326,B0192PNB86,C,
86592,B07HK4JNV1,S,
23946,B07JP4883J,S,
1398,B01KCEDFZA,E,
33375,B07PPY7RZF,I,
29534,B09CQ947RL,C,
93108,B07L3LT3WC,E,
66619,B00JN9ET2O,E,
41012,B07CT8F226,E,
76223,B07CX11NK7,S,
32703,1945683953,C,
114707,B075QVMBT9,S,
25824,B00FAIOBN4,C,
38003,B01NCA562F,E,
1814,B0062CAGXQ,I,
52385,B074Q3P1TD,I,
43120,B00TI5S0AA,E,
114584,B07BFTPFNK,I,
33291,B00T3OELRC,E,
90092,B07QKC1BL5,C,
24079,B08V5B411P,I,
5776,B07DJ2WSFP,C,
112352,B094FYCN12,C,
73778,B08ZMNBGH9,C,
102887,B08NTNLY39,I,
52269,B07RWKM1QN,S,
67546,B007BLNKXU,S,
5224,B083D6DD8V,C,
101875,B087WRL837,S,
16261,B07QWQ5M6Y,S,
45101,B01M22QTWT,S,
98777,B011LSRYIK,C,
67114,B00CVYOAUY,C,
6448,B084TJDDL1,E,
23453,B08998H2J6,I,
79831,B07GNHHQKZ,I,
56144,B07W3QT226,I,
114986,B01FJ8FGGK,I,
45007,B07VVTKYNR,S,
55011,B07SZ9DWHW,S,
25671,B077Y4DRMT,S,
1341,B07L679GVN,I,
111986,1641524960,I,
54000,B079FZ8X4P,I,
60553,B00GS80OQ8,S,
101072,B07DJ6B7B6,C,
20314,B013YH1VJY,E,
69341,B00HJB66WY,I,
102658,B004SW9L60,I,
55179,B0887RP2YZ,C,
108271,B07Q2NWGC4,C,
57007,B0836YVFS1,C,
57589,B017V4IMVQ,E,
58024,B082MKX769,I,
104079,1648765092,E,
112421,B0776V7BZ5,I,
93034,B086VFGMBW,E,
46539,B08FNZF6C3,C,
100185,B088R1P8QC,C,
100439,B087CLH4GK,I,
111723,B09B7WMGGQ,C,
60229,B07YSL2SP2,E,
48359,1465462767,I,
29919,B08Q4CFWRT,S,
42553,B07547VPWP,S,
2741,B000MTCQN8,E,
69701,B083PZ7JR3,C,
17921,B07QWPF7PP,E,
83616,B00117ZRXQ,E,
15697,B077R928NV,I,
24391,B07BWRFT5B,C,
55945,B0811RLW4K,I,
26599,B07QFCCVH5,C,
6083,B005Y6Y86M,E,
1531,B07RV6RQQR,S,
85200,1119387507,I,
88419,B07D55SVQ7,E,
87618,B07CRN5Z21,C,
99601,B07YY3GR18,C,
114693,B000BT0Z9Q,S,
43793,B01BE8K5BA,E,
15483,B01EUQ7ZQG,C,
9600,B01MUANC80,E,
101938,B01LWOI3D5,E,
3565,B010GJF8N8,S,
94067,B07KRX5LRM,E,
95484,B07W83CQ7M,I,
56081,B093W6S3DR,S,
47429,B00BBQVL5U,I,
48774,B01DF3F670,S,
22458,B07V6ZQGBP,S,
4412,B00AIRTNVW,C,
113666,1565238877,C,
48137,B07SBF1WDX,C,
69840,B018ZTNEQE,I,
84469,B07CN5GM5N,S,
114827,B0844Q8HXX,S,
31627,B07TCJZBZ6,C,
104765,B073VFBGT2,E,
68562,0062995243,C,
54796,B07VX8VF2L,C,
94058,B081W5SQY5,I,
50699,B072JHS9Q2,S,
112912,B08R5CWJXR,S,
6674,B074H7VJP2,E,
1686,B00VJVM7U0,C,
41432,B00I9E7WFU,E,
111937,B079CDLVTP,S,
73199,B086MLTH55,C,
96529,B07RT6NWK4,C,
108512,B0847RNQKL,C,
25342,B078KHMRXQ,E,
22726,B07CG41NXD,E,
63006,B000FG4C6W,S,
50175,B09DPQWHSV,E,
26984,B014P0K2A8,E,
26847,1703273281,S,
7531,B07T951CNY,C,
106486,B07VHMZTJ1,S,
95033,B01MZEEFNX,E,
3266,B07L5HMK1B,E,
51384,B08BFZL6S8,C,
31290,B07QNGRBGS,E,
28563,B07GC5QFXB,S,
90286,B07PDPCRP4,C,
98217,B07RV9LL27,C,
102228,B002DGKVQW,S,
5739,B08XY9FGCH,C,
3991,B083KQ243Y,E,
97208,B07CSLQJVY,E,
72147,B08D8LWXDD,I,
3405,B07JDJKCY1,E,
85474,B00OZACUJA,E,
114615,B07MZQNH5N,S,
53818,B07YJHYCFZ,E,
19293,B078MMQTNX,E,
112711,B07RTM7TYW,E,
47435,B0821NQT4H,S,
65824,B0764JBLVP,E,
77,B06Y2H5761,I,
22417,B0734CFFS8,C,
36229,B087V5V9DJ,C,
72887,B0083TXYTE,C,
107751,B01MSJ35SQ,I,
98364,1579824544,E,
83692,B07G6Z2MLN,C,
32515,B07C77G9NZ,C,
864,B088P7RC65,I,
60963,B07QK45LZZ,C,
39183,B07KK8BP6V,I,
50528,B09F16MVBT,I,
10538,B084ZZ96GJ,E,
31317,B07HJQNH4H,S,
85077,B07PLYJHD8,C,
95436,B01EUISPEK,E,
11444,B07D88FCSM,E,
112569,B003NX8DBE,S,
14,B07C2Y4JBG,S,
103568,B076VVYXXD,C,
65879,B01M0V7CYS,C,
42023,B017HLXL1E,I,
16359,B01MSZHZHA,I,
107281,B017COHTJ6,S,
75465,0991248244,I,
77838,B07Z86C3LG,I,
24079,B07GS64HFW,I,
22057,B06XHXPB7X,S,
25417,B07TCNCGXR,S,
55179,B087BYBMLZ,C,
104435,B00QMF1HCW,C,
55523,B00N54KX6E,E,
48631,B07CKYHY8M,S,
13597,B07PF7MBMG,E,
85038,B001982OBK,I,
114638,B0713YSYGH,E,
99429,B006QF3TW4,C,
36820,B08WKLSKB3,C,
26727,B07CJ44YLD,E,
75596,B087CB8NTB,S,
3661,B01M0F4NFO,I,
105940,B084JCXSL6,I,
84616,B07T41NQWV,C,
1095,B0789BM871,I,
25141,B09HJPWFN2,E,
54158,B07NQR81PT,I,
51775,B08F6T1CJ7,E,
2515,B01LTIAUFQ,I,
23048,B07N4JW3Y9,E,
9803,B07QKD8WSY,S,
1663,B072C6NGLN,E,
13222,B015NR0ZDQ,I,
54164,B07FXL6C3Z,S,
11671,B00FFJZ010,E,
55912,B06Y66GDMY,S,
106178,B00W75BKQ4,E,
