query_id,product_id,label,hybrid_rank
99148,B00PMLVAZQ,C,1
98364,1579824544,E,
59183,B07ZWBH9J2,I,7
110399,B01G82Z7FG,C,3
6083,B005Y6Y86M,E,
98582,B0833SL4CY,S,
34125,B07W56S4CC,I,7
89328,B01BLUWENS,C,12
62170,B0924MVGKY,E,
18191,B01KN9YVWA,E,
44679,B00E1NI7FM,C,14
62728,B07JGBYJJ4,E,
115330,B089CWDHFZ,S,
114975,B01ICUP8TC,I,3
103115,B00KNO7TZM,E,
57901,B07PMT4ZX4,I,5
109114,B072X38K53,I,7
99473,B081Y8PRW8,E,
66784,B01LTHY4XG,E,
19997,B0868HHWLG,C,5
71526,B07MK59T3F,E,
110105,B00CQCMQ70,I,1
55209,B0792JVVCC,S,
62976,B01KW1XVX4,E,
28620,B07CC2KK32,S,
17395,B00OIC5G78,I,4
79821,B000FXW52I,C,5
109170,B00QSLYMIQ,S,
83937,B07C2GL86T,E,
1097,B07V45VQG1,I,4
110090,B01N3CFPG9,I,7
102115,1602591121,C,13
74851,B07P76G428,E,
12201,B07H8F5ZHJ,I,7
41012,B07CT8F226,E,
81546,B07R4Q4D6F,I,3
46491,B07943G46Y,C,2
110405,B00V8T9R6K,C,14
43939,B07VBMR4TT,C,3
48235,B00N41NA0Y,C,1
630,B07BB94KM3,E,
70859,B086YFX4WQ,C,8
72561,B0198WJYXY,S,
55424,B00OZWU0TU,C,3
49726,B0084XOX94,S,
56106,B07T99HRGL,S,
46216,B082186KCS,S,
18042,B096LQ8WKY,S,
44057,B07BSBVSBV,I,7
75158,B07Y9JMLXJ,S,
59814,B06ZZ6B28N,S,
34812,B07DFJT94C,I,2
96080,B0846NH2PS,S,
38044,B001AMQIUI,I,1
74454,B07662FC2H,I,5
13384,B07BGSYHJX,C,8
108641,B0983QTBSQ,S,
29805,B07K9FWTJ6,S,
28645,B08323MMYC,S,
101844,B0099SOUIW,I,4
21064,B007AFP8HS,C,1
108221,B08N131G8X,C,1
17911,B07X3BFWNS,S,
68399,B07D2X8QHM,I,6
1296,B07TXM1STH,S,
90283,B07DZMB1ZK,I,6
114773,B0135AV5XC,E,
753,B08FYF214F,I,2
103041,B01L8JJ80E,S,
57923,B087CVF3ML,I,7
68706,B01CA2RYH2,E,
93689,B0721SRM7J,C,2
101376,0692279539,I,6
46411,B074112WK9,E,
11277,B07QG3TY17,E,
60502,B078X2BG4R,E,
1927,B07DJ4N3V7,S,
11056,B07YWWH8SS,I,4
47317,B00ZGJ86HO,I,1
82801,B00JDRKLOG,I,2
99641,B00H4F9V7C,S,
68936,B074RCGYLB,E,
103440,B07QYNH5BL,C,1
23757,0590130838,E,
108324,B0080DI1DW,C,2
14726,B07F2VR8ZB,I,5
1146,B009GXRI9I,I,7
10628,B01N54B96F,I,4
114405,B0814YHJTG,C,12
96605,B01LXYO93N,I,7
30217,B078VXDHZY,S,
918,B07PTL9KKN,E,
70416,B01NC0WVI3,I,1
90683,B07KJYJJMS,E,
5554,B00Z7O7YJY,C,9
52877,B012YD5H7G,E,
53310,B0868Y6NNT,C,17
66563,B002789FS6,I,2
42783,B076H461S8,E,
57753,B004XM4IO0,C,15
89539,B01KMU4COW,E,
51176,B07GJ2MTFF,I,3
28228,0793525969,S,
85343,B07H611ZP1,I,3
81603,B07JD1RMWK,C,2
83724,B005YJUYTY,E,
91525,1882424581,C,3
3918,B08XGQHFK5,S,
82075,B07V82N4K2,I,1
74317,B071LPWKXN,E,
66447,B07MY2L58J,E,
114547,B07V3BJHKN,C,1
65287,B07HS8X8PX,C,2
44462,B000MGR1JK,S,
30993,B01LWU0SAX,S,
51913,B07956FQVR,I,1
18359,1594031436,S,
57685,B07YQWSF1V,E,
55523,B00N54KX6E,E,
17841,076843291X,S,
86861,B00HZ9AXGK,I,5
53881,B0764N7SB9,I,4
75987,B07BLJK5KH,I,2
5547,B0082KKXOI,E,
49232,B009GPJMOU,C,17
87536,B0856RN798,S,
75730,B083KLBW8G,E,
44219,B07XX42BBC,E,
93938,B07V4NCGZ8,I,2
71634,B00A5IXWH0,I,4
68723,B00TG3IZ4A,E,
109265,B08B79S65S,C,2
78873,B07SZGG2HM,E,
107069,B07736WT6T,C,2
66627,B07CK95QM8,C,2
52437,B07P6Y7954,S,
112912,B07CN8ZH98,E,
96131,B07QLB3S12,C,9
56245,B07LDF11FB,C,17
16178,B001ICNOO8,C,4
35131,B08GF8KW15,C,10
44071,B089RDFRL5,C,4
56900,B00M078UZS,E,
6159,B07RL8XNBK,C,10
51940,B07Q2BJBJ6,S,
36221,B088K8HJM1,S,
2030,B089QW429Z,C,3
74539,B07X2ZWXTJ,C,2
76737,B07FBB5XDR,E,
24750,B077BPB543,E,
34053,B07GNF5XPS,S,
109244,B01CIHI0MC,C,4
80963,B072LVD8DL,I,1
13218,B0043URV46,S,
101797,B0083EFQ86,S,
60745,B07Z52VB7X,E,
15358,B07Y2MX7PS,I,2
53229,B07QS5ZJ21,S,
4226,B097BF2FRZ,S,
23659,B06XDJ8TLJ,I,1
62975,B07GWZNF91,S,
114882,B06WVF8W79,I,5
90778,B07JCS2H63,C,10
80913,B01LXPJ5B0,E,
21490,B0771R5L28,I,7
55890,B008Y3OQN2,I,7
80567,B07V9JM3TD,C,2
25106,B07NVJ7775,E,
95935,B07941QCR4,S,
11791,B06Y5L1VHW,C,17
114323,B0768JCX9F,I,6
85882,B074Z69XCN,I,6
87930,B081LDRRDF,C,1
104752,B07Y2HQ8Y4,E,
4052,B08GY8LVYR,I,3
85053,B08FRQ2SX6,I,7
75596,B087CB8NTB,S,
60477,B01E45PP60,E,
26635,B000WY6KS0,I,5
34890,B072K6ZQ4P,C,4
54323,B01K6PBSK4,I,7
78249,B07MDXX8Z6,C,2
40418,B06Y4NC6GD,I,5
60746,B01AQVU3OK,C,14
102434,B06VWH2HCP,C,13
109652,B00MANZUTQ,C,2
63431,B073WGMBVG,S,
114703,B074F373TS,C,16
113482,B004O9PXO6,S,
63063,B07ZS468WV,C,11
111060,B07V2287RF,S,
8766,B00P9PUTDY,C,9
66041,B001GB3SMY,I,2
86235,B09CTN4MFY,C,5
39183,B086ZV3525,E,
54306,B00Z7SUZFU,I,6
85644,B0756P27YX,I,1
81048,B07BMMFKDJ,E,
39294,B0010SU7LS,I,5
85962,B017IAU4BY,E,
71309,B085RZM2G2,I,7
31345,B07KZBM4B2,C,1
76334,B098PZCPNB,C,2
46723,B07CKZ7998,C,2
114216,B091YDSDJW,S,
86235,B00USLE2K0,C,14
520,B08K76LNTM,I,4
108516,B072QZP5GR,C,7
105474,B01M1LFBP8,I,5
6971,B00O84TLJ0,I,2
20525,B00939FV8K,S,
91144,B07MZP4ZY7,E,
75216,B00AEFYRP0,E,
32055,B07CBZRXJQ,E,
110405,B07YFDNB4B,I,7
506,B07H1XYYS7,I,1
36145,B085L6W112,C,9
79557,B082ZK4GZQ,S,
110945,B06Y4MVLKD,C,13
57003,B00R9D47AA,S,
97217,B07JFRTFDT,C,3
41434,B01N11O00X,S,
50287,B083SMBK6W,S,
100090,B0875NF3CB,C,7
11942,B075LDG88R,S,
22014,B07RZBFHDN,S,
111699,B06XP5Y7PC,C,2
547,B07P4MS2C1,C,9
42592,B091P24PMR,C,4
26274,B004P6SK3Y,C,10
20295,B07H8LYRRZ,C,14
46705,B07BKR1S9K,E,
45340,B004B8F8MM,C,16
95501,B07KTHMSBS,S,
105126,B07G2PYNHV,I,6
55084,B00XWNGFG0,S,
15623,B079ZN56SP,I,3
96362,B00PQ5WZSE,S,
19867,B00RSIHHI0,S,
105301,B01G934L2O,C,4
114565,1087454689,C,2
95335,B088F459KC,C,4
69593,B09CKP1FVB,S,
29734,B07BWV24DN,C,3
99406,B07C22SN95,C,8
31555,B079QMWF72,S,
83702,B07FF172KL,S,
31972,B07PQTPMGN,C,2
51025,B0861BY9PJ,C,7
65572,B09685KHP3,I,4
62686,B07SG15148,E,
510,B00HHGT34E,I,6
6511,B00A3M0N5M,C,9
44353,B0895WT7NQ,I,2
48900,B009G569DC,E,
28901,B01M67DBG6,I,3
80472,B089CKBG7D,C,7
48595,B0797MPPZ3,S,
93172,B00JG7Z396,C,5
85554,B06ZZZWYFK,C,2
1389,B00AXRBK72,I,2
72441,B0861N4NNF,E,
19676,1632531402,E,
48652,B093P4M9HD,C,7
4903,B08SQ95HZD,E,
24526,B086W88CR5,E,
25034,B0777S5TGW,E,
3809,B07VM92QSP,I,2
38139,B076FW5KX9,E,
20972,B095DDZG7V,S,
68562,B08GC98KPZ,C,2
1494,B08ZN3LT5Y,S,
11583,0316538973,I,4
45848,B078S5HLTR,C,9
51288,B00KC4MBHY,I,6
49645,B07MQXNZZN,C,2
66964,B002YLHZ0Q,C,10
13614,B07SHDQXWJ,S,
27100,B0021UNLIU,E,
111119,B01N9RYIKI,E,
61581,B072K1N6PN,S,
20295,B0766M9SVY,I,5
46194,B083FD2X9G,S,
113666,1565238877,C,1
63063,B07SJVFH6Y,C,17
1274,B07TWNLVXM,S,
36512,B091BY5FX1,E,
101053,194959520X,S,
27877,B07DPMBGL2,S,
106539,B0792PL167,S,
17129,B0832FKSBM,S,
82880,B086VRS57W,S,
3076,B005IQ4LJW,I,2
9324,B00O4UQ7JU,I,7
11237,B004OUFNZY,E,
74392,B00BC37CHS,C,4
48656,B07T8YDQB4,I,5
86559,B000GU9X6G,C,7
65561,B07JMTQQFF,S,
103680,B017V621XE,E,
52813,1726694224,I,2
86446,B07XX6732L,E,
61953,B07W6X8FB2,S,
34077,0756658691,E,
9689,B01LXJFMGF,C,8
56712,B075FND17R,S,
5518,B01AFLKH0G,I,1
31872,B002WKK6WI,C,2
5414,B09DY9P8Q2,I,4
115172,B07L9Z9YNN,S,
10631,B076YXJD81,E,
11039,B00020LZAC,C,7
63505,B07CGHB4F9,S,
97930,B08C733V77,C,16
68427,B01H2KCE3Q,E,
95660,B078VBVVMW,S,
86643,B084T8ZLXH,C,2
62286,B08CSNQNKB,S,
65898,B07Y5LVD1N,C,2
59669,B07DW1NF98,I,7
5,B08Y8VX63W,I,1
75746,B07GH6WX29,I,3
96748,B07DKH28FM,C,3
36614,B079S8K1RP,C,11
1720,B07SH53PDM,S,
26479,B07KXTT1SX,E,
31508,B00JH127IQ,C,4
35311,B07CB317QW,E,
48055,B0719S4DNS,C,5
4171,B08B3D92CJ,I,3
88276,B01D1J2BW6,S,
38019,B07L9PP8BH,S,
101971,B002WPMEW8,I,6
61505,B074882MTM,I,1
76903,B07T4KJFRY,S,
47449,B07RNKHMT9,S,
9897,B07T95GP3D,E,
46343,B073NYWNS2,I,5
29816,B099NB3BMC,I,5
45920,B01IFBPX7A,E,
36821,B07G7GYFYJ,S,
50847,B075B4ZHMG,E,
62347,B004Z564BK,I,5
105359,B01FRLDP26,E,
88076,B07PSKL8RK,C,4
113952,B07VVRZDLY,E,
85571,B00RN8AMZU,E,
1441,B08BY9Y66P,E,
14789,B01LYGXUDK,S,
69008,B00C176IEW,I,6
57937,B07ZHTW5CW,I,6
82192,B006H42WWC,C,6
72202,B07PJVVPC5,C,10
104491,B07WC993LP,S,
107700,B01GP63ETQ,C,1
107154,B07KVRNTZ8,I,5
48650,B00NR370AK,S,
81280,1912128918,C,3
66197,B08CD94K5V,E,
52169,B004BQ4PBY,C,2
46468,B01KE5M36O,S,
3969,B01B45UG1M,S,
100835,B078N4D65J,E,
33995,B07N39627C,S,
102821,B01F63VCKM,I,7
112384,B073QFKRPT,E,
3539,B07HBHV6LV,C,14
100955,B01AXPIF5I,I,5
112735,B07KWXLX73,S,
29423,B07FRDK729,E,
27336,B07PWCTLCW,S,
834,B00G2VMXCO,C,15
6932,B07RPBNNZ3,E,
104031,B078HC71BG,S,
105629,1425889883,C,11
57950,B07TDP5V6P,I,6
16261,B07QWQ5M6Y,S,
91524,B07SHCCRJ6,E,
78186,B00OWM9Y4K,S,
63297,B00Z0UWV3O,C,1
19454,B07GLK88YV,C,8
113431,B0822B3V44,E,
39970,B07N2897CX,C,5
74797,B001PO29TA,I,3
42139,B0090C7A5C,S,
26565,B07NPHQ51C,I,1
36229,B087V5V9DJ,C,3
3620,B086MLPLJJ,I,2
52432,B07YKMZR3P,E,
57267,B003YFHN8U,C,1
59204,B000CMSBCU,C,1
47355,B07RDQPGCZ,S,
52081,B074KNV9KW,C,9
67760,B07NBWG1M3,S,
53426,1656906708,C,1
7376,B08DTM19X3,E,
81394,B001QKLNPY,I,4
20038,B087BZN95R,C,5
76529,B07P684PVV,C,10
8167,B01CWKXEDK,I,2
81546,B07QY557RF,I,5
82015,B08DQQBKBD,C,10
110249,B07L26RJH1,S,
5095,B004QPWAT4,I,5
9803,B07QKD8WSY,S,
51940,B003A4JFUE,E,
49552,B07RS9DKVB,S,
20314,B013YH1VJY,E,
55310,B018W2EH38,C,5
59938,B07S3259MB,C,2
641,B078S11QWJ,E,
110316,0393692515,E,
111041,B07RN43X8T,C,3
70567,B08XX8Y5SX,S,
62384,B076ZYHKF2,E,
48332,B0147R9UFM,E,
91347,B0784ZCT1L,I,3
15263,B01LQ95IFA,C,9
20875,B08941MYG2,E,
104832,B007WVCDO6,S,
86469,B07B7VNK2J,C,1
111520,B07LG1GD1R,C,3
99410,B000HWJGEW,I,7
98565,B07B8WFK1Z,E,
3078,B08QZXWT4J,S,
19522,B07DHCNFMB,C,11
25415,B076NB4P22,E,
39522,B07S427CF9,I,6
87402,B016MV2PBC,I,2
83254,B08K3NL2S7,C,7
69008,B00D39X5WA,I,5
860,B07KFNBH1W,E,
201,B07SRRPHX5,I,4
41450,B099549W7R,C,13
20486,B00UVHOE9K,C,13
70701,B084JKNLSX,E,
50175,B09DPQWHSV,E,
24143,B08V4DY932,C,13
75801,B08P444ZMB,S,
1415,B07H3TXKHF,I,2
99473,B07PXCD9TJ,E,
3270,B08C7G2CS7,C,7
1015,B07LDVXK4Q,E,
101443,B086C682FX,S,
19242,B08FCW4N3Q,E,
22935,B06XCMKTYQ,E,
75,B008DQ9VV2,C,1
81933,B08166RD99,E,
66282,B0042SR4BY,S,
5947,B08BWS4N4L,I,1
80614,B07YMNVXVV,S,
80306,B01N7UIW64,S,
17905,B019SKAKFC,E,
108303,B075K2P23P,I,7
13439,B07XFPSZ58,S,
58035,B093FLBV7N,S,
41408,B08469C1QK,E,
2941,B017VJOYJU,C,7
93689,B073GW5FJ1,C,1
43988,B07PQDFPM6,I,4
43166,B07BT4V1YN,I,6
59976,B07QB8DLF6,S,
111222,B07PK5Z73S,I,6
792,B07PLNWF2H,E,
78405,B000E65OK6,E,
82648,0071840591,I,4
114283,B07L5TX5TH,C,2
412,B08HR4SNN1,E,
66397,B0829Q58GP,C,3
28620,B07JN4FLZW,C,2
29644,B077SYQKVY,E,
26274,B003DLJG44,C,3
19029,B07YYZKCWR,S,
17232,B00NOKWUYW,E,
36479,B000I9WW72,S,
114253,B07G3HHSBF,E,
85554,B072B8N7YV,S,
8631,B082LR3VT5,I,4
92680,B00UFG81IC,S,
37198,B07NRBN6WG,E,
86061,B071RH4Y9W,S,
20566,B001G42Q4W,E,
17860,B001OR7ACE,I,2
85625,B00KZQ5RFW,E,
1625,B08ZMKNRJC,S,
5100,B00MVAF1BA,S,
22828,B00R63HI9K,I,6
81994,B07RP5R18J,S,
65752,B002KV1MJU,S,
25319,B085CMM4R9,C,3
105474,B01GG2O2B8,I,8
24530,B00A2TUAUO,I,2
30188,B01HEXF7H6,E,
40841,B07GLVFVBM,S,
102636,B01CXKUJAK,I,7
100395,B016Z2FA92,E,
75416,B003JFMZ7O,C,3
86866,B008AXYWHQ,S,
26382,B08RD5XGBP,E,
21258,B01M6WPK1A,S,
79397,B01ASIAW4W,E,
51097,B00KTJA73M,E,
104,B07GH6WX29,I,2
110648,B00GSVK0K0,I,4
3093,B07KYJ8D6V,S,
561,B07P6HMWKF,I,5
10820,B000MLL6RS,E,
17754,B06XRSZX24,I,5
12023,B00IRKA564,E,
43665,B07WP9QB5B,I,1
22991,B008NDG1YA,C,10
98678,B07J1PGR46,S,
37362,B07RS4K4PN,C,14
34685,B07L4ZB8MP,I,1
85272,B071JT2HCZ,E,
105656,B07RSF528N,S,
72810,B07WJG3PFL,E,
38779,B07QVCZQ7N,C,12
19301,B088D6VLTH,E,
940,B081J29V6T,E,
64899,B07PZ6CPLH,C,2
113446,B089DNK14F,I,8
51,B08HSLC66R,I,4
111041,B07PMHHH7C,C,5
1031,B00X02DG92,I,1
49434,B07XDWQC24,E,
63785,0847868273,C,5
104073,B06WLGT52S,I,7
40975,B08CLD42V7,S,
36658,B079TDDYM7,I,2
102004,0471677914,I,4
3568,B07B5S9GC4,I,4
56026,B00023S8IQ,S,
55194,B07XK16JN9,E,
62167,B00IYWZP3I,C,7
17705,B07YW6Q8NB,C,15
45075,B09JBQDHK1,I,6
36578,B08VHQHPSB,C,2
38740,B081JB81L6,C,16
1441,B0785JVT1S,S,
109044,B01CH0BG7G,C,2
17707,B07D26DW3F,C,14
12339,B091BXFKRB,C,1
37857,B008DG7UCO,C,5
14816,B0084VC5N2,C,9
21064,B007AGA9GM,I,4
91356,B08XTGT9J1,I,6
55356,B06X19FVN8,S,
101077,B00XZZJERW,E,
29350,B086VDGB9S,E,
91233,B07Z8FX2T8,C,1
55646,B07DHF4D6V,S,
109266,B0817GZKSH,C,6
1772,B018JOIXWA,S,
49424,B078W67DWS,C,2
95490,B07KVQMZL2,C,10
10181,B0817JQR9J,C,3
114977,B083GBVYCL,S,
81720,B0169FBARQ,C,1
90,B089LKGWDH,E,
99738,B06Y5NS4F9,E,
90200,B07XX8FVVC,C,6
1002,B00004RGB7,S,
79595,B08BYJCQZS,E,
23725,B074X7K2Y3,E,
72954,B00U24CX9A,S,
14725,B07DLD4NJ1,I,3
835,B07QDZQX2L,S,
112220,B08H855DNG,S,
1279,B01JYQLUOA,C,5
74194,B07TDQNCZB,C,5
114638,B07QY6NCDV,S,
13657,B07B6NP36Q,E,
56876,B075ZW9B4C,C,2
33905,B091F3VP2W,I,7
106914,B01MQMT7VJ,S,
69186,B07SL25J5J,S,
81663,B00ILK6IS4,E,
115362,1585363030,C,13
73179,B096K8L44B,S,
43012,B07HRGB6GP,S,
6429,B072JS92L5,E,
69417,B005HEAA6I,S,
55395,B000M2AAA6,C,3
5343,B079N4DM13,E,
20455,B00ABKN3RQ,S,
1016,B06XQKHWGV,I,8
18274,B00Q2FAEYO,C,2
26918,B0057JA1QC,E,
106248,B07TV1GFPK,S,
42304,B0002AT9EG,C,9
2168,B074W9ZZVX,E,
2549,B096RVMCDK,S,
67265,B076XTCKLG,E,
1628,B08DK7HWTK,E,
11314,B074L83872,E,
57378,B07YSWK7GT,E,
46539,B07VRDWQ6L,C,3
110327,B07DVCQBDV,I,3
2022,B07TKDCWPM,I,2
24530,B072KGBKXP,E,
50944,B00AI6QCM6,I,1
70859,B086NTR5VB,C,10
62330,B003XDIU30,E,
95398,B01IWEY7S6,E,
102523,B00QN5SVUM,E,
8093,1626347670,E,
57130,B09HK5LLGX,C,1
76452,B079LXG8XH,S,
55012,B095VQF4QG,C,12
36011,B004OI7H7S,C,9
51244,B08LW2CQMY,E,
78807,B07TKDZ9YR,S,
115576,B07VFBJDHG,I,3
49659,B08ZMYLRYL,C,6
114343,4047333670,C,15
94065,B01F377ETO,E,
68990,B0011NODQ2,I,2
32772,B07WLTJM7Q,I,1
99354,B081ZRLFT7,E,
2161,B07FMPYMHJ,C,17
115341,B00NWFE03S,I,4
66907,B014XQZ9AM,S,
53212,B008FM7YLI,I,5
25128,B072L7RJ7M,I,5
78,B01GPJDVQE,I,1
24327,B072S7WKXF,C,2
14984,B00BWIWW1Y,C,16
45132,B07XWQ9C36,I,6
54574,B07TV2136H,C,10
68091,B07FVHX5F7,E,
40969,B000JPGL3Q,I,4
35883,B07B68NP1C,S,
7841,B08541MRJY,C,6
27494,B07R79BNT2,E,
1596,B07BP4724N,E,
28723,B00QTWVJJ4,E,
110198,B01H42PDYO,C,12
98845,B07NMV4RT2,E,
38651,B00Z1KR35O,E,
1653,B00004RG7X,E,
38434,B078TD3DCZ,C,6
12018,B008VUMJ9Q,I,4
108076,B01N3KTZYX,I,1
3976,B07GKVNH2V,S,
7604,B07M9TGGSF,C,2
109597,B07HR71V5F,E,
90533,B078H9GNKY,E,
42046,B07MGHYN8Y,I,3
23930,B07NKZP1J3,S,
25009,B07YLZSPVD,I,1
114005,B07X23FTS7,C,1
75670,B013WPTZ1O,E,
20713,B01JCZTKIQ,I,1
73833,B00L59D9HG,C,14
84623,B07SHRMZTP,E,
35123,B08J5S5DD2,I,7
38813,B07ZPN2VDB,E,
1214,B06XWJ2K7B,C,13
62245,B01BN0MJZ4,E,
56724,B07GSS4GW5,C,2
80135,B01CZO5GWA,E,
88200,0060937998,I,1
111116,B0782F5FGS,E,
1942,B07GBRJD2X,S,
34522,B00CJQ56AW,S,
22645,B078WZJFFC,I,6
1912,B00HPYAFKY,S,
5156,B01N5C424X,S,
5214,B003IWYPXK,E,
93337,B07N4RTB3C,S,
110102,B07CBV8BTK,S,
70567,B08GP6SN74,S,
63905,B07GZTZNFH,E,
115813,B00PUTEZNE,S,
53388,B07D4YW5HR,E,
43603,B01JLDZ2HC,C,1
17445,B07SL3BDF9,E,
106849,B07WG11CYQ,C,17
67470,B07MBP8VMY,I,2
37049,B08B1N99RR,C,5
66372,1250035856,S,
107923,B004P3P2U6,I,5
60475,B07XNNMB45,C,8
35813,B07HFKX16Y,E,
69678,B08DLNG7Z3,C,9
25261,B01K5IAAHO,S,
67662,B07FLWHBLS,E,
100011,B086631KR8,S,
10867,B088BC5HMM,C,7
79,B092LKPTXG,I,1
41695,B07Q12WYZ3,C,16
88390,B00UKHWIVM,E,
87930,B001AQZI64,I,2
19238,B00OG4UFU6,E,
87665,B091NXZSBP,S,
56761,1409191621,E,
49232,B018A39414,S,
86231,B07DR996H1,S,
66627,B01LXPQXEK,C,1
414,B07D7WM1QH,E,
89549,B011CRO9IS,C,11
66201,B0083LVVQA,I,2
90979,B07F1W56RS,E,
81558,B0752DP8YB,S,
1187,B00PX95KSK,I,1
69275,B092XMJZC2,I,2
68330,B00BJJWJUA,I,2
110380,B088TSR6YJ,E,
1814,B01MD1RZHR,I,4
51081,B076HTN6M4,C,2
96352,B0184BHTPU,S,
7866,088141249X,I,4
10886,B078LFQK3B,C,13
432,B07TJFRB8X,I,1
6717,B072BVXTQL,S,
106461,B072F4YNRS,I,3
93570,B019OEXZMC,C,7
89786,B07KVWKXHN,I,2
73193,B01EX9GCXW,I,4
31791,B00GYHDV7M,E,
15795,B078NLCR7C,S,
69191,B009NXECK4,S,
99094,B01BYI8R1K,C,5
9871,B084VNSMPP,I,7
89434,B07GSGN2GS,C,1
33464,B07YJW5BHF,I,4
35742,B010A5J4O2,C,7
85337,B072SST5YS,E,
5037,B083FX5TGG,C,1
45875,B07DPGFLD9,S,
70397,B076HZQ2TH,C,5
46825,B07DZ3BC7Q,I,4
36657,B07GKY6QV3,S,
73740,B07SXDCJ8Y,S,
7214,B00WO2SBPS,C,6
98427,1984817426,E,
40839,B07NR4X8PY,C,17
69456,B00KH9PR48,S,
14582,B07T46RXNN,E,
24018,B017R71Q8S,S,
98057,0865715084,S,
57578,B071P9BXDY,I,6
112445,B07CT3JMD9,I,7
26836,B00MJU22WS,I,1
68346,B07L6PQC1G,S,
102100,1578636124,S,
60508,B07G12HV1B,E,
28334,B07WNGN9X4,S,
88046,B0725W7B65,C,7
573,B07ZJGMCJ5,I,3
90747,B0757RKM6R,C,1
19643,B07D7FJFHF,C,1
34033,B01NAFNJ02,I,4
58029,B085ZTJ9VF,E,
27228,B076JK8L5S,I,4
82961,B08HRB8KPH,I,4
110400,B016M5A2VS,I,2
113661,B07YRWL627,I,5
65439,B015KF1ALW,E,
60478,B08R6VW3VW,I,3
55224,B0009RUZ86,S,
108761,B08MW38QPR,S,
115666,B07KFPLDGB,S,
7276,B09CPLGV4H,E,
92083,B07C32SYW7,I,2
75730,B07TLYBTJG,C,14
83933,B06ZXTGFDR,E,
85706,B07VK2FJK7,I,3
82993,B091LCN8JD,S,
68623,B08NPCY5P3,E,
106085,B07NCBFRFW,S,
112220,B01N7RGV3H,I,3
69702,B01ITGEVV0,S,
69382,B00OZSMKRY,E,
31627,B07ZT996BF,C,2
71250,B08CSJ9KKL,I,5
5864,B08MV78MD3,I,1
50071,B081C4WVG5,C,2
12237,B0865R5H82,E,
114786,B08WYSZTBJ,S,
37262,B08Z31HJ86,S,
20938,B07MX5SP96,S,
112686,B07Z46B1FB,S,
34741,B07756G26Y,E,
79521,B07KFHWD88,E,
74043,B07BHV8DKG,I,1
101196,B01BHCGU9E,S,
71248,B079TC31WG,E,
68454,B07QQJTWXX,E,
81740,B00K5U2XYG,C,2
67514,B07Y5P186D,C,8
61769,B00WKST5X8,C,5
42772,B015LCETIA,S,
70728,B074Q73H5V,E,
53465,B06Y1MGQXJ,C,8
22307,B01LWQ0ORJ,E,
7845,B0759J2NDC,C,4
5283,B08HRN4LTP,S,
82026,B00KE233Q2,S,
37533,B07VRMQHZK,I,5
51333,B07NSR2ZPY,E,
6789,B07D9LF4TL,I,6
71644,B000G6ZEUO,E,
101001,B07KDNXQC7,C,1
65575,B08DKWKCD2,C,1
36281,B08NF11PNS,S,
23865,B06XNNW4GL,I,3
104847,B088T66BL2,E,
113558,B00I4Q71XG,S,
91846,B07VQG3YZY,S,
74141,B08HH6G48J,I,3
94862,B00KCWAMGS,C,11
1216,B005KDD360,I,4
107,B000XEC01A,C,1
1745,B0042P6KQM,C,5
92488,B08JYCJPJR,I,1
31431,B002YLT47I,C,3
102153,B085RT6QPR,S,
13177,B01IT3VY54,I,6
56323,B01GIFI56G,C,4
418,B00807U22G,C,1
115088,B07HFHNZWW,S,
30803,B079L624WK,E,
20729,B072YVWBXH,S,
46912,B07QHG8HW8,S,
10118,B00BJH02EC,C,2
115921,B00TIRQGVI,C,2
83928,B07NSLR4NG,E,
63302,B01960J1YU,C,1
90871,B07FP2GB7Q,I,1
69193,B00LCU7I20,C,2
77876,B08WJ14ZYR,C,4
113597,B0784315XK,C,12
94988,B00PVX6LAO,I,3
114693,B000BT0Z9Q,S,
51045,0760357862,C,1
6342,B01LDEZ2OA,C,4
72244,B083M9P8V7,C,1
96507,B0793QFP69,I,4
3078,B07BNBGKLS,E,
9760,B07W3GDZM2,E,
115766,B00WHA3X3M,E,
109794,B075QC4X8X,C,1
66163,B081684251,S,
58370,B075NMNV34,E,
39295,B08H3X26L9,S,
115666,B078BBYNLC,S,
67678,B0932V8T65,E,
19865,B078WFTYH8,S,
49522,B00TKV4UNS,I,1
9804,B075NFX24N,I,2
1501,B07CMNW7GD,S,
75754,B07Q2MYLCL,S,
25415,B086CBWB2N,E,
83511,B072J77FVC,S,
96676,B08B8RSFMK,I,1
53738,B07WK5THPS,C,2
64686,B0795XSYZC,S,
28010,B006S826SW,E,
114882,B077365MJS,I,2
88200,3775745394,I,2
74562,B07JPLY34L,S,
77190,B071Y83DTG,I,1
102072,B08573QVVN,I,1
73894,B0882SJ9H3,C,15
77132,B0768NV5L5,C,1
3066,B07BLXW1ZS,I,2
51574,B07MQ84KNW,E,
88682,B088TQFC92,S,
53592,076435129X,I,2
41314,B00GLL2NG6,S,
5485,B08K8HZRFS,S,
94017,B008D2TUCG,S,
97187,B000E26JT0,C,11
72435,B077ZCDNPR,C,13
46157,B00HJ6ZY04,C,2
68108,B00OAOANYK,I,7
55,B07TTTLXV2,I,1
115921,B01DSYJFZ0,C,3
15256,B01N1RRFSC,I,7
31774,B07N9B3RNB,E,
50775,B0086D593G,C,1
89314,B00L8KP12S,C,3
89703,B08QFWBDMZ,C,3
11832,B01N4H4U2N,E,
112673,B085L7BGHZ,I,1
1031,B08LMLH39J,I,3
75127,B000VWQTWK,I,3
105845,B01HC40AHE,E,
26254,B010KNCWV6,I,5
63384,B07XSPCBVR,E,
41961,B002TMRMHG,C,3
89511,B07B46GG1P,E,
71865,B01CH6D07Y,E,
3934,B001D1JCK4,E,
66182,B0000CFFS6,C,2
38524,1388239434,C,1
80851,B07HH5ZLRQ,S,
104332,B08YLZ3ZSN,E,
83933,B07D77HYR5,E,
18552,B087BZHQBK,E,
38200,1548100323,E,
29824,B0013JRFUA,E,
22216,1945056851,E,
19155,B00JS09MF2,E,
59942,B0722J415P,C,3
58083,B015DK90LG,E,
8949,B07F5ZD1Y5,I,4
20949,B076PNPTML,I,3
70325,0062840363,S,
19973,B015IXPRWY,S,
82111,B08GVSVWVM,E,
462,B08NQ38KQ1,E,
29817,B07149Z64G,I,7
42827,B07PPCVFQ4,S,
37985,1524718742,E,
99965,B00NK3OV9U,I,4
14052,B07F39D9PQ,S,
99438,B08BZ9YQW9,E,
54368,B07MBQDT57,I,7
104127,B082YYYPKT,S,
74191,B07JNCTWK7,I,3
43984,B07S62SM38,I,4
14110,B07Z8S61DJ,E,
32067,B0011N0LTA,C,3
14049,B087V4MF7M,S,
46616,B0776GFM5V,C,3
105960,B07K3275ZH,E,
84030,B088XXWKGM,C,3
329,B07DRG5Y3H,I,2
48477,B07CSPMTZ7,E,
14403,B084M96295,I,2
87569,B00HHGB234,E,
26502,B00U9PMB8U,I,6
96343,B000AQFF8G,I,2
53357,B01NCNGC86,E,
35797,B07H34M6XX,S,
1481,B00XNCBFBA,E,
34585,B001KN3Q3E,I,1
16424,B06XHS29GY,C,2
93935,B07LDZ1SS2,E,
110494,B001P2QJFW,C,5
88891,B00H8X8D56,I,1
94079,B07YN5QCDX,C,8
110205,B074J8B1ZP,C,16
52419,B0101APKS0,S,
27756,B095KGNWHF,E,
29400,B07H9X1BH5,I,2
32068,B07RT7CYZC,S,
103370,B07DYBBQCT,E,
7033,B07RQSS24Z,S,
39938,B07PXCC5G2,C,11
86389,B07N98FR6G,E,
48448,B000RHTZIO,C,5
53881,B07525YWWZ,I,7
50172,0679745580,S,
20621,B001PMC5OG,E,
34077,0789410702,S,
13674,B07L129RWT,C,13
25415,B09G75P8ZM,S,
89157,B07GVR736V,S,
50547,B082B3S6N4,E,
70938,B01LG0NPC2,I,6
47532,B07W1RNL4W,C,4
33912,B09BZM5G1R,E,
51263,B006F211OG,I,5
21568,B0027AFCAY,I,2
51355,B0812D4Y8M,C,2
18041,B098PXJW7W,C,6
17000,B07CZ3SKK8,I,2
25582,B0006PJ0VO,I,2
13180,B00FB7XKYK,I,1
52195,B07N4CTYBL,E,
18666,B0798F5G8Q,I,7
84469,B07CN5GM5N,S,
71057,B06XKCCQ82,S,
58853,B07KK5W2BW,S,
69103,B075H1W1BG,E,
58628,B087BXZHW2,C,1
109834,B07XF2P9KR,I,3
73008,6139466393,I,1
76970,B004ZLAGN6,C,14
69402,B00I3BJ38I,S,
13064,B08W48PNVM,C,3
49788,0578620316,S,
111741,B07JBK8LZX,E,
98605,B075F51ZKH,S,
16131,B003KQR12G,E,
60044,B07CN8RXXG,E,
113706,B071JSMKY5,E,
5105,B01MA55MS5,E,
94172,B07GHW81JJ,I,1
71004,B00005RD56,I,1
31938,039330230X,I,4
26674,B006TIM1IG,S,
18487,B07SZ2YYRY,C,6
14115,B07PGRVRCY,E,
81424,B07ZWXY1Y7,S,
29267,B076Q61H6B,I,6
102084,0138089981,I,3
27780,B07Z6JDB28,E,
75122,B00P1Q06B6,C,4
74639,B07MFG15JB,S,
102139,B00QO3LP8I,C,1
16190,B07W8162FQ,E,
17156,B07FPBGSBS,C,8
76232,B071WW7SLZ,S,
105786,B0058J2YE8,E,
7015,B00PW4F73O,C,4
104651,B074TS4NWS,E,
1279,B08TWZXQ3G,I,4
5831,0345807294,I,6
20949,B07FNVPW9H,C,14
19621,B07NQZNR5M,I,5
81799,B002L24SI0,C,5
47435,B0821NQT4H,S,
40289,B00OH98DZE,I,4
16052,B08LR4S4JV,C,10
40875,B07SJZJ39Z,S,
35475,B08VDP17XZ,E,
3582,B08Z8D2XZQ,S,
32139,B07YWS6JCT,C,7
31785,B01GW8XRCG,I,3
36242,B06XG7WKKL,S,
104588,B07X5TR981,E,
21021,B07D5LX8CP,I,4
581,B08M9NXWWR,I,4
48987,B07PKXC7LT,E,
35097,B07QTK3L33,E,
100517,B076X7MVVB,S,
6075,B01C4TNK0Q,I,6
94952,B08YR8BRMC,S,
110228,B001PIVFU0,E,
86441,B08HYVR5HM,E,
64763,B00O47Q1WG,I,6
109001,B075XHVV4M,I,2
68896,1484236696,S,
50909,B07JCVN4JV,E,
38794,B007PBK7TQ,E,
114253,B07TFP7JFH,C,9
18405,1786819473,S,
71795,B00MXJSGTS,C,6
3568,B076H29WF1,E,
59335,B01M0P6RXS,E,
83345,B01EN9V8T0,I,3
109415,B00000JD34,S,
51368,B00EUMSII0,I,5
83795,B07RZ2LC3L,S,
111802,B08JYFHG9M,C,5
9031,B0019JAQUA,C,5
106796,B089YBG23Z,E,
87507,B008B2ZGDU,C,3
74677,B0002JSX6C,C,2
108872,B07643TW2V,I,7
66814,B0021Z80IQ,C,4
69186,B07K3V3J41,S,
37016,B001TWA17K,E,
102445,B06Y1264PX,S,
635,B01N6JI35P,C,16
70887,B00HI9J3JU,S,
101108,B07X2LMGCF,E,
99740,B002J6VMPA,E,
79848,B077JH8ZGL,E,
46491,B07WP3VZNS,C,8
34245,B01BKSIHGE,I,5
114716,B015HIPK86,E,
89961,B07XLH9BQG,S,
115629,B0749T9163,C,3
74111,B004AB70US,E,
111223,B00352TZCE,I,4
6159,B07RMSK967,C,3
73278,B08B4RBDM1,E,
44720,B07SVYVGX7,I,1
90184,B07WFMQKNS,S,
91057,B089PM4Q3Q,S,
16108,B09DD4SG89,S,
64176,B082LRK6FY,C,9
9641,B01MZ7AADV,E,
38009,B07Q1V8245,I,6
97685,B00KRIQZK4,I,2
93836,B00EVIJJA4,S,
94808,B0716JH63W,S,
102152,B01LTHWWTE,I,3
4700,B086TSX299,C,1
1079,B079GSWTTL,S,
1524,B08HCYQVD2,E,
48858,B07V9NTKP7,C,11
76693,B07QQTBY75,C,11
50448,B00G8SFLKW,C,9
112302,B017WP42JA,S,
17710,B00AGPER7Q,C,2
11606,B01AU7YU9Y,C,1
40505,B083JVJQH4,S,
69227,1641524375,S,
6482,B088LZ8SQL,I,2
57726,B076HR1D34,C,1
20799,B07P8M1173,S,
4408,B00FSDL50I,S,
59257,B074QVPRY9,E,
83557,B07S11DQG6,S,
111548,B07GY4KCVV,E,
52424,B093XMNDTC,E,
21577,B0045WUA54,E,
111199,B074RBDF7Z,S,
20735,B01E9FHQIA,I,4
32359,B07VXWNBKP,I,1
88407,B00L4JJP4S,C,6
114126,B07BFQNLGQ,C,9
36454,1890132810,I,2
4780,B07QS57Y1Y,E,
112800,B07R6DV2RQ,C,6
12749,B06WVSFYVZ,S,
43649,B07JFWL7J3,S,
10579,B01KCP48HI,I,8
59360,B08RSJY8KZ,S,
34004,B085QGJ265,C,1
111219,B07NSJGFGB,I,5
106511,B082SYZW8L,I,4
10380,B01LXCQD8L,E,
84868,B0009H5DBA,C,11
1461,B08QJH146Y,I,2
1187,B08YN9RYGY,C,8
7842,B07J5FJ8TH,S,
70885,B082WNRSPY,S,
101387,8446039354,I,8
1661,B01ICG015C,S,
71792,B07GWRQW3T,C,4
8093,B003VD1GH4,I,3
74845,B07NLHMYH4,S,
32066,B0912XYXQ2,E,
113069,B01NH9LF2D,E,
50888,B00YFPEA4S,C,1
58934,B07K4WPV25,C,15
40849,B074TJCD29,C,17
93655,B07W88469Z,E,
34965,B004O276P2,C,14
37936,B00PRYQQES,I,1
42876,B07CZP73W9,I,3
53738,B07XNC7GZB,C,1
30275,B08625F6N4,I,5
38955,B09CK1P36G,C,15
19968,B01H71AZ36,S,
58342,B07S2VJ4MJ,E,
25824,B00T87DLRA,C,7
643,B07VP635LR,E,
58026,B007SAC6XE,S,
1160,B07NCCS5TZ,S,
45827,B08LLF2Z3Q,I,5
1769,B00BP723VG,S,
69136,B016J0QQKW,E,
65526,B07F85C19W,S,
91389,B0823GW9ZN,I,4
1313,B07NM2ZM74,C,3
74411,B07F1YS3NB,E,
60079,B07H3R87QT,S,
48359,B01AIGC62U,S,
32510,136800251X,I,3
48774,B01DF3F670,S,
19783,B01G2FE8N6,C,17
64511,B0182P9JII,I,1
84573,B01L8GRSZO,S,
44204,0578958899,I,1
32992,B08SK35PBR,S,
90820,B07WFJRHW7,I,5
23966,B09CGZDSKX,I,5
31508,B001AQPUSA,C,9
45336,B00T7WNHPC,C,16
23238,B00B0430A2,S,
96584,B008HQ6AIA,I,4
5446,B002UNMZNU,C,10
109121,B07WJBZTRR,S,
97774,B008OVJYFE,I,4
43104,B00L2CS994,E,
68555,B01FFOWP62,S,
62728,B07BKXKYFF,C,6
46881,B07MLF1VSB,E,
47532,B07TV3H1LP,E,
101387,154330138X,E,
40023,B075WXWRPF,C,4
77753,B07QG7BFT2,E,
4780,B072QGQVQ5,S,
57261,B072C2ZXBX,C,2
35140,B003KMW4EA,S,
36667,B00FNUU642,E,
41608,B07Q2V1XSP,C,15
46214,B08JD2V2NS,S,
67458,B08TWTV4NZ,E,
1247,7245456313,E,
53286,B07N5XKCJ7,C,1
37774,B00DEQDGEO,E,
38676,0678452547,C,15
99990,B07TJK4KT4,I,2
4700,B07PY6Y5WX,C,4
75809,B07B1M33RG,E,
36590,B07P6T8J87,C,2
17060,B0015DEDEK,S,
1202,B008OILG5I,I,1
110788,0448484277,E,
56819,B07NYND4NL,C,3
41280,B07Q5ZDH68,I,7
97837,B083327HLX,I,7
109653,B07S74H92Z,E,
114693,B0012SHLVK,C,7
92764,B06WP7BVJ2,E,
958,B07S7VBHR2,I,6
50083,B00J4YDQIQ,C,8
88272,B07SKRPF4G,E,
9665,B00A83I8G2,C,8
44170,B07PP74ZQV,I,4
16066,167774832X,I,2
51936,B004FM76LU,I,3
73242,B07KWWZJY6,S,
39553,B07N18LRF4,S,
86,B07VDJDMLV,C,1
910,B0855V5NKT,I,1
11060,B000OCPUDQ,E,
113388,B00E9ZW7SA,E,
77802,B07QR2VM2Z,I,2
85131,B07NM33MPZ,S,
37395,B00991QB4A,I,2
23437,B089QV2MVJ,S,
105360,B07QL6Y96T,C,2
72501,B07CZ8MVPT,S,
76930,B07C3LYNZ4,S,
52501,B07Z9L1753,S,
15680,B00FFJ2PXQ,E,
70690,B073G8PRMQ,E,
71334,B000A8C5V4,C,13
72441,B08VJHYQH6,E,
99466,B07F5KDRL6,E,
49862,B00KOUH9M8,I,3
1036,B082SBZVWD,C,8
17979,B00S95JWIY,I,1
98213,B00D4CSUGC,C,15
75575,0692978593,S,
985,B083KJZGC5,I,6
39321,1644135116,I,6
41848,B07FXRLWGN,S,
36714,B07SQNGZ8R,E,
106859,B077T2SKYT,S,
34279,B005THTCVW,C,9
36707,B07B3V7QGW,C,9
73389,B000P7ANX2,E,
60714,B07PKCK2VV,E,
109455,B07KXMK1C7,S,
85390,B011TMXFVI,C,3
1194,B000MBUOOO,C,1
82085,B06XXKJRB2,S,
109948,B003E2LUHI,E,
36768,B00ECVXDLG,C,9
16757,B01BD435E4,S,
97220,B087YZH1QW,C,4
26223,B07MPD3ZPM,E,
72001,B09B6YKDMT,I,4
39,B08P89B8GX,S,
92032,B083DX3V7Z,E,
55124,1941536557,E,
36126,B009YCASUW,I,1
34067,B0772R3TP5,C,7
49550,B07K141LBZ,C,1
9994,B0199HINB2,C,12
562,B07SC1FTBD,I,5
113088,B07613XPD7,E,
62374,B0794LRWHN,E,
110429,B07SV39H75,S,
18935,B081BDNR1H,S,
65390,B07N8PFRDP,C,16
27628,B07VCTMTCC,E,
7041,B009KPIYA4,I,1
53278,B082X1JWXC,S,
75820,B009JL53U8,C,15
48861,7518413426,C,1
109162,B071D9JYWS,I,2
72244,B07R182M7L,I,6
61395,B07JMHK2PL,E,
615,B00Z9C4CT4,E,
33226,B07MJLD9VT,E,
64474,B075GDCV76,C,4
88731,B01DCBEVC6,E,
26152,B08CTBN1HD,I,3
115238,B0743KT8SR,E,
30992,B07C6GD7TZ,E,
23092,B015P60ZNA,C,2
89374,B07VRF54WQ,I,7
29763,B07QZZQVP2,C,16
843,B01N7W9BUX,S,
37958,B0006BAKMG,S,
59783,B07L9G47DS,E,
108579,B0837KWG3X,E,
20729,B084RGDJKL,C,1
112470,B00JGRG0KM,C,1
25165,B073B2952J,E,
36334,B07FZCQ3PR,C,2
10476,B08CB1BYDH,I,4
106913,0190843632,I,3
20566,B00OBWHTJI,E,
47065,B07KSFX438,E,
14641,B09BVMNTQ7,S,
73553,B074S24Z24,E,
96058,B005441AJC,S,
110766,B07GFD9V18,C,4
90104,B07C65XFBB,S,
86592,B07HK4JNV1,S,
15146,B07VNDFKF9,E,
34056,B07S1B8R97,S,
68577,B07TG9GX8J,C,4
4745,B079QCNKX7,E,
91674,B001UGL84U,S,
172,B072XKT12S,I,7
8962,B0871ZMBP1,E,
35399,B01M1SJNVU,E,
80122,B06Y3NW3HF,C,2
88719,B07YC9JCBX,S,
889,B07S11CX79,I,7
92649,B00HL2DIRC,E,
29919,B08Q4CFWRT,S,
109453,B000J6A85M,E,
38986,B07KGJXYLQ,I,2
1747,B08PP4HGGQ,I,3
87961,B01JBA94EW,I,7
66488,B082HJPRJW,E,
61266,B07PPWXCHN,S,
43071,B07H77PKS7,E,
54166,B00M0QW2RG,I,4
87709,B076CXMYSK,C,14
86586,B088LKZHLF,I,7
81126,B07ZPGJH1V,C,8
115362,1338277731,C,10
14582,B07211SRK4,E,
112384,B072FGNNJF,I,6
80671,B077H9B1VF,S,
14341,B01DMZNEYS,I,3
13435,B00436UC9G,I,1
87649,B01N5TJM3S,S,
40600,B071LPTK8V,S,
74277,B09991VPX6,E,
47216,B07JQ24JJV,S,
37942,B016X1Y7AI,I,4
13461,B07D4Z1JDJ,C,10
76736,B00ZZATQ82,E,
68897,B00B1TG5X0,I,1
98722,B005DL3A2G,E,
76548,B07D6432MZ,S,
57378,B07FZ6X2HG,C,9
96847,B07T6L3SPS,S,
14790,B00O9F2V9U,I,7
92269,B074JHNFDV,S,
49443,B0711RS5NZ,C,7
103655,B081N4WCCD,I,3
65780,B00EVILGFU,S,
15006,B07BHDLGQD,C,4
75659,B087Q9Y7R6,I,2
20650,B00LHGXBKW,S,
49188,B00I4WL65E,C,14
547,B086VFNZ7K,I,1
80357,B08QZKVLJJ,E,
10380,B07Q24QDXV,C,14
6367,B071NLWNP1,E,
33103,B00B6EAUIQ,E,
96753,B077G8CVGG,I,7
66184,B07RJPRBC6,C,5
44821,B09JG2X2YL,E,
41403,B01N1ZT6QM,C,1
106331,B008ESOQZU,S,
102822,B07MMP1S2Q,S,
69132,B074GRHTC5,E,
73198,0312361254,I,1
94225,B07CB6TNVN,I,4
67029,B07J9KH3RQ,I,7
50095,B01GUP38BG,I,1
105231,B01852H5FM,I,1
77234,B008OJE5SW,C,1
79749,B079J4Q6FQ,E,
64117,B00C4ABU7Q,C,6
47902,B075FWWHLK,S,
9493,B09B7G52SF,I,1
4569,B077MRM4V1,S,
83303,B00UB6T2I4,S,
59281,B01LXX8U3E,S,
50304,B07MVLYF87,I,1
49429,B082T45PBF,E,
44879,B072LNKHBB,E,
95213,B01F8GJXOY,C,5
81848,B076QDXSB9,C,2
12815,B094FPTRMY,S,
102193,B07YHFMGQ2,I,5
71069,B0086UK7IQ,S,
110134,B07CYYGTFH,S,
77006,B07BJZ66GF,C,2
27094,0740781529,I,3
97217,B076DWLRTS,C,1
114307,B07GCTT2K6,C,15
87681,B075RDCZXG,C,2
112355,B083H3G5Q6,S,
25127,1635440149,E,
108330,B07ZTZLXRS,S,
97593,B08BC55K3P,E,
113944,B082NM8ZFR,S,
739,B07D5BH91T,I,5
10966,B07GN9Q67L,C,1
87618,B07CRN5Z21,C,12
80015,B08562X4JC,E,
96408,B07SC4RGZH,S,
7237,B07Y7XHV54,E,
74677,B0164OKQIQ,C,1
60742,B0036MJ5BY,C,6
12971,B013TMWQEI,I,6
81570,B01698IT5O,S,
8624,B003VNKLIY,S,
114827,B01M07IZ4B,E,
470,B008OADGH2,C,10
102683,B08BP199PP,C,5
62153,0857839187,S,
73668,B07K6G7PSK,I,6
38810,B07HWSXVQZ,E,
47952,B07TT2D4RR,E,
13608,B07BFB1YFC,S,
101376,B009VMN3RA,E,
81675,B010KK2ZQQ,E,
113590,B07VVPBDFR,S,
69173,B07VVB3LSJ,E,
62649,B07WFDZF8T,S,
30735,B078SSHKTD,I,2
100398,B076FD1BL4,E,
53010,0785166483,C,2
71403,B07KS7Y835,I,1
79680,B079G4N8K2,S,
66130,B07R91W8JJ,C,4
44886,B07WP2ZYNR,C,6
83298,B07WSYCT3G,S,
80149,B09GFYR6W7,E,
52789,B00M97VL78,I,2
56724,B06X6CZBBX,C,5
16758,046508995X,S,
106610,B07P273PQL,I,6
85987,B07MQNYJKB,E,
100103,1302914413,I,2
2721,B07BN9JYMC,I,4
94602,B07MHW346L,S,
85737,B08KYWMM9K,I,2
34213,B07CTZH888,I,6
50677,B088PLL613,I,7
100580,B09DCKWL86,E,
615,B01G7JUPK2,S,
110920,B002HEW7X0,C,3
20117,B005FF9DE4,S,
99957,B07SZBWWDH,E,
7031,B07VZT5Z9W,S,
61178,B089467JC8,C,15
58988,B084ZM467H,S,
105324,B07RF6ST36,C,12
75583,B07GTRPMGF,I,5
4190,B07KQ4Q2L5,S,
9133,B00BGYQ69S,I,1
69278,B07TX4P5XS,E,
111647,B08YDVXVYX,C,6
56293,B00CBIOOVU,S,
26784,B0096M2510,E,
42731,B07S925DNG,C,4
49152,B07QKVS1GJ,S,
29741,B01I94LOSA,S,
99160,B07SJTT2Z3,E,
47484,B01MTN19U3,E,
82247,1787410587,E,
35369,B004JU0H6Y,C,1
10707,B012G3OAAY,I,6
58276,B06XWMS32T,S,
49127,B07GP947K7,E,
33177,B073QS6JLF,S,
108271,B08347X773,C,6
68517,B004X2LH9Y,S,
20396,B073RZTJTB,C,3
73950,B00GWC0B54,E,
42109,B00OTR3RUK,I,3
47309,B07MXM1RDG,S,
80963,B084YXMSHH,I,3
461,B074FSGLV5,I,1
34776,B002TNHM9I,C,3
76155,B09B4J6W19,E,
104877,B088MKDCXY,I,2
12815,B08GCM8DP5,C,6
40734,B0084EBR4M,I,6
70602,B0027P9YHG,I,6
62418,B083FPTKBP,E,
65824,B0764JBLVP,E,
76159,B0091OCC48,E,
34046,B0754LP59V,C,3
87805,B0057LUI0O,I,3
76232,B07JPJ89S6,E,
74525,B00000DG17,I,6
29846,B07DH3QKMY,C,2
30915,B07K6PGQRD,E,
95819,B00RZCX1H0,E,
56746,B07RFTDQ6K,C,1
6367,B00AINMFAC,S,
54808,B07TTWHL5B,C,3
63809,B077MN8N3K,S,
60508,B07GRT8C72,I,6
42023,B071FN96N5,S,
70361,B01DBY8NZK,I,3
1313,B07NM75SBB,E,
71550,B009V5C616,C,1
761,B08H8PJLY4,S,
1157,B01E4ZMTEG,I,2
22279,B083RZ7SPJ,S,
47290,B088S5N379,S,
40181,B00TJYYKD6,C,5
29535,B083WMS4P4,E,
26649,B084FLBDV7,S,
60496,B08GWPB1H7,E,
108309,B003D47ORC,I,2
9573,B01AHW7OE0,I,3
81093,B001TQ8MSQ,E,
12450,B01M5BDK7F,S,
15538,B00LPJLBPS,E,
5544,B07FFWPG5M,I,2
35967,B07JJLT76G,I,3
108321,B0160BQA06,C,5
106752,B076H3L5XG,E,
26647,B001ENOLZ2,E,
70885,B07TWQ2JD5,C,2
68398,B00CJL8T7E,S,
88686,B07QBN6TSD,I,4
92455,B01FUE4ORA,C,3
55673,B07HNZGTKC,E,
112694,B015SE2UT6,I,1
46323,B0831DH969,E,
34202,B072PXCXSL,C,16
102825,B07J5246XB,E,
91674,B074MCJ3HJ,S,
114104,B08GK9PTB5,I,1
35825,B000NJDRDA,E,
64899,B01HDDD2YW,C,10
100259,B07YF6BR3J,I,3
107861,B091T3H7B4,E,
14293,1476738025,S,
91230,B004G8LPVU,C,13
82035,B07YXWX2N2,C,2
27366,B088GPVYTF,C,5
70533,1118632168,C,3
50722,B00SGCUXKQ,I,2
16485,B07RYL89FN,S,
9596,B00H27NBDM,C,1
85658,B07H4K4PZY,S,
34493,B07B4D1PY5,I,6
5324,B07Q5BL1MX,I,3
102966,B07X1ZMFKG,E,
113650,B086BWJC58,C,3
106174,B07SWQSXDK,I,8
57559,B01BV70A3W,C,2
15229,B07FL8YMFK,E,
2749,B07QGDXK4J,S,
84436,B009LQFGTO,E,
115671,B096ZYXR3F,I,2
19865,B0743VN7B5,E,
3580,B00Z05JMKO,S,
36512,B07WHWD12D,S,
69900,B07VLYNWX9,I,2
102274,B08TR1JHLQ,I,3
68820,B0194H9HDK,S,
40732,B086XHJBHK,I,6
67060,B00CQ1YGE2,C,6
5114,B084Q7LWT5,E,
34103,1697525954,S,
95809,B0017HZ0O6,S,
16576,B000P3WWC6,C,4
73131,B07R1QDQNM,S,
104839,B01LGA9VCA,C,5
19447,B000CO87ZE,I,4
110105,B00CXOWAV8,I,3
56712,B078K7398B,S,
11276,B07DJPXKNR,C,12
82106,B00BCL68QG,S,
24178,B07MKQ8MS2,S,
74930,B06X9N9387,I,3
34004,B073JLG1VR,C,2
106147,B088P5G41C,S,
8103,B0772M7W4N,C,11
77590,B0058VRCES,S,
1711,B07S74H92Z,E,
113897,B015W3BPY4,E,
92198,B083V5ZF7S,E,
103019,B0791X9MJM,I,4
102365,0882848623,C,6
2929,B07KT13216,S,
20706,B08QJSKLJR,I,6
113421,B07CV4BYJK,E,
4604,B083LHKBNC,I,3
87402,B00D8JTK4M,I,4
29638,B08274L19R,C,2
78415,B071JXWRT4,E,
73389,B01F5URJSU,S,
67470,B07XZHXFSM,I,7
114219,B07V6MJ8VC,I,6
357,B07F48HCN2,E,
43120,B00TI5S0AA,E,
78430,B07J9KFJWT,S,
29817,1987652223,I,2
1764,B06VSPJ7GZ,S,
62422,B07H7GW6B9,S,
78842,B004VU8RXW,C,13
5867,3942282135,I,6
43527,B003B7AI6U,I,3
18605,B0105D9LRY,C,2
2161,B07TRNKNRX,C,1
102523,B08Y6D74GY,S,
88940,B002SXTPX0,E,
819,B01JJYYWH4,S,
21676,B07J4HKXZP,C,15
68970,B00MOS2IX8,S,
64209,B07MGKBCWC,S,
26430,B00HMAJM4Q,C,16
111931,B07Q2159LQ,E,
1018,B08V8D5GLT,I,3
81663,B00DV90VNI,E,
47378,B008QN0CJM,S,
53736,B005HG9ERW,C,4
91340,B07BNS7T6V,S,
12741,B07JCLZM1V,I,7
86592,B07X3GHH8X,C,5
110797,B07VVT9RBN,S,
10923,B088BF7ZDL,S,
80960,B075MFXTH1,E,
22241,B077SCH3B1,I,2
469,B06X3RCW37,S,
88990,B0006384LI,E,
70615,B06Y2MGB75,C,2
4352,B074SC2BR3,S,
83254,B08K3HKD2P,C,5
55751,B07CVWD4YB,I,2
22331,B000QUZ9Z0,I,3
102072,1452566925,I,3
78248,B07Q6X8SPR,C,10
45071,B001BZUHZ6,E,
35813,B07SRJ5SZH,E,
68331,B019FYPYRA,E,
78013,B07FD54L7N,S,
73394,B01DXOYCK8,S,
15020,B06XWG7H3S,E,
12887,B073XLKPX1,E,
34727,B00BPBQPAC,C,3
7604,B01IEF2IR0,E,
27079,B074J8GC4Y,E,
35141,B07Q8BD4MM,E,
85882,B08TW6Q221,I,3
20635,B0789863SB,E,
58096,B08PJKJD3R,I,2
19258,B003WXQI9Y,I,5
110487,B07FKXTYRH,I,1
20,B004FRZD4C,I,2
105633,1597555487,S,
59666,B09289K3C2,I,2
7711,B07BB6F46R,C,3
96442,B07Z8H9824,S,
111134,B000VLY7UM,I,5
114085,B08BPD21W2,C,3
497,B001FAXKUG,I,1
611,B07GZKCBNJ,S,
66139,B07X8Y9FT1,E,
1297,B07CD5W2QC,I,1
52375,B078N6XMNM,C,3
95359,B00E6D6LQY,E,
108526,B07H9H4QLZ,I,4
44394,B07PLHM25C,C,3
106736,B075754SJP,S,
1279,B096M7173B,C,1
43452,B07JZS6Q4G,E,
1580,B093N53WMH,S,
16653,B07DLN65NZ,E,
53455,B08924HVCS,I,6
513,B08B4NYMBJ,S,
103386,B07D6MRN51,I,8
101797,1501189077,I,3
17778,B01NBLJZF4,I,6
95214,B07Y45RBBS,C,3
11237,B0083H8ZFE,I,4
12540,B082RYB2Q2,S,
69037,B075RJ1YLF,E,
61725,B00CAWTC1O,S,
87062,B07QHYJN8N,I,1
554,B08XYMCXCF,E,
49443,B07K2F5TY3,C,3
68399,B00KTZELMY,E,
49854,B00R0OAZ5E,S,
102166,0061252999,I,7
12147,B07K3JD7RF,I,5
29686,B00AW008SC,S,
13388,B000KA2U4O,C,1
87709,B076VSRNRP,C,16
112800,B07SW835YF,I,3
21841,B000EDUUHQ,C,3
57044,B07MF18PHY,S,
23865,B07WJV3977,C,10
88188,B07VVZ7LVV,C,15
46357,B076DMHFYF,S,
61668,B00P9OVOBQ,C,17
37951,B09DT1TPX3,S,
70885,B00MWI4F0O,S,
359,B01EMC68RA,I,6
74058,B00BF51RS8,E,
5251,B098PNCJTW,C,3
35797,B01GQ7KE9M,E,
89362,B084GSN9G3,I,2
46616,B000A13PGA,S,
101084,B00IPVNAHQ,I,6
110432,B07W5GYDV5,I,4
820,B08LMRKDG7,E,
36030,B074VDXPKV,I,6
37325,0984365184,S,
95604,B07DP9P4T3,E,
76596,B00CBDBV8Y,E,
36354,B07BSXZRV2,C,14
22770,B07N4R6ZDT,I,4
87985,B07Q39HN8J,I,3
108435,B08L6VD2QJ,E,
77335,1477614346,I,6
52657,B07FCD626R,E,
87426,B074J2DLC3,I,3
42265,B01KJQ0PNQ,C,11
3869,B01FZTLO9G,C,5
4795,B07CW6R1CY,E,
4166,B07QLQHT43,I,1
66549,B01AGZKXY6,C,6
80578,B074WGQ71Q,E,
56876,B07YBGP6RW,C,7
22672,B015TKUPIC,C,3
112568,B07DCN4NMC,I,1
14303,B0748G8756,E,
25539,B015OPFUL4,I,7
104549,B07GN1CJ9B,E,
101057,B08K3WDV66,I,2
76342,0830836713,E,
65958,B00FAVLYVI,C,2
111425,B07NQ2MBSW,I,5
108321,B00RW9F336,C,2
36653,0367557398,I,2
50217,B07HQ7CD2R,C,13
83992,B08VW4LBK4,C,6
12522,B088YGRVM3,I,3
14920,B07HGN2FMY,S,
63898,B07T5W65G4,E,
89843,B00NR76PIE,E,
48871,B08QNJ2CW2,I,6
58354,B0868X2MFL,I,5
751,B000OU5EFC,C,13
1217,B078VLRLDL,C,7
3991,B083KQ243Y,E,
54844,B006J6GM3S,I,3
5348,B07PRS6ZLN,E,
7031,B07DF83HK7,S,
21064,B00CPLNQIK,C,5
79404,B000K9CGP8,I,4
56102,B07MB268PN,E,
74506,B07FGP2ZH8,I,5
46332,B07MDF33KX,S,
82884,B07FNW13P8,S,
1064,B00LUAL54O,E,
11041,B07D1L5QQF,I,4
6511,B00JH5S81W,C,7
47185,B07V66WRFD,E,
172,B07PJTM847,E,
89028,B013IL7P4Q,I,5
110427,B072JSPPH1,E,
86055,B01N7QND9A,E,
40957,B00IX9UTLU,S,
94561,B07XM9DDTG,I,2
107922,B01MRDH952,I,7
82427,B07VFF1T78,S,
17776,B07TMCTKXK,I,5
81848,B019QOTRU4,C,1
69141,B07BXHRBQ8,S,
36178,B019RONQNM,C,15
16853,B07CZ163LQ,S,
28364,B009T5I1FS,C,3
104478,B001EOV492,E,
16825,B015Z02DH2,S,
26178,B001B4TV1I,S,
115336,B07TXFXC6R,C,4
72851,B00U5UE146,E,
36240,B07SQ9ZTYN,C,6
31313,B07KZWXJRH,I,6
109746,B0082AAE1K,I,1
42815,B07VYFMVJF,I,1
100086,B00HYQP72O,E,
66487,B07D7QCWCK,E,
87690,B01MRD2LLB,E,
66282,189162766X,C,14
88639,B0721MY155,E,
88063,B07NZ25V5H,E,
109740,B017PFD8OM,E,
94817,B087CVF3ML,I,1
44587,B00M7AWV1W,S,
20814,B004KH4LAE,I,6
27220,B086L51HKB,I,1
92273,B07N6LKXCL,S,
64208,B079KTBPV5,S,
87238,B01CLE3DRY,C,11
87756,B07Y926SS8,C,3
33034,B00CZE7TNU,E,
111469,B00AFWYDYC,I,2
15212,B00OWS4U7U,C,8
60811,B07GFSZXZ2,C,4
106304,B00ZT38BIQ,C,3
100884,B01FHDZGGM,S,
70672,B0811P73BT,I,3
70763,B07C3RKFRT,C,16
57064,B08CTHF3ZC,I,2
63865,B00KGFM5WA,S,
7881,B07N37CKXK,S,
72776,B07KXW7BYY,C,9
63736,B06Y42QRW4,I,5
54832,B0037W5Y2W,S,
53452,B01K7YCPHE,C,14
18457,B01LYT122B,C,1
36085,B008KVUAGU,S,
23544,B08FCCXS4Z,I,3
3436,B001PT6TZK,E,
75706,B083JH38CC,I,5
19284,B07G7X9MSZ,E,
44851,B079CZFCTT,C,1
25460,B00P89MGYG,E,
61546,B075DKGC62,E,
57064,B08HN7X5KQ,I,1
87730,B07L4686BT,C,4
37879,B005LOV04K,I,6
73885,B08F7VVVRH,C,3
94233,B00JQJJLC4,C,4
50253,B008CC4FKY,E,
79754,B000VZNEUM,I,3
13200,B07R6BM52C,E,
69751,B07FXJXX3W,I,7
101373,B004YNPAFO,E,
37252,B07WGFF4K4,C,5
10203,0973410450,S,
34036,B08BW3TQ2D,C,3
43617,B004PSYYKU,C,2
47100,B000HF0KN0,S,
44884,B01IU8WIJ4,C,4
64768,B07NF1F8J7,S,
12127,B01LYQHW0Y,E,
20100,B07JQ88F6B,S,
80603,B07WRD86ZD,S,
78248,B000NW5S4I,I,6
43012,B06ZZYJHDL,C,10
101257,B08887MNKC,E,
1515,B0847G3CCM,E,
20497,B07H5F8WB1,E,
67625,B003TY5CB6,E,
100633,B083NDWYTC,S,
51263,B01HAKH226,S,
1621,B07CVT28KP,C,3
102213,B00005JH37,S,
96962,B07P629ZNQ,E,
7288,B07JXZ98B3,I,1
85221,B083TPF772,S,
72887,B01IK52QOE,C,5
64737,B07M75GKBB,S,
66503,B07GNF5XPS,C,3
3737,B078RCV7VX,I,1
49429,B00AJJZK0M,S,
219,B08BTGXJJZ,E,
32275,B005MMN4DG,S,
99188,B095S3MCJ7,C,14
3266,B00HFAH9WU,S,
66619,B00JN9ET2O,E,
46168,B086VNJBMZ,S,
104746,B07GVH8YYX,S,
92225,B000BDJKMU,I,2
115284,B013QEGCDA,S,
64655,B00I2UEFME,I,2
51192,B07Q8V5H4N,S,
59565,B0777CXXSC,S,
114219,B00CWU2U1I,S,
28711,B08HR491BF,S,
66643,B078K93HFD,E,
109596,B07GVR41ZF,C,5
1277,B07F3N8GRB,I,5
87681,B00J9TO3ZQ,C,11
34776,B07SBCPTXM,C,12
87628,B01N7TYFBH,C,7
103157,B01CG8AESQ,E,
91961,B07455NBNL,E,
73952,B08K7DVCBK,C,2
4776,B07T9YQZJ1,S,
82925,B01AZMYORM,I,3
17948,B01MS64HAV,I,3
42974,B011ASTIAS,C,4
66935,B00EFEMC58,I,6
35226,B01FXZE3NG,S,
62838,B07LBNV469,C,15
78249,B086GCSGMD,C,6
59783,B08DCX5L6D,C,8
83698,B00I33MRCU,C,11
46202,B08N9V4365,C,1
87428,B000U5TUQU,E,
46202,B095JN4YCV,C,3
68623,B08YRLZYKR,S,
6622,B07T53DHG8,E,
41172,B078HR5LTG,C,12
96507,B013JZCAZK,I,2
12915,B00G5JKJ9W,C,2
90285,B08BJW8235,I,7
64332,B00FNPH43I,E,
89856,B01N46SJR9,S,
22229,B002A61WPE,I,4
4931,B074J7L8L8,C,10
60064,B07HKQCYGN,E,
1356,B08JLMCP3F,I,6
37156,B079K5BG2Y,E,
108941,B07SMBCK3G,I,5
1064,B003F2T0M4,E,
40469,B07MBXCDFW,S,
11773,B0984X73CJ,C,4
31380,B003EBL2VI,S,
3022,B08YDQSDC4,E,
105845,B001TW68P4,I,1
25009,B07TJK5NPL,I,5
20268,B00R6B4O5S,C,15
16905,B078WGFMZZ,S,
64474,B082D698ZX,C,15
9700,B0829H54H2,E,
111753,B003LT619Q,I,8
8305,B00V5DGA14,I,5
32658,B087JT8TQN,E,
70388,B0771WK2FM,I,5
73329,B08HMW12PZ,E,
20731,B01KD872HM,E,
98236,B07Z6RJ9H7,E,
19994,B07VNS4CTQ,C,13
81508,B07PLJRPCM,S,
64446,B001P23RPM,I,3
96793,B009I4X89Y,I,5
113225,B07CBV1Y2X,S,
87671,B00KB461HQ,S,
113463,B00W79NVD0,C,14
49402,1604251018,C,1
76859,B0117RGG8E,S,
114808,B009LJYEIK,S,
76877,B00HJGTLVW,S,
73245,B074PXTP3B,E,
58574,B003UGSZEY,S,
7243,B071G2VM6C,I,6
63911,B08CFVM1TT,E,
108481,B07YXL4KSB,C,16
45539,B003R50PL4,I,3
109150,B001VM4MXW,I,4
50775,B003NE639C,C,4
78899,B07HN1LVV1,I,6
61601,B0821MVX42,I,7
11114,B07V3TBPLW,E,
25470,B079L6F7RX,E,
70982,B07QTJ9BVZ,C,2
28934,B073ZK31C2,C,3
45881,B06X3RT9CV,C,1
5058,B07281P9B3,S,
66599,1893005607,E,
108618,B004NWNF0I,C,6
55395,B00COH82AM,C,5
96913,B016DSJ0SU,S,
53452,B06Y1KP7YK,C,5
74947,B01M4GA44S,I,3
85401,B0723BH2DY,S,
46745,B07T6Y4W2G,C,4
12583,B07THLLCGM,I,2
35125,B076146D9S,S,
104330,B082RMQ45T,I,7
77160,B085Q6FGX6,C,9
30856,B096RW14WP,C,9
31675,B09DDFPQTG,E,
7400,B07FMFH64G,S,
1715,B084RFC8PL,C,9
66628,B00B2F8BOY,S,
35104,B0748KPLFF,C,1
23597,B074S2H4H9,S,
11141,B083ZQGS98,E,
34160,B07SLT14NG,E,
92643,B004OUVK4W,S,
75756,B088KJL91H,E,
55209,B01DJPC6PO,C,9
44099,B00V9840W6,E,
85524,B07QWQ58GG,E,
3665,B07KSMR16D,E,
3945,B076KPCX1J,C,1
1660,B08H1X8BJB,S,
1632,B07LGPW59N,E,
8802,B00V5747SI,C,4
13767,B08CZZTCVC,S,
751,B002HQGF4A,S,
6319,B07RF1XD36,E,
22216,B08R36GH45,S,
63699,B000FPTENY,S,
43373,1577667859,E,
4373,B098WWT9DH,E,
87288,B07PK32RJJ,I,4
80012,B00EINBSEW,E,
12971,B018M5ZS6U,I,1
96564,B00WBRFUK0,I,4
18607,B07Z5PXRZ8,I,7
98113,164558495X,E,
9596,B01HZAGLDM,C,2
87711,B07YPB8TBS,I,1
43895,B08148F47T,C,10
74151,B008ITVSGU,I,1
61231,B01GGRS5AC,C,2
105231,B0753Q4LX4,I,3
10268,B076MF8D1L,I,7
2943,B01N6LOH7M,S,
36101,B092ZSPXFV,I,2
89380,B081PKW617,S,
49424,B06W52CQC5,C,3
28362,B07J1MY4MF,C,10
67790,B00A9NN4B0,S,
90625,B00ZM4GO2W,S,
1743,B08K48DF7V,I,5
46752,B07HT47F1B,C,9
73300,B081ZWPPCW,C,7
15263,B01JVFR02K,I,7
32216,B00SXO4J84,S,
106203,B089D9RPFK,S,
14816,B079FJ5T46,C,1
24551,B000BS02K4,C,3
104083,B001QSEKJM,I,1
56068,1523098538,I,5
74815,B081W7JZ2L,C,5
18994,B083SSH7HL,I,7
62176,B00Z7RQ5QY,C,6
21697,B07L54T3LM,S,
10387,B078JJ2FWH,I,6
25279,B07MZD977Y,E,
94808,B073XJCTF9,E,
50876,B00FDZ7VZE,S,
68864,B00SVRLPYY,S,
96981,B07V4MZF2W,S,
3595,B07WFCYXM6,C,6
9969,B0776LQSXW,E,
38755,B07H84KD9Y,I,7
34107,0786966912,E,
1892,B01FH583KG,E,
22066,B083VWKRH5,I,1
88064,B086SHNBGN,C,3
3094,B0969YTQQX,S,
31472,B00ZB4YJ52,I,3
69866,B09J4G82RX,E,
94206,B07HJRSD4G,I,1
97993,B0711FN5LD,I,6
82143,B07J9NCRC4,I,1
21127,B0063NCDLM,E,
113389,B01N5Y7QMR,S,
49321,B07MJC7R5F,S,
55079,B0771J425V,E,
1459,B07CMT1HDX,I,2
68801,B07JQ893ZD,E,
30915,B078X96XGT,S,
82802,B005DPEZ80,I,4
11391,B07WWSJ5N2,I,2
86532,B018TL5C86,I,4
101183,B0044D7ZJI,I,5
57738,B0822CQJV3,E,
34585,B012FVLNLQ,E,
101236,B08HD2BWX3,E,
470,B007HRGZDK,S,
2052,B00S15K80S,E,
81268,B01H9AK0U8,S,
73665,B08P53SZ49,S,
32989,B075JDZRXJ,E,
61672,B001HN5H20,C,8
110951,B07R8RGZ52,C,1
96537,B07SLVZHT2,S,
3918,B08LLFBJ77,S,
77802,B07MCS62ZS,C,7
91364,B08D6SYQN7,E,
9955,1617458791,I,3
32515,B07C77G9NZ,C,16
42903,B000UJYJRG,S,
97837,B0781BV4WM,I,4
112349,B0002OOMRG,S,
115629,B0749S424H,C,1
104402,B07W3C22K6,C,1
17474,B00MS7VPXY,S,
55378,B002DGG9KY,I,6
27787,B0040YNYSM,E,
33153,B07JZMG9PL,C,3
86251,B07L3WBRVY,C,5
8423,B000HF29PW,C,4
113603,B01FGZIVD6,E,
17583,B07RM4ZGH4,E,
109401,B007EHEMXS,E,
51368,B01N2VWKTH,S,
60478,B00P2XZKZ0,S,
15568,B07611NJB7,S,
57654,B07KJTPCLK,I,4
107923,B01BUNHYJ0,S,
17233,1682153401,C,7
110096,B07CT4GPCD,E,
57742,B078HS2FMW,E,
439,B08V5MMGDF,I,2
76442,B00Z7RYD54,I,4
23959,B07GZLPC46,I,3
105168,B0872PTLNV,I,1
27313,B017KQXUK8,C,12
15940,B07NLK6YL6,I,3
788,B01DX3Q5RM,E,
13161,B08442YDGC,E,
54341,B06Y1656W7,S,
73778,B095JN4YCV,C,3
25203,B00FF5H8IW,S,
56984,B07NYVFLGX,E,
104912,1523504692,S,
22669,B01LY5N276,E,
93214,B083QZKT98,C,1
112302,B012DHBZ2Y,S,
1319,B073XVWBL8,I,4
19097,B07JBZ1THM,S,
42427,B0068460VK,I,7
3648,B072FTW1MG,E,
40418,B018SLOSFK,I,3
1014,B07M8D777B,S,
26440,B07TCKCL72,S,
110460,B07B4TFNXW,E,
49130,1585361690,I,4
48861,1592530761,C,13
47065,B07KSPHH5B,I,4
50421,B004YWPMG2,S,
89233,B07XZ8S23J,E,
113403,B003DNR3AG,E,
21126,B07TWHB578,S,
56890,B07B91KZKJ,C,7
50461,B07YJW39VF,E,
45144,B0771WCGNB,E,
15502,B089PTZ1VX,C,14
24971,B07MS8JC22,C,9
515,B08NDTMC7R,C,3
73504,B07KR1FF38,E,
40957,B018UIA8K0,S,
91629,B00MDU9KCY,S,
2075,B00NOENJ5M,I,5
54237,B083FP3KZ1,E,
29694,B08GM23D6B,C,16
112999,B07KQ1MKTR,S,
46734,B07Y37TVW7,E,
41216,B01GK5DX34,I,3
71580,B01MQ1WOII,S,
18282,B07MV2GF84,S,
2701,B07PBPKLZ6,I,3
77006,B01BXA481M,C,6
55818,B08MB8GT6B,I,2
66614,B07C674SCH,C,2
31639,B07C5S733Z,I,4
49612,B07PFHWHQT,E,
95925,B07K1HJ53V,E,
94172,B0784RBX87,I,5
6153,B006A2TAQC,C,3
48202,B018V7BB4C,C,1
115907,B005TU5GX2,I,6
99099,B00H5XP4OC,C,16
57087,B074MN988X,S,
14218,B00N50U4G2,C,10
52777,B00JQH9XGK,E,
2095,B0938XSFYS,S,
46539,B01C7KJOX4,I,1
100197,B0788HYTN3,C,8
20517,B07QQ2XRPC,I,1
94968,B01F1AHQQE,E,
52775,B08QR92KLT,S,
46332,B08BC2NBB4,C,3
107637,B086WMY722,C,1
54158,B07NQR81PT,I,5
31629,B07VKXP52R,E,
10157,B07TF55FN5,S,
47747,B0062KIC2A,I,6
70304,B00RORCAIM,S,
21542,B07Q76HSPX,E,
59360,B07VWCBJVC,I,2
42265,B07VXYYJ49,C,7
71637,B07PMXZT82,S,
21077,B07CVVQ2HW,C,1
33109,B07GY1L4NL,C,13
32168,B087X83BV5,E,
44270,B01LDTP46G,C,5
65482,B07YMLSNQ7,S,
7773,B07BSP6GDT,S,
115836,B00U2WMWDO,I,4
20792,1538132877,I,4
69464,B000FCD0CS,E,
90337,B0773DHZP6,C,1
60228,B019SQJ8X6,I,7
96762,B00K7UAV7A,C,1
2655,B002JFWD3G,E,
42553,B00007FOJ1,S,
9616,B01I5D1HCS,E,
29745,B08B33JBLC,E,
83396,B073YCBNDW,E,
34938,B07PBLLQWK,S,
98207,B07Z268HY4,C,6
107068,B0039PFYZY,C,8
65074,B06XPJSQG8,C,15
33109,B0001YR55S,C,11
15688,B07GCBJPYG,C,16
99502,B086H3GT9L,E,
65525,B01JHIWTCC,I,2
73337,B0829DG98L,I,1
19862,B07XTWYNYB,E,
4795,B0893WV22S,E,
8058,B01GE1UCTC,E,
88215,B00BOIL9XY,C,7
64854,B07W8HGGF9,I,1
20731,B073J7D8M5,S,
31959,B07HRYPC23,I,4
42304,B00K6ZR31S,C,6
21634,B07V6MZCLR,I,2
111149,B07NSN4JY5,C,6
57868,B07R7SSW6K,C,1
65325,B000JVCBBG,S,
66021,B07KRQ8LTK,S,
66430,B08HGTJFJ8,C,2
103209,B016FMEZSO,S,
52673,B003P443C4,C,11
74315,B082J2371Z,C,1
1008,B07SBZ9SPF,I,2
26852,B07B41FL3L,S,
19633,B077YVWQ5G,S,
68111,B000IBQN5C,C,6
73351,B002RC83GC,I,4
84931,B00AU6AVLW,E,
69141,B072HT6T1C,C,4
15617,B009G9YBHY,E,
104441,B00R75OJIK,S,
1383,B071456ZW7,E,
10385,0937877603,I,5
201,B072N3FP2Z,S,
25042,B07B9PS1X4,S,
11115,B07V82CDGP,C,11
90543,B06Y33WKVB,E,
6761,B00LOZAL2W,E,
26631,B08DTYV1SF,I,7
550,B01N16EZSL,I,7
57901,B07LFV4M8S,I,6
8629,B07QFBNXNR,I,4
91179,B0733B73SV,S,
43603,B07ZWW8KLB,S,
103966,B08CHKV6QL,C,6
19228,B08SP5GKGK,E,
90004,B07H7RRLHC,S,
65465,B01DPLTJVQ,C,7
40023,B07CRLT7TF,I,5
39171,B08JJ6V6QT,C,3
55807,B01GZ12U00,E,
87613,B07RZ5QH81,S,
17754,B06XSDFB1G,I,6
96528,B00STYPQNK,C,1
97761,B08WSHBLP8,C,8
106,B07HJHK8Y5,I,3
70118,B07TSDGFPR,E,
56401,B00004S979,I,5
10050,B07DXB26JT,S,
45325,B008WCLEHG,S,
112711,B07RTM7TYW,E,
36668,B077XSNBDH,S,
80268,B005A2IIFW,S,
95663,B01DPW5C5W,S,
110506,B09CWJ51TQ,S,
84832,B07TV2GM6G,E,
10892,B01M2ZYEY8,E,
8749,B01BUNPH9Y,I,4
2795,B079S2HWKV,S,
90820,B07G6YYRG8,S,
110717,B07Z4P1P15,C,1
3233,B000CI1QQ2,C,10
104071,B07RFZQGB4,I,6
14044,0982481764,E,
97469,B07BSDK1SD,S,
5037,B01KUQJA8Q,C,4
58411,B00I41Z2HS,C,5
41450,B09535DCHJ,C,16
11217,B00V074MQU,I,8
12168,B07W4W3VRZ,C,15
110762,B07BNTBFXX,I,8
82055,B09GPHJYSZ,C,4
29535,B07DFB1SSM,E,
52323,B086BH4FF1,C,14
87649,B01ATRG0KW,S,
55113,B077BSRJQR,S,
18652,B00OCL620U,C,12
272,B07Q4S8L41,I,1
110095,B085NNHY85,I,1
7821,B0977HHZ93,C,9
105126,B07BVWKMF1,C,16
21906,B00F5JH9FU,S,
20062,B07TZSCLFT,S,
70310,B07RWHS6CK,E,
103764,B079YGXQY8,E,
37786,B07WPHJW2C,E,
83990,B08FC5R4KV,C,5
102716,B00C9K1FNK,S,
19130,B077R928NJ,S,
42974,B004084DBU,E,
8319,B08PDJCYJ2,E,
112370,B00VQIZI70,C,11
110878,B07DPC38KQ,C,9
51460,B07YZKQMLD,S,
75488,B07WC6YYHW,I,3
52336,B07KXSH4XG,I,6
113746,B07BD2Q49V,S,
120,B081W9PZSK,S,
65575,B08K8T1KNJ,C,2
1642,B008QYL4U2,S,
113705,B01GCG1M9S,E,
21510,B00MKCPOWA,C,11
114606,B01N1UXH7S,S,
81118,B07MKFVSQC,I,5
93674,B00UM60OA8,S,
92053,B07MDYZ6WQ,E,
90013,B07GK35P2C,S,
93754,B0146UYO0Q,I,2
70616,B07P5PP9T2,C,1
111049,B000Z4ZXI0,E,
76700,B07WRT6GK4,E,
32813,B00X1LJSZ8,C,3
95490,B011ES1QXG,C,11
44353,B0895TLV4V,I,1
44039,B00Z7TOE88,E,
50879,B073Z17HFQ,S,
102715,B0968YTWTM,E,
96343,B01HFRZ0MS,I,4
98733,B083QGM5CS,E,
26536,B00LA5NHXQ,C,4
14170,B09824SGFJ,E,
95473,B079KSWL75,I,2
113008,B07TS851XR,E,
95790,B00EEEODW4,E,
132,B08FQWZ41K,I,4
41172,B0814BYTVY,C,11
105295,B072R2TC7Z,S,
72124,B01LZ50QYI,S,
2207,B00DD5EMWQ,S,
54054,B07XK5Z1QD,I,4
18994,B07P1BVC2H,C,9
111716,B009UX2VVY,I,2
27837,B075RY3Y6Q,C,8
14046,B0039ZCX3A,S,
4456,B0791Y5WS6,I,6
68282,B07X1MXC4K,E,
10030,B07L27BZ12,C,3
57569,B07N71MGZF,E,
14135,B08B1VPGLK,C,7
8629,B07HZ2W73S,E,
101797,B074YX7F1X,C,5
74557,B07VLBVQBP,E,
53171,B07GQ8DKH5,E,
660,B0002DKAKA,E,
5521,B07VMK5NDB,S,
100259,B082CZ7JN5,I,2
11300,1626341370,S,
38507,B015IVFHWQ,I,5
94157,B003939VGE,E,
52193,B085WTFCQ7,S,
10804,B089VVH8HC,C,3
33495,B07GBTXV1B,E,
56819,B0094WLPYK,C,1
71042,B01MXY19UF,I,6
26991,B07XNTNCXZ,C,5
53450,B07Q1JRT7X,S,
19610,B014F8238Y,E,
6442,B00008L3UQ,E,
14079,B01AH3AMW0,S,
6966,B07DPW35ZR,C,5
99473,B07P211Q4R,C,4
32519,B07PHZPJYV,E,
102365,0393928314,C,3
736,B006893Z7W,I,1
58156,B06XSR9BT1,C,14
50477,B08WDKKTVX,E,
60811,B0086VYDW6,C,2
24401,B08SH92V1T,I,2
29065,B07TFRS8G4,S,
7088,1588346404,I,1
25460,B017B6NAJS,S,
4230,B08SBQJ7P1,C,6
19514,B077344CRD,C,1
69099,B00IWOF9UW,E,
73885,B07YV5XQCY,C,1
26647,B00C9FMING,S,
5424,B088PF36WW,C,2
47115,B081KZ538D,C,6
88389,B07TMRVJRK,I,6
102255,0374380104,S,
91111,B001E5S2VO,E,
36393,B07L4YVKQF,C,7
48249,B07CZ3YNL5,S,
113482,B08CZHGMMP,C,4
55488,B0722ZXLCH,C,3
30474,B06Y4NHGZ7,I,2
87705,B0842BYVSY,C,5
33508,B001TQCSUE,C,16
82879,B006IAMH4S,I,2
64665,B00X6B4WJU,I,4
77416,B00F9Z3RWO,I,3
19193,B07T3FJBPP,I,6
89469,B07QD2Y4YB,S,
60573,B01AH27B98,E,
53261,B002K51IQI,I,4
95182,B07PM94G4V,C,6
53196,B01GD4XPCQ,S,
17680,B00S5VKNIA,E,
24143,B085GKGH5S,C,3
132,B085QKT3V4,I,3
55371,B07D6PPBV3,C,2
25751,B07P6YH7DP,S,
95935,B009W3FONE,E,
102852,B085KBRY2Y,I,4
50083,B07JYC5FXN,I,6
42420,B01AEOM79I,C,3
50573,B07R74S4ZM,E,
60573,B0117T9BCU,E,
74617,B07P5W2SFX,C,2
68867,B08TCLHX9H,I,1
94950,B07RBL59P5,C,10
10823,B00D05BQAU,C,1
42525,B08FQWZ41K,I,6
30396,B01EBJWL20,C,2
5235,B08ZJ9JWQD,I,5
49552,B07GXY8WR8,S,
18699,B087QRY88G,I,2
66504,B082CZ2M6V,C,12
93214,B077TSC2PS,C,2
74183,B08GV63PRZ,C,2
9804,B06XH62K46,C,6
16024,B07T1GZP37,I,1
36516,B074MC6HJR,S,
78185,B096427VPL,I,1
81090,B07W5F48C2,E,
1415,B07PVG3JD8,S,
60782,B00SMJO8PE,E,
1070,B00EAIPKMG,S,
45848,B018QOUSM6,C,14
15511,B000AO7DC4,E,
12915,B00TIYPHFC,I,4
44250,B013P0K8OE,S,
14341,B07R3Y4MT9,I,5
51081,B071VTLYSF,I,5
84522,B085L9PN92,E,
73045,B08RZH2FKM,E,
92942,B004AC6UOO,E,
44698,B07T1L36P3,C,6
82574,B07MTR4BZW,I,3
51506,B07SRK6M9G,S,
80215,B0791MQVZB,I,4
29495,B07FQHBGYS,C,11
70901,B07CVC3J8G,C,4
54357,B07HKQ61NV,S,
62263,B093RY1XTZ,I,1
110500,B07QM3SK7R,S,
115808,B07K82QHRY,I,4
3548,B001309TT4,E,
54335,B083J348QD,I,1
38786,B07QC3XQHW,S,
114977,B07YVTZXDT,C,12
906,B07MFR1VC3,I,3
55768,B00IV6L9O6,S,
78819,B07DKWCLYT,I,1
96620,B0773K7Z7M,C,6
78243,B017KO7CP4,E,
57744,B00HDVT5RS,E,
94233,B07Z6RCR3V,C,6
3270,B07GRDR7SZ,S,
52854,B076FYD1C3,C,11
105212,B075WNLDMN,E,
90988,B07Q36ZDWD,S,
55673,B07HRGTMJR,S,
33025,B076ZTTPLR,E,
31317,B07HJQNH4H,S,
20675,B01G4A6A58,S,
52269,B07RWKM1QN,S,
74927,B075G1L7QL,I,5
14649,B004FIIE92,C,7
621,B07MNLSZ5N,S,
21693,B07PXN8171,E,
1028,B01DZQI6YW,S,
89432,B01NCJ90TJ,C,3
108440,B00KBJY5X8,S,
7606,B07KKMQQZ1,C,5
171,B00846CC26,C,15
37879,B006N503US,I,1
94230,B083R3D8K1,E,
110002,B01JUFBKXQ,S,
5116,B081Q4XBR9,S,
17724,B01L2FAV2S,C,5
16024,B01LFYCIPE,E,
41092,B00E8ATK0Y,I,4
7570,B00E8BDS60,S,
83002,B07HHT1PFN,S,
53678,B0895D6D1F,E,
1277,B079H93J5N,E,
29919,B01CU5Y0PS,C,14
46383,B08BMNF3NN,E,
54134,B0756F7KL1,I,1
84832,B07QDRM282,C,1
953,B082P7NT5X,I,2
70886,B078X2DFCM,E,
29495,B008GMYNKW,S,
33827,B075K5WKPT,I,2
29130,B00O7PEWWG,E,
109334,B0084AWBRS,C,14
89861,B07GX5ZBG8,S,
115920,B082HXH96M,I,1
45,B007PKHGSC,I,1
73040,B01HOHBS7K,S,
17618,B07CDD93KG,S,
107815,B00AYB18U6,I,1
111888,B00CMOYUFS,I,4
39145,B07H5697GN,E,
7290,B013RA1BRA,S,
112076,B082VKNN17,I,6
50903,B07RL26K3B,I,2
39489,2377840329,S,
105937,B087NZMY7R,C,2
1097,B07QCX786W,S,
70701,B078X3XRD5,E,
95994,B00M9BZ3ZK,E,
71309,B07ZFCCTVV,I,3
88442,B075CKWK34,E,
98115,B07DV4M96G,C,4
53159,B06XCYGWH2,C,4
44079,B001TONH5Q,C,6
84427,B0016QTR10,E,
72457,B01MYGU3B2,C,13
26981,B005ITAWEC,C,14
60325,B0030A5G8S,C,16
35226,B077Y3KDND,E,
93670,B00KDNVM2O,S,
50083,B016J8O6R4,C,9
44057,B01M4NHHVI,I,4
28962,B089K4YLZ9,C,10
55229,B0018IU5NK,I,2
64385,B081PR2QYJ,C,6
75692,B0034II0XE,S,
79420,B086G2KMC3,E,
64393,B002KJX4Z2,S,
55414,B07ZM434GW,I,1
92198,B07MC9XWJ4,E,
95496,B00K5YL3LQ,C,2
110096,B07CHW6Q42,I,5
809,B07L3D4R4M,S,
22540,B01NANUD62,S,
35903,B07ZF43L1S,S,
5521,B07N3G1P4V,S,
76049,B083K1NLKB,E,
16260,B07YTFX4Y8,I,1
92198,B08YYP58NC,I,2
22757,B07D8LKKKZ,C,7
6970,B07SSVSDFC,E,
68434,B00NUS53CY,S,
52269,B07H9L98H6,C,17
89731,B00HQFBBW8,I,1
1084,B0784J37PS,I,4
89701,B07ZTV3X8V,C,9
88967,B09581G13R,I,1
22324,B00DQYWAUA,S,
90096,B077TQFM3Y,E,
89441,B000N5OOQ8,C,14
80072,B07SXWKWZZ,E,
75806,B077XDC2X8,S,
24016,B07V3G4MMQ,S,
50477,B00RLYG2S2,E,
31172,B085W2WXC8,E,
114381,B08MBCY89T,S,
58784,B07R3Z1WY9,S,
56272,B086BSW9GK,C,1
23014,B087X1B139,E,
9057,B0825SCYB8,S,
67303,B0051NGG5O,E,
33034,B01MTVP2GR,C,3
68113,B016BRBPKE,E,
95256,B07ZLCBDGY,I,3
85859,B07ZPT7N15,C,8
47656,B07XFLNSDC,E,
88544,B014GC349Q,I,7
104419,B006MZ3V30,C,11
55701,B017DN6GZ4,C,13
26655,B07TC3L9MX,C,2
106009,B07PRLC3NY,S,
11706,1736060902,S,
85902,B082TRQ9SW,C,3
64805,B082T4TDBG,S,
110707,B07QQQY1LW,I,1
4922,B08W9GBGVG,S,
6311,B016GNX4SE,E,
22496,B07QBD256Y,I,1
85407,B07X97GQ9C,I,1
108778,B07PPZ4RPW,E,
2572,B07693Q2L4,S,
46235,B07GLXDDNX,I,2
69067,B00ISCKMVO,S,
109143,B0013WUHFC,I,1
32658,B08867RLX9,S,
12512,B08Y3K64GK,C,3
83525,B07X1M7DLM,S,
110888,B0753QPSX9,C,5
94436,B01N2VVX7Q,E,
67060,B07XHRDTMW,E,
13250,B07YQ3TWF7,S,
40285,B075X1G11Q,S,
45858,B07TDD3DQZ,E,
106975,B008QCYHZS,I,8
79414,B079TZJBVZ,I,2
106442,B07VR2V2PW,I,4
93114,B07SL9YJL6,C,1
86389,B07L87516T,C,6
54455,B07D5SVD7Y,E,
2056,B07RL8XNBK,C,5
2212,B075M59ZB7,S,
35409,B01I34RFTI,E,
59770,B0035TTM1G,C,7
55750,B07TNQGQY4,I,4
64713,B07QMTSVSP,S,
107154,B07PK4D1Q7,I,6
59811,B093CLJFQW,C,5
43506,B08D9JT47K,I,3
110888,B081XJP4TK,E,
23544,B08DR5DH48,C,16
62608,B009X43F38,S,
74667,B08F2PN6CB,E,
28491,B076Q5BW75,I,2
111928,B08L8WD1F3,E,
49366,B07DM8VMGV,S,
42974,B07K87R4Q8,C,1
31172,B09DC9M3CY,I,2
11772,B0948H4YKR,E,
90481,B08821GTK5,E,
93987,B013Q0NS68,S,
18310,1701496100,I,5
109406,B000CQBG1O,C,1
85658,B07CZ2MYGQ,E,
62183,0691130884,I,7
15711,B094X6N4PG,S,
3066,B078Z9P9BQ,I,5
1139,B00IDCYHRO,E,
52316,B07GW283KL,C,3
64574,B07K8ZC6Y3,C,9
6653,B07CR76MMQ,I,3
99502,B0084I2P76,E,
381,B077K2NXZX,I,4
40396,B01A9NRG4U,C,11
2934,B07L4QVFQQ,I,2
5519,B088P7H44D,C,14
55768,B0981DX2WJ,E,
77959,B07MJC7GG9,C,6
89412,B07Q6VF54J,C,11
105272,B0006Q4I60,I,1
129,B0746SHN97,I,6
103041,B07W5M5C27,S,
85969,B01MUK7ZVB,S,
93019,B074SBBWRH,I,1
3662,B07CZK523S,S,
113039,B07PY523NC,E,
1336,B00F4CEHNK,E,
92450,B08TMSTKLP,S,
11605,B07GWZNF91,S,
83360,B017KUZULG,C,2
68517,B0777WX969,S,
29495,B07SV4939Y,S,
51115,B0885RR1MW,E,
114059,B07F2QJZKS,S,
110513,B015N8AV02,C,11
101046,B003U6N1DE,S,
72556,B00FKWCKU6,S,
110518,B07PH9M7GZ,I,7
114397,B085L13D8J,C,9
72801,B07QHJ6D1N,E,
75027,B001BAMO5W,C,7
21064,B087CRWM8M,E,
64968,B07PNGBJTJ,E,
40732,B01D8DXS3G,I,7
63676,B07FSG2Q5Q,I,7
43588,B07FSZYBHW,S,
46809,B000002KC2,S,
37362,B091D13NXN,I,3
80818,B0001VUSKU,E,
99473,B07FDL1GXR,C,16
65778,B07DWKY68X,I,2
23031,B087PT5242,E,
5575,B015XMHUGG,S,
107502,B01AX645KG,I,8
38547,B07SR767RN,C,9
36698,B00WCJGH54,E,
110143,B01LZ5KY9M,S,
93214,B07TVSCVW4,S,
1425,B08BLF3JGB,I,1
84960,B08MVKD2F6,S,
12343,B00KRKXYZG,C,1
25922,B00A23JBBO,E,
41858,B07DCP26L8,E,
42316,B07ZQ2YH56,E,
4615,B081TWGN55,C,13
100197,B01LYK2NAG,C,15
74956,B07CWKGZYL,S,
26984,B014P0K2A8,E,
67011,B074QC9B34,I,3
90685,B01GJZKHBG,I,6
88154,B07Y2P9P41,C,8
1608,B097MJK92R,I,4
4497,B00EZ5I1TI,S,
29715,B00E9TN1FO,S,
65287,B001DKD1K2,I,3
80448,B07RPW4PSS,C,10
40445,B07VWD6HJY,C,2
54580,B07MHW5M9Y,E,
51286,B000PD01NS,I,6
81768,B07XN68FVN,C,16
50741,1611532388,S,
549,B01NCWGXHK,E,
1432,B07GH6WX29,I,6
78062,B07BG18HJF,E,
36589,B07KRY43KN,S,
55115,B00005C2M2,I,2
47092,B07GBGT1NF,E,
93938,B01FINUKQC,I,3
49886,B07K8JL7WW,E,
98850,B01NCU4RQK,C,9
1127,B0829GZY9R,S,
22510,B00620UPXO,S,
103568,B07K6YC22Z,C,5
57378,B00CMAG6BI,S,
115767,B01MFGJJBL,C,6
79036,1624147860,I,4
103250,B07BWNZBFQ,I,1
65465,B07BB2Y5FY,C,10
18334,B08C2BY2N4,I,5
5084,B07JQ4D4Y2,I,3
30111,B07SQ122Q7,S,
22770,B07L6Y3FTL,I,5
56109,B098XHGN1X,I,1
77190,B00HF4T0IW,E,
15119,B00Q3IC32G,I,2
4678,B01D9DOWWQ,I,4
8468,B07VJWSHNY,S,
62561,B08KZG4Y3S,E,
105702,B00V922WY0,I,4
85047,B081C5QHCK,C,1
88815,B07SZ3FJ4C,I,3
40803,B078GV5KL9,E,
32867,B00GU7AII6,C,2
83295,B08BWJQSDB,E,
75296,B00A6VX9M4,I,2
72387,B01MQR43BH,E,
1107,B087X6VB7N,C,7
93219,B00YU7KSP6,C,4
39042,B071Y58YNR,I,2
95233,B07G9Q5TWX,S,
94058,B015YGC5G6,E,
69866,B09BVV3FTC,S,
29096,B01L2F26NU,S,
19506,B00501ISJ4,S,
78253,B076XPZR8C,E,
1160,B07WNS8RMD,I,4
55799,B075FJM9KH,E,
108598,B003KGIWD8,S,
102516,1455617423,I,8
22206,B07XWPBZCJ,C,1
47958,B001RTTCMK,I,3
97159,B087QS7PHP,I,2
86559,B000GU8YDY,C,16
54839,B07W4HDNKN,C,6
96119,B01KNXJRZM,C,7
29846,B07DH74TFS,C,1
11512,B07XRK2JJD,E,
104744,B07WTM9JH9,C,5
91269,B0009H5MAC,E,
8103,B086YGD698,C,8
106764,B00VK9WR7O,I,6
37961,B07L73K4G7,S,
44323,B07KNGYB3N,I,6
18994,B004KQ9ZEW,C,4
42131,B07RR9XX2L,C,4
42420,B077D28PKW,S,
93071,B00TTQMIDS,S,
84474,B00AC2ONV8,E,
113946,1482458241,I,1
59651,B0006MY7FG,S,
51141,B00KEWHY44,I,2
33147,B005LTIWPK,C,2
20675,B07MV99L6K,S,
87156,B0014F66S0,E,
8770,B0799ZFY61,I,1
2417,B00YXTRK02,C,5
84613,B07QWH7HTC,E,
3093,B000N2VR48,E,
96509,B07H1MLGP7,I,1
35712,1623170834,C,10
53039,B0757MNXVL,E,
31386,B07NHHQM7H,C,7
24965,B07ZJ8Z6BJ,E,
18442,B00KDO2QZA,S,
115607,B005EV251M,E,
11237,B0083GDG5Y,I,7
95994,B08NY9R4YC,I,3
17323,B07Q3VLR28,E,
81997,B07SWTH52P,S,
30212,B00LHNEE1U,E,
75737,B07WVP9PDS,E,
109287,B006H97AF6,C,5
14940,B01GIFEGVO,C,12
70912,B07D74N53D,C,14
85474,B00OZACUJA,E,
36454,B00YDGQHK4,I,1
4931,B07HD49PBS,C,7
19910,B00CITYT4E,C,2
35531,B01MS76M2Z,I,1
101971,B017OSRCAG,I,5
50579,B015HS87JK,E,
78748,B091MH2Y5S,E,
62177,B00Z7RRYNM,I,4
47464,B07YXN6R5Q,S,
3713,B01DZQI9TE,E,
81740,B07XXWTP95,C,4
63302,B019EEQ6LE,C,4
820,B07BQGVVSC,I,6
115723,B07WG7JV6Q,E,
63180,B07H1PYB2L,E,
79291,B07PM9QJ3D,S,
85271,B07C52ZPK3,I,1
40436,B07YDB19RQ,C,9
10181,B07JYRWJ4G,C,1
19281,B07GSK5JRT,E,
43939,B0838YBMPQ,C,1
98945,B01DW9QOY6,C,1
23607,B09G3DMDDW,S,
20396,B005SAS56S,C,7
37062,B08T25Q6VX,E,
83392,B07G4KDLTZ,C,3
63987,B077WDRH6G,C,12
70701,B07R3B1H2Z,I,1
14805,B078PPH9KY,S,
60765,B08D5SGY6R,E,
66723,B00LGLHU3W,E,
36831,B017EHE034,C,4
8876,B005WUXA78,C,14
61082,B0746T75SR,I,6
75488,B07WC6YYJZ,I,2
1662,B00L5RMPT6,I,5
44579,B079KKQGNH,C,1
1398,B01KCEDFZA,E,
14326,B082WSPGRG,C,11
51775,B08HLV5T67,S,
31771,B00L2CS994,I,2
5424,B0181QD204,C,16
104266,B082BHN22G,C,1
82938,B00Q8TGMTA,E,
214,B07B8PX695,I,4
86346,B07RQ55F4R,E,
64691,B009BRPIL4,E,
69008,B01E93H83U,E,
64308,B0016LBTO8,E,
11356,B083BCTY9L,S,
25939,B07TTKF554,E,
87439,B085NPBHBG,E,
29959,B01BULCHAI,C,12
887,B08MF8LQF5,S,
104240,B077RZPGW8,C,4
51286,B009PTSHA2,C,10
66423,B07DQBGM56,S,
108739,B07MT67SWL,E,
110405,B0861XQ5M8,S,
1078,B07PDG7ZD7,I,3
60658,B06WLMCG8M,E,
94630,B08CMPYNWC,I,7
55215,B08DG642DQ,S,
49724,B07BD5YL3W,I,2
114932,B07RW2TJJM,I,4
87709,B07V38QHVV,E,
90400,B07SV8X6TN,E,
64373,B06XPN6TLJ,S,
7191,B07KZMJK91,S,
14790,B01LX3DXIN,I,5
104122,B07BT2VPTV,E,
29542,B000V75638,E,
36279,B00WCFAPPQ,I,4
91288,B00TY6U8IK,C,5
104765,B018GZKS84,C,13
66629,B000OAW2N4,C,6
4897,B004Y4WRFY,I,5
48031,B08865Z7KW,E,
76795,B010V0SPDC,I,6
84813,B07CN9KNKG,I,3
28258,B00QVLP1HY,C,6
52128,B082VZTMFT,C,14
100623,B00BSE0I3G,I,1
112694,B0161TL5NO,I,8
101466,B071QWKF19,C,8
63628,B073WHMMGN,E,
114866,B07R5BJVWB,E,
82993,B07DK14647,I,5
3783,B0769LQYD5,C,4
91606,B074CYX5PT,E,
78744,B01JHMVG5O,S,
8802,B00NAGDER2,C,3
28705,B004H8VQN6,I,1
87690,B07NSW2YC6,S,
90284,B074PS1KY6,C,12
40422,B00TTV1R4Y,I,2
112370,B07CKV8CKH,S,
80799,B07WRF8RR4,E,
36011,B07GT3JB7M,S,
15753,B07YTLF4S5,C,2
48826,B06XY881H4,I,4
61001,B07KTNTDP6,S,
88395,B082MY97RK,C,4
85343,B005HOVNXW,I,5
70388,B07WF5Q6S2,C,3
1429,B004D2C5FY,I,4
13082,B094912X3L,S,
18359,1912490005,I,1
36746,B00009XN5R,S,
91356,B00IREGQAE,C,15
107113,B084STTFSG,E,
13989,B00T44Y040,C,8
58446,B01JN6EHMS,I,5
31570,B07F95LC1X,S,
70835,B07SBC1NK3,C,9
12326,B072VG83CZ,C,5
36030,B07DB5GH6H,E,
72065,B00VIEZ1I8,I,1
81172,B071JGCBH8,S,
72165,B082XM45DL,S,
35753,B000PC53IC,C,11
35071,B005NWO9J8,S,
57625,B07HKQMXST,I,3
40662,B002CQU58M,I,1
58446,B001GIOVYG,I,6
32698,B0714MCH73,E,
55538,B07TFDS2KK,C,4
102052,1506456308,C,8
47281,B0108SQ1AQ,I,2
49382,B07TMJ5GSM,E,
42525,B01DO0ZR7I,I,5
69843,B00B9060X6,S,
8591,B07PCMWTSG,I,5
91862,0749482575,I,1
96821,B07T5X8HZS,I,3
68862,B01I0V57GC,C,1
15124,B073R7ZHVC,E,
32559,B07M7M557X,E,
88470,B087W7Q3LM,S,
5302,B075MP5BNP,S,
81253,B072Q5JB9D,I,4
52311,B06WRT9ZCY,I,1
70081,B00004UE4A,I,6
1621,B01MR68VU3,I,6
26508,B07QC43BXB,E,
8717,B076QLVN87,I,5
84347,B0006TPCSA,E,
58929,1453645365,S,
78819,B0711Q2TSL,I,3
103547,B08VDWPMXY,C,4
1877,B099ZMN4SX,C,6
42756,B07QXVR9ZT,E,
30274,B016ZPKPL2,E,
104332,B07XWBCD9C,E,
98353,B071HYG53W,C,4
924,B07CNJP6NC,I,2
3405,B07JDJKCY1,E,
51779,B0973LSYS2,E,
26784,B07PN1J9VW,S,
6796,B07DWQK61W,S,
48396,B07VMJ138R,I,1
87557,B01AV14L9I,E,
105301,B088D3G2RY,S,
83893,B01BFLRNKW,I,7
11089,B00SXTN2IM,S,
65755,B009USPR7E,E,
106,B01MSBQB1P,I,1
74689,B07L11KNHW,S,
32573,B07JF1RM85,I,1
110477,B07YC73FV3,I,3
20938,B07MJRHXR3,I,6
102061,1598530720,I,2
107475,B07ZPKN6YR,S,
20348,B08313RY9T,I,7
66629,B001SWKS5G,C,7
37533,B07VNJMWLZ,I,3
6514,B07TJ2NG2Z,I,2
73740,B0155YCQXE,C,1
113301,B074SL7TZM,E,
32761,B08CJ9GJJ1,C,7
17707,B07122K1QD,C,4
98302,B00BJ04QAU,E,
89412,B07C7F975V,C,9
14608,B08X43BL62,E,
19549,B0854N5P58,I,2
47143,B0012TAGCU,I,4
45082,B07RMHQK6M,I,1
70100,B0056IFZDI,S,
60553,B00GS80OQ8,S,
70874,B07TJS7BDM,C,12
8933,B000G1CPZQ,C,16
75625,B077Q31LZ5,I,7
75618,B001NJ0DS6,I,2
68363,B07VK2HN7N,S,
10982,B003V8B5XO,E,
74249,B00063RWVG,S,
70763,B092TJR2XC,I,3
51187,195035427X,E,
68102,B00DQ9SURM,E,
60721,B07YD1YM4N,E,
64374,B07XHQHLLK,C,5
55623,B07HQS5JN1,I,2
50083,B00KDP4NP0,I,7
62071,B07CX774DW,I,6
97764,B001KDKSEE,C,12
71806,B09HN1X2BB,I,1
56746,B07F966RCH,C,7
89434,B07VQBLW7H,C,5
3776,B075RNNYBH,S,
4168,B07ZK7ZT5B,C,3
53962,B08Z5C9TF1,S,
1369,B01K8RJ5GY,E,
57007,B07VS2CXGN,E,
100006,B08MZ6VP92,S,
64117,B001JU6G3A,C,2
3595,B07WFCTMGJ,C,5
37249,B07DNZP4J1,S,
28563,B08371TX5P,C,15
19228,B077BDT748,E,
60674,1891627708,E,
44698,B07B5H15HP,I,5
4591,B00CIRG4GC,I,7
107289,B07MG5Y5W9,E,
1464,B08RNK8PZZ,E,
61769,B07D5YQGZ2,E,
50712,B08864LJXF,I,2
3264,B07RVM2TJ1,S,
68951,B07BWMSM1J,E,
38510,B008H53K02,E,
55874,B07QMW51MB,C,16
32413,B08YRRL1LX,I,6
66423,B087K1CH8X,E,
73150,B00196497O,S,
10182,B082PNW7NP,C,2
115191,B085T3WW2L,E,
17073,B001G8UPLY,I,3
67658,B07HRJCDSS,E,
43533,B004NMT926,E,
16639,B08FG7QZN9,C,15
59989,B07BF5W312,E,
26847,1703273281,S,
21577,B07C2J9S5X,C,12
14078,B07MJP4ZQV,S,
69723,B01KIM44F6,C,10
21666,B07ZJM4J37,C,6
36229,B086FXNMHY,C,4
49982,B07JHJYBTZ,I,2
1495,B08C9YGBS2,I,2
4524,B06WGSQJ7F,I,3
69678,B08BJ5MFGY,C,10
85843,B07Z7VRXZ7,S,
36838,B01KOTSVO8,C,3
56817,B0771R5L28,I,3
42893,B0190T261C,I,5
80876,B07PS8MVBD,E,
99965,B07QGZCX93,C,15
91606,B086L53K44,C,1
79172,B07PHPRXYT,I,6
45802,B0751B71JV,S,
35742,B01LZE505J,E,
48055,B07DHB5MPF,C,7
97181,B07Y8MP9N5,I,6
101609,B07WFFR2XD,C,2
17146,B07M8DTHGL,I,6
43006,B08CG1GKRV,I,1
864,B088RM13B3,E,
106620,B078952HC1,E,
78743,B07M8RNFC3,E,
92284,B07QWZQ25K,E,
102202,B00D5T72YA,I,8
57578,B0768KFR31,E,
55924,B07N45V16C,C,5
85118,B01E1T78OG,I,2
635,B0041G50RC,I,2
50134,B013H08DVW,E,
8305,B00V5DG6IQ,I,1
68113,B005P0OMMC,S,
93780,B07CS5LLNY,C,8
17923,B07SHRFLM1,S,
88809,B00DUUHMS0,C,1
85221,B01EX9KCTM,C,9
28711,B09C1F6CXV,E,
63871,B08BRXNBG6,S,
28012,B009PY4W4W,I,1
4995,B07K7RXP33,C,12
68107,B07GYX38KL,S,
4745,B09DTVMLBV,S,
16639,B083B2PH1S,S,
79921,B07G35PVQP,E,
40418,1465478884,E,
1201,B08DW4GM81,S,
88841,0903515083,E,
87711,B07YPB5JYM,I,3
104423,B07WC6XVQ6,I,3
50699,B072JHS9Q2,S,
97581,B089B53MNY,I,7
69594,B07DFDRKY2,I,2
32913,B079TSHVN7,E,
492,B08J7GD3NZ,S,
51769,B07SQLWT5W,S,
91421,B07P4MY7BC,I,7
61178,B084ZB2TW8,E,
89378,B000C1511A,I,7
84761,B08BP2Z3Y3,S,
25791,B01BUKILDG,C,10
115870,B07MJCHKVK,I,1
48980,B07ZS5VGBF,I,4
1191,B08R5DW69V,I,3
87439,B07SVCJ5JZ,C,6
28010,B0010YAFCI,S,
98164,B01M61T9W9,C,2
35085,B08RZ6MHSM,S,
81719,B07TSQRZ6D,I,3
34681,B07CVN3Y26,S,
35146,B071JS2PFL,C,1
42427,B07WX2L4HV,S,
95300,B01MG516U2,E,
66398,B019SDJLXQ,C,7
11798,B07QXJZ2M4,S,
33745,B07JQV2Z12,E,
74866,B083PTRRNS,S,
104898,B072627HB9,C,4
34062,B07VRPZL6Y,C,5
15135,B07MWSKNKZ,E,
8249,B00RKWAK3I,S,
20713,B013FTSR6Q,I,2
106453,B07Z5HKXGT,S,
109611,B07VX3HGJ6,I,8
109339,B01HQGOYD4,C,4
103547,B08HLJW4DZ,C,2
110668,1565238508,C,3
34496,B0853DBZW7,E,
22216,B081584PX9,S,
39028,B005XGXR0G,I,5
87446,B07WDZ6FQZ,I,3
92420,B017WX0XQ8,I,1
52954,0972651624,I,3
52265,B07X6S73KF,S,
83126,B08YP712PM,I,1
97505,B07CMJWM3Y,I,6
92646,B00CNMNP2S,S,
56068,0307352153,I,7
59422,B003A7H062,C,2
9974,0872599167,C,2
86532,B00H3KQA3Q,S,
109653,B07YD9BLS9,E,
71239,B01I5SDMHG,E,
94970,B07YTN165Y,S,
49537,B08NVTRS4D,S,
60190,B009FAQ848,E,
42752,B07DKH6J4W,C,12
71082,B07KNQRQ3P,E,
1320,B07GXZZM2Q,E,
74029,B0895T5VQL,E,
115228,B07KR9B9P3,I,7
39403,B07W9D7ZS1,C,5
22689,B07Q4QZGSY,I,3
13384,B000LGZT54,C,2
51100,B077VDY38W,C,12
24623,B078X3VWPH,E,
16260,B07D2LTY1F,I,2
98167,B07D9TLK5Y,S,
15538,B007GAQOJ8,I,2
98237,B0089Y91HM,C,9
77900,B00XCZWM7Y,E,
680,B096Z88K34,I,2
32674,B07D9C7SQH,E,
77354,B07P81ZS9Y,C,1
4412,B01N4I19UX,C,2
69703,B07NQKG65K,C,13
69196,B01MZ8VWCJ,C,2
44906,152095476X,C,3
107173,B08H4H7XKF,S,
5618,B07FTMFR2N,I,2
641,B008UG6WE4,S,
12237,B07ZWL77C1,I,1
60051,B07Z11Z17B,S,
19359,B07YBPWM5T,E,
79218,B08GY5XPVB,I,5
76642,B096ZZ7RML,I,4
15588,B001V8IVCE,C,7
31184,B09875JHB1,I,7
94570,B08FFQG517,C,9
79284,B0000DH957,I,5
22646,B073QTJHQ1,I,7
45101,B01M22QTWT,S,
66821,1138690015,E,
107864,B08M3MQP4B,S,
2410,B07S8XC8PK,I,3
25245,B07QBR11ZZ,S,
583,B005S0AHPK,I,3
80035,B00VKNOEW6,I,7
93619,B08KVYTHH3,S,
84894,B079THW2K4,S,
41679,B08HM6LPK5,C,8
27607,B0731YGYTB,S,
51258,B005CWK0FG,S,
113565,B089PZNWZP,I,4
10973,B00BFX8OEK,I,3
92040,B07RCCTBD7,S,
21426,1905113404,C,5
65004,B07T93M8CY,I,2
51993,0321743261,C,2
115354,B088KQVTZS,E,
90685,B077Y26KVQ,I,3
837,B08R8VLV4N,I,5
107533,B0143WMT9K,S,
69382,B005OCXTG6,C,14
20090,B00PUZ5AQ4,C,11
56410,B00005NGAD,I,4
50722,B01F72H9I6,I,3
106399,B00S1ZOPD4,I,2
44454,B083THZ55C,S,
47646,B0049HA3NO,C,5
23150,B07DB6QZ12,E,
46357,B07H8W9FD6,E,
79292,B07BCRZSM8,C,2
44492,B07H9QRZBT,S,
41143,B01MR2XKH2,E,
98667,1884528058,C,16
44123,B01HR4XPMG,C,10
115671,B08BHWM42W,E,
52419,B07YY28WP1,E,
88259,B07DLD5VH5,E,
110406,B0861XQ5M8,E,
19910,B00KKLAJPK,C,5
46943,B07174RPJC,C,7
31431,B01IU70NBK,I,2
113105,B0753H5ZN8,E,
27433,B07NLG7KQJ,S,
93114,B07M9MZSWD,C,9
15594,B071W6SPD2,S,
58278,B005NNZJ1Y,C,5
40175,B001FCC6RC,I,1
105589,B07B9RFQBJ,I,5
86414,B01F1AJDJW,S,
14325,B07WFCVPLJ,I,6
11058,B0751VYCNS,E,
88158,B06XD54ZK4,I,7
66881,B01JHD9FIS,S,
2368,B017MTIIMS,I,7
87923,B071P2S2PZ,E,
85533,B08ZBCGXSS,S,
19187,B00BJH312W,I,6
19125,B0027Z8VES,S,
35104,B01MRH9395,C,4
88215,B01KP48G24,C,8
83870,B07TSX8SQ3,C,1
51421,B07Y3ZJGW8,S,
95496,B07QC4DGHK,C,6
61581,B000S0RST8,S,
47429,B01N22ZDEK,I,2
88469,B016W5UHOU,E,
79327,B003E720YK,C,14
7859,B0128SR8T2,I,4
14004,B0847TPMNT,I,7
27153,B07DFN6F6Y,E,
39184,B089SFWS7X,S,
106723,B07B94RP4D,E,
40652,B07S23DYNY,S,
80898,B07QFZZJB9,E,
30297,B01786GBM4,C,3
23865,B01IK50F0G,I,1
98055,B07BB4Q13Z,S,
401,B08XWGVVZV,C,9
1636,B084W35Y2W,C,8
83802,B079WNBTSH,E,
940,B07XT4W8QY,E,
50758,B07W72ZT2N,I,1
88367,B06XHCMVR4,S,
30674,B000VVO0I6,C,9
30923,B06WWGNQXV,E,
76634,B072F4X94X,S,
13236,B09BNJ8573,I,3
66339,B07XV7RLKW,I,7
55460,B06X1F3Y7R,E,
17380,B082HRQ1H2,I,2
80978,B07ZPCYZ3C,C,5
54854,B098BN78F7,E,
80563,B000GVBHB4,C,4
102084,B0011EL6SE,I,7
50720,B018YFTEGI,C,5
50944,B00IUWX7JQ,I,2
36801,B01B13ABSU,S,
73723,B07BGJLF38,I,3
74020,B077NGLV9M,E,
76280,B07VVXCQL1,I,2
13507,B07ZQX45ZL,I,4
90013,B07T1XRSL5,S,
1383,B07Z9PPYSH,E,
10902,B079GXG77D,I,3
49546,B08951YJML,C,3
96674,B01M23XHJG,E,
44713,B07H4MZLHY,C,2
57989,B07LDFJ9QM,S,
36586,B00R6Z4R42,S,
82975,B07PLBCDYC,C,2
39320,B07F1DHW5L,S,
44579,B073FML6SR,S,
111284,B004QEZ3GW,S,
109022,B07SY7XTK9,S,
78236,B07WFHPKL6,E,
50541,B07MWPNPPB,E,
63964,B00ATFYEU8,I,2
85881,B07MJDP6GT,C,1
68503,B0030T174Q,E,
3328,B0727RDXRG,E,
39147,B08T1JVH8C,I,6
71701,B07SVKBC47,S,
83948,B07T85V1KH,E,
1999,B085F37V7S,E,
95498,B07N3CJF41,S,
8763,B000FKK08C,E,
55321,B07GTR81X2,I,3
77959,B000MK5JOA,C,1
96166,B07CMZQ3NH,C,11
32658,B0823DXX8W,E,
111945,B074PW3FC2,I,6
87799,B07R95DQ39,I,1
21902,B08CGN3L6F,C,4
67351,B0747NLXSZ,E,
105454,B001050JMS,E,
72438,B06XS393P1,S,
41115,B083NTH8LS,S,
93855,B07KGGLMNG,E,
107272,B07GCKZKX8,C,14
40256,B089RPP1TN,E,
59230,B00IPXP5G8,E,
91270,B0000TZY9I,C,11
66041,B01NH0VF3S,I,6
48591,B07Z4X9PY3,S,
53411,B00LGVQXQW,E,
106203,B07HMC5CVW,E,
56275,B0012QNHKG,C,12
36242,B086WMY722,C,1
7056,B000IB0H22,I,2
32067,B07D2CQWWV,C,1
100380,B01N6TCLWL,S,
75188,B07MBR8G9R,E,
8464,B07HGKK2Q7,C,4
46053,B0868XF3M7,I,1
62511,B00WCMXPL0,S,
94674,B08MXMYD8F,S,
52568,B00FAFOT84,I,7
559,B08GC7SWZM,C,16
74086,B00K21B47K,C,1
89407,B081P7CVTS,C,3
106764,B081THHSW4,I,2
101843,0805418393,I,8
103384,B00U7HMZZO,E,
8928,B01N1SE2OE,I,6
91328,B078MDZW86,E,
64694,B07K1PDNT5,S,
108490,B01D2UJVGS,S,
50421,B07TJKWZVG,E,
114307,B079QJGJBD,C,3
67005,1092942270,I,6
71795,B01B6TIQBS,C,1
96564,B078WW7GZ2,I,3
8928,B010UVALW0,I,4
449,B00IR8H55A,I,2
51775,B08F73T9RQ,S,
11435,B0168KUU46,S,
11650,B07P645JGR,S,
7028,B084HM59V4,C,15
7076,B07YNGY8K5,S,
78842,B0793MCX1Z,E,
1772,B01NB0J2MR,I,5
70746,B07DK8K59Y,C,7
42772,B0044D2MFA,E,
47670,B07FTM75XM,E,
20249,B087BYS4ZW,I,1
115013,B00SD8IICI,C,9
109558,B018DM6EX8,C,3
68261,B07PS21YML,S,
31893,B07HLSVHMT,E,
46334,B07ZGF8NRV,S,
7497,B07V5DY4ZG,E,
82206,B087CF96H3,I,5
25006,B07GL3KBYW,C,6
77387,B00R4HZ3A4,E,
68094,B07MHB2T4X,I,1
98176,0593086929,I,3
3372,B072PQGT9L,E,
36714,B00SI2ZF5W,S,
76722,B0799CVNK5,E,
46157,B07G2YK81F,C,1
11245,B06XY1PY6D,E,
90168,B07GDX58V4,C,5
27881,B003H03SDQ,C,15
60053,B00BWF2ZK0,S,
46074,B07WTVJWD6,C,9
72282,B07GM1FKS3,S,
34812,B01N42EHD0,I,6
88639,B07T9CKYQB,C,5
80044,B089WKW127,S,
17905,B01KKRXF3Q,E,
45116,B07TT7CLC2,E,
64374,B0794MNWBG,C,12
24085,B00BFDI2GK,E,
111802,B091FSJWPX,C,4
100446,B06XD9Y61L,S,
114342,B07J2C95TK,C,3
52231,B07VD874KK,S,
15229,B07K5HQP5G,E,
50877,B07JVPD7JS,E,
52831,B07MP1NBKY,I,1
18350,069284838X,S,
9689,B084FVP2N4,S,
38779,B07S4K2QYD,C,2
56592,1416997458,I,4
86839,B082WGWG4G,C,15
54052,B07VKQYPGS,E,
89541,B07JZTBV9C,S,
81603,B07CG9DJ3D,C,1
16790,B0036G9A24,S,
21510,B0849K9DKJ,I,5
24016,B01BD0R8KU,S,
29756,B07WRT4SRX,C,4
103835,B06X99FDT7,E,
11292,B07TCGHTZ4,I,2
18310,0615485308,I,3
44574,B00UZ89SZA,C,12
86469,B07B7ZL1VV,C,2
6808,B07D9HDZCH,E,
34890,B00283W0WS,I,6
74747,B07D8LQVZQ,E,
72776,B08XVQWSZT,C,8
93271,B0036Q94CU,E,
57977,B076Q7VS61,E,
90767,B06Y2YYS4N,I,4
10118,B07FLRHRJF,E,
3858,B07RD9VKC7,C,4
7241,B07RB7LWMS,S,
3551,B07BTMWMJ5,E,
43511,B01LLGRHRA,I,5
18405,0735224315,E,
809,B086LB34TB,I,5
48797,B0869379NP,S,
90767,B00F03EPK8,E,
88257,B00BIQRSLY,S,
70397,B08BF4CZSV,E,
89093,B00DMKIU5M,C,7
57703,B07FTL2WQF,S,
72618,B07RYWYZG8,C,2
52259,B005MUQ2MS,C,15
112358,B000JJV1FK,E,
83338,B07H1S1D2Q,I,2
55151,B092J2CQDQ,C,14
75122,B07WJ9FBY5,C,7
109033,B08DVCSMXW,C,1
101180,B07M6GNK1Z,I,6
35492,B00EB6OGN6,I,1
15810,B07WHY4553,S,
54335,B06Y66BN8G,I,2
101129,B07N3XJ66N,E,
14069,B07BHJJ1T3,E,
49829,B00ACIHDT6,S,
14060,1743677588,I,1
97764,B0015R8K40,C,9
106627,B00QHAPGS8,E,
51755,B083ZY9FJG,S,
78842,B0894MDHGC,C,3
112047,B01621G7NE,S,
16829,B07HH756N2,S,
109353,B01K6P748E,C,11
53818,B07YJHYCFZ,E,
115200,B07SGRJ4V1,S,
66919,1609585402,C,13
104210,B084KXZVZL,I,3
72305,B074QRZ6J8,C,1
95033,B01MZEEFNX,E,
86050,B07JVBH7MP,I,1
27950,B01M0G88ZB,C,2
48202,B07W5TYQ8F,C,4
83288,B0882NBMP5,I,2
81963,B00H95ONYS,E,
83880,B01M66Q4EI,C,1
26613,B0195KBAVI,E,
64446,B001P272K8,I,6
66716,B004X7BXYI,C,5
52890,B08NPW2VV3,S,
109033,B0769HC9TV,C,9
80330,B08B3V9CD8,E,
52195,B07N4D7S6F,E,
45999,B003AOCZJM,E,
65992,B00E0GS4J4,S,
90432,B00NLM8EL6,C,16
102533,B074DDMC38,C,3
12815,B0972W1ZX1,E,
12126,B07C8HS1GF,I,5
43008,B07XTNR6FZ,S,
43055,B0834JV157,E,
761,B08N1NLLGN,S,
10058,B000AM82MQ,I,2
54844,B01N1YFE0L,E,
58364,B01M14TAF0,E,
82573,B00IKSO9EM,I,2
112396,B07LF96FTM,S,
88319,B085DF4462,I,2
94244,B00EVNV8Q2,C,6
65287,B08MQ5NT58,S,
55822,B07TYW7CQ8,E,
63443,B083K3CFNJ,E,
78166,B07PS7WW63,I,2
35730,B07Z9PF98M,I,4
39534,B078RTT8RT,S,
19526,B07YTYGZCR,C,8
110400,B00004RALJ,E,
18631,B0798F5G8Q,I,5
32761,B08221P29R,I,5
48559,B08JLTKGHP,S,
37776,B06W9K61K7,E,
1464,B093BVG529,I,7
71160,B01LXJ1433,I,5
1754,B011296704,I,7
4732,B000FGS1RS,C,5
64176,B083HZMXP3,C,7
41343,B07DRDX8CC,E,
25113,B07938V71H,C,13
108041,B07HFS7L41,E,
99669,B00ZUNKENA,E,
101938,B01LWOI3D5,E,
53310,B07ZZKQ9R1,I,7
69193,B00LCU1B2I,C,7
109339,B000IZSHQ6,I,6
1103,B07YTJDFBP,I,6
94570,B098DM87LW,C,6
101824,B01M6Y5LXP,I,2
27019,B07BDQ1372,E,
44553,B003DRJU5S,E,
106208,B0758J8Y7D,E,
92783,B00NET7156,E,
11790,B0767JBLWP,S,
10387,B00MXZ5NIE,E,
114638,B0713YSYGH,E,
1307,B07VCJW8KF,I,1
14872,B07X539R37,E,
1229,B07MC9KHK3,S,
79420,B07GJJ71XS,S,
113944,B079QD2LG1,C,1
38476,B09251Y4G9,C,17
4279,B01LZA8F8Z,S,
24140,B07ZL27PLL,S,
115333,B07H3JVDJC,S,
71579,B09238HLS3,I,3
2013,B002Z34KYW,I,3
83099,B07PPCP2ZG,E,
102472,1465468536,E,
65971,B07QWNL18W,S,
44244,B07KQS84WH,S,
103087,B000HB2U00,I,7
57578,B005AXYC9W,E,
26274,B07JYXD2XT,S,
97071,B086QCXSCF,S,
74447,B00XPV62GW,I,6
106461,B0711FL34V,I,5
57402,B08398FLR6,C,3
62822,B08FGVZQW5,E,
15006,B07PQD3B7B,C,1
1294,B01MRDZXXK,C,11
30856,B099Z64L2Q,E,
115479,B01N4JLYDW,S,
51627,B0731QJ482,E,
19987,B07KBFNRCM,E,
40289,B0792C47VT,E,
99597,B074C8BBBG,I,3
83635,B07SQ7CWSZ,S,
101055,B0196TB5TU,S,
50913,B08526BKVJ,S,
11092,B06XGF4467,C,8
55036,B07RPZHP79,S,
19135,B07JG284JH,I,4
32567,B07ZVBBGYQ,C,17
3074,B00CHQ8ADY,S,
106849,B07T242DHV,C,13
57065,B010I9UX1S,E,
87910,B002HGW6VQ,S,
64016,B07H46DCMJ,C,12
53310,B086VSVRCF,C,6
27377,B01D59AUFW,C,7
111158,B07NKSMDSB,I,6
78498,B0019CUD4G,I,3
41187,B08HLMC448,E,
106438,B07FFTHMMN,S,
80494,B075KG5YVF,E,
15664,B074FDRFKM,S,
45889,B07DCT3ZFQ,C,3
60180,B008K7IV1A,S,
55961,B01LOQEKIG,I,7
71280,B00MX1CIQ8,C,9
31543,B075QJM39Z,S,
4897,B000LE6CB6,I,1
89516,B078M6TQ87,S,
4591,B08R5NKWLJ,I,6
12196,B076L1JDQ4,S,
102427,B06VWH2HCP,C,12
7041,B0868Y6NNT,C,13
68102,B07THCXGCK,C,1
62058,B096PVXJTJ,E,
104550,B07K3WFN4L,E,
99953,B01BDY5RKE,S,
109847,B075XLWML4,E,
4247,B06ZZ6LFCB,E,
23268,B00KYLAGZY,I,4
32981,B07K7F81D4,S,
74277,B07RBPHVG3,E,
73078,B075R6YZRP,S,
52234,B083JLFD4Q,C,9
110506,B00Q2FAEYO,C,3
102004,113868970X,I,3
26601,B0018179K4,E,
107144,B00C7YQCWW,C,8
7237,B008HP25IK,E,
12512,B0788G8H6V,E,
98046,B00PSSG4UO,I,2
34475,B079QCXTXF,S,
109879,B07MNZHXF6,S,
38435,B07S1JBN1T,C,9
8751,B07T24FL6H,I,4
4504,B000EFKNS0,E,
66500,B086YYDKRD,C,5
107325,B07XXBQPZL,E,
14326,B07D1Y4J4W,I,4
30780,B07QJGS8VF,I,6
98569,B003GDJ1GC,E,
102225,B07NX1JSWY,I,2
1542,B08G569YXW,I,5
16052,B073JRC3KM,C,2
95758,B07T3CG3F4,E,
6482,B06X9NTS51,I,1
103266,B01ALLUTD0,E,
83416,B06XPY3CMH,C,10
110353,B004SCW1PS,I,6
86866,B07M77D5KV,S,
93570,B004REEZN8,I,3
51401,B071JMFSRJ,S,
99557,B07BS69G8X,S,
93793,B08NRRWCVS,E,
20766,B010TC5LG6,I,2
36101,B08L3C66BK,S,
72244,B07X1LCJJD,C,3
101986,B07QYZCBBB,E,
49982,B07MH3MGGF,C,5
97761,B08VCMWTFY,C,3
114875,B07X8RXRG4,E,
17773,B000KOT8VS,I,1
92768,B00J6AS30Y,S,
19760,B07S82L8BG,C,13
60781,B08XX6R1PT,E,
99352,B07LH9D4WB,I,4
13657,B01N52DUNK,E,
4281,B00BZC0UCU,E,
105126,B07CB2R376,C,12
20025,B000QSK31M,E,
26995,B08PXJ1JJ7,E,
73187,B01CZ54L66,S,
8945,B089GMCMCW,C,10
94765,B0719H6MVC,E,
8613,B084JML1WN,S,
110961,B083TBMZJC,S,
70763,B092VRMHJN,E,
12279,B07X5YRQ8B,I,3
11028,B08225H7LW,I,2
63903,B07Z81VVTB,S,
102805,B01A7AB9MA,C,17
106021,B07NRL7BHX,C,14
97898,B085GMT7H4,I,7
32210,B01K5S5KWE,S,
98245,B00CAV1DE4,I,3
51025,B01JS30ZTA,C,12
70732,B08PHFDMKZ,S,
63443,B07ST95TVJ,C,6
25846,B07YFZZ7CG,I,3
37049,B087CTTRKC,E,
96572,B08XJ9QK7V,I,5
52567,B0921NQRT9,I,6
70560,B07V5MJLT6,I,1
14649,B07Y93XVZL,I,5
94089,0961013206,S,
13161,B002EZHGQK,E,
51769,B07R5KVRZY,C,14
79,B091H2SHFC,I,7
64768,B07QVJ4MLS,S,
31172,B0811Y6S6C,I,1
49795,B07K1LLCBZ,S,
3052,B07B2G91GK,C,2
51306,B082V6186P,E,
59040,B00JMMKY2Q,S,
64512,B08VJKD9BG,S,
8368,B017DGG188,I,4
34891,B0181HCC7M,E,
87836,B001QX2G9S,I,5
41601,B08GVPMGMY,I,7
74840,B0852Y94S2,I,1
89137,B07G8G4LYP,I,5
101409,B00MWTJ9OA,E,
9508,1735094404,I,5
53589,B08C6TN89G,S,
17000,B00DYN02E4,C,16
32644,B07F7KJNKK,S,
22208,B081LJ8GZ9,C,12
22477,B07XF7L31F,S,
77043,B07JB71KQT,S,
26821,3330003197,I,6
39861,B015GBH0LE,C,2
106322,B087NJP411,I,5
21544,B082NWGP7L,S,
114104,B08HMM6XBL,I,2
13767,B08FT86WMY,S,
100398,B07X8FNQHL,S,
27074,B0834W1RR6,E,
22823,B07TXY8KLH,E,
67662,B071N9MNW2,E,
65174,B08YYLG44P,S,
101883,1585362530,I,5
48900,0996085343,C,2
33377,B082J83BZJ,I,3
8766,B002F34YG6,C,5
40710,B07YT942XP,I,4
59666,B089SSP9FM,I,1
90963,B077KL14JR,S,
664,B0049CJXRG,I,3
92488,B088D1M7W8,S,
62263,B0854PZMY2,I,2
1546,B08R91KYT8,I,5
71581,B00H7EN40A,E,
1632,B07R2N871N,E,
17146,B00MNV8E0C,S,
102647,B073VD1QLK,C,5
1298,B073YCL7YB,C,12
65834,B07YZQSC5Y,I,1
46519,B07PF2MKLX,S,
100744,B00HQQG2CQ,S,
57722,B0923LXLKV,I,3
82305,B085CLBHMP,E,
47270,B07GXHZFPN,E,
89140,B01LWIR0RV,E,
107904,B07HR8SB8V,E,
51072,B003L91J16,C,11
95352,B071DQQM1C,S,
39567,B017TS6WE8,E,
38968,B07BP9VXSC,S,
99903,B0160IOJAW,E,
51151,B07VPW91NV,E,
73761,B00QL2XGXE,C,4
53039,B07DH68WK2,S,
105448,B07P1BPQ6V,C,11
90238,B07PDPCRP4,E,
25139,1572228989,E,
88185,B07Y9KGW31,C,2
88469,B08RPCCR51,E,
33496,B07572H5N8,E,
100517,B00MNQTMT4,S,
103265,B0755Z99B7,C,14
79475,B01N6VGB60,I,6
94683,B0773QXFH3,S,
104714,B071K2GMDB,C,4
102457,B07659X297,S,
56539,B07PYQQ8XS,S,
101257,B01NBZZPPI,E,
5890,B07Y5R4PWV,E,
53005,B01N5FKLIH,I,1
13081,B07VLC83PD,S,
90200,B07W9FSKFR,C,8
53010,B00EARP068,C,1
92980,B004RUFCUM,C,10
76743,B07G5Y9MD1,I,2
110405,B00MX4HBNK,I,5
66504,B088DZL8WT,C,4
82018,B01EMG88NI,I,2
11136,B01MRKHNZG,I,2
113019,B01IDT8KQA,S,
115009,B07G1T59WQ,E,
14854,B07DQCCV8W,C,1
20240,B00EPE5U52,S,
97271,B01N5Q1S0Z,C,5
47620,B00U0HH9QQ,C,8
102385,B00NGFKR5O,I,7
21914,B0928TP4NB,I,3
112176,B0892DX3KH,S,
20227,B00JKUOEX0,E,
83927,B01EJ9DMQQ,C,14
9033,B0006ZTEQK,C,8
65364,B07FTWSMTK,E,
83441,B00BQMOG4M,I,4
87792,B07VLWNFR4,I,1
6257,B07H1QZT4W,C,7
111194,B075R8NHJH,E,
110888,B081L29RCQ,C,3
36668,B001GS4N26,I,7
2190,B074644LRG,S,
56892,B00MOO8KFM,C,1
1620,B005H2SHS8,I,1
15389,1099864690,I,2
1017,B07Y8TM6SW,E,
96056,B0839BB5ZF,C,2
58179,1635785049,E,
35574,B01JK1ROKI,E,
40858,B081R3DZNZ,E,
54832,B074TF4SJN,E,
86257,B08WCND49J,S,
96524,B00N1QVCMU,S,
72273,B00IXO6VNA,I,3
41284,B01ETGEX6M,C,2
27146,B00BLQTGNO,E,
910,B08CNK7P2G,I,2
48237,B07J9NJ7JL,S,
111815,B01N2P6V5P,S,
94828,B07TPSKZX4,S,
109376,B07MM94243,E,
51931,1338297104,I,6
104838,B0752T8KJX,E,
14326,B07LGV9H36,I,1
82879,B07KPQRLS7,E,
110558,B01NCRJLU4,S,
73588,B075ZY64JG,S,
35882,B097T276QL,S,
102255,0374309132,C,10
22210,B07DN4FY4D,E,
93305,B07RLMPF3V,I,7
7842,B0002CZYW0,I,7
36244,B07NJ2F41N,S,
629,B07X7DCF75,S,
114932,B07W65QBPW,I,3
29065,B09F9J5T3N,S,
20671,B0776VQH3Z,S,
61536,B07SSVWD1X,E,
66054,B017PCGABI,S,
64496,B07K8XVLHH,C,1
70601,1975112474,C,3
43105,B0711FKZD6,E,
499,B00TFDLJP8,I,2
70874,B085HNQ5YP,C,1
75487,B079NKT2SC,I,2
7529,B07PXGQC1Q,S,
47158,B01N9PSULT,E,
5518,B087P166JF,I,5
38695,B00006IBO5,I,7
92284,B07HGTJBGJ,E,
46388,B07N1BKKG1,S,
81483,B075YCGC4P,E,
83991,B09CKB8RKH,I,4
105946,B0001BKAHQ,E,
30856,B0187O1GPI,C,6
57994,B07WJYS7QB,C,3
24126,B089FFFSQS,E,
19913,B07V7R4NGD,C,2
72065,B07NJ9KC7Q,S,
10210,B07H16RPKF,E,
52950,B089ZQJNGT,E,
18285,B07ZFHC9TK,I,2
81989,B084D3ZCFR,E,
62827,B005MHY1GA,S,
72050,B002QG07PY,E,
12438,B07MCVJJ1M,S,
211,B094CDXTXV,E,
38906,B019JY9BO8,S,
13179,B0797LMHNJ,C,10
3809,B0035KF408,I,7
106611,B07PNS4TBN,E,
41431,B07VX8F3T1,E,
86463,B07X3L68PN,C,7
110775,B08P74XTK8,C,5
37419,B0838CCF7L,E,
7288,B0115MSQMK,I,2
111425,B07NPZY8KB,I,1
63736,B00UKTW5LI,I,6
60759,B077PHRRNY,I,4
31866,B077S17RPZ,E,
16295,B00UM4FL1M,E,
71044,B07R7ZV39Y,C,6
74029,B095WD2RTG,S,
44957,B07DKWH3F2,S,
115006,B005LXEDTK,S,
14046,B01BU2ETGW,S,
73176,0060959479,I,3
7028,B00E66V7BK,C,8
55266,B00O1AACC6,C,7
60501,B00F4HBG5C,C,12
1168,B004TWC34Q,S,
75102,B07QLBG381,I,3
70886,B07B8MX8TD,C,3
75427,B093Z1FZV7,C,13
110675,B07MJ7X29M,C,2
7027,B07BK7QJ97,C,6
56821,B07VNHXWHR,C,1
67966,B07VD6YCBP,I,1
37192,B07PX42MN7,C,7
27832,B005KDA354,E,
34766,9814398519,I,5
60765,B08H5JZS3N,S,
42032,B00HT7DORS,C,2
15372,B08CXW68Y5,S,
9891,B01N9X9SV0,S,
62418,B07JW7GT7H,S,
70533,B08543DTGH,C,4
105852,B07J6TPBVH,C,1
43621,B07CY1MJ4Z,I,1
9077,1951474171,E,
110466,B07F8NKBBD,E,
28901,B079RPSPFP,I,2
583,B009DJSX4O,I,2
50051,B00XUVKB14,E,
1089,B07BQGVVSC,E,
109299,B07M6JH3JF,E,
68382,B0001DTWYG,I,2
97766,B006LXS9GW,I,6
88859,B06XV2CKK6,I,2
75976,B00CP85QKO,I,3
95096,B01I48L40Y,S,
89282,B071L65R7D,I,2
19898,B01ARLXEU4,C,6
52314,B07ZWPPJH1,C,4
46539,B010GG3RB6,I,2
81874,B082J88R76,E,
42322,B07VBSWTMH,E,
22477,B07SWQYSHH,C,5
113534,B06XJBB7V2,C,2
94218,B0817SHH1Z,S,
45784,B07G2P6SNW,I,1
45407,B07P9LTLJY,E,
19299,B0773MPTVQ,I,3
74866,B07VZVV5XG,S,
104127,B08YQT6F59,S,
26634,B07V65MP4V,I,3
29534,B08H5NQS8H,C,3
90342,B00CDQZWKM,C,5
17710,B072KQ498Z,C,3
50151,B01MTAPB71,I,1
63964,B002RFXLS4,I,3
20890,B013I4EKRI,I,2
110668,B079YTNVGK,E,
109711,B00U7BPK8O,S,
96692,B07TZSJJXM,S,
46537,B0857KPWD7,S,
43103,B00L378VSM,C,6
52568,B0921NQRT9,S,
96620,B000E28UQU,S,
956,B012XMT6I4,C,9
66964,B001B0VC5K,C,11
29867,B015G06JOE,S,
20483,B07TBB37WT,E,
105401,B08681BNKV,S,
93172,B088Q5TMSF,S,
102152,B00KXSXQ7I,E,
82621,B07H9WD3QF,E,
47149,B07DRDFK2N,S,
6595,B01LZVYNMT,I,1
10436,B06XD6VQ1J,S,
85311,B07C9SZK7T,S,
102274,B08T5SY7XM,I,6
44502,B0160BC18G,E,
1279,B08XHW3SJW,I,6
46037,B07MVM23FP,C,12
2013,B002Z36PI6,I,5
31633,B0089QJCRO,I,5
115803,B00D5YS4HE,S,
26144,B076DN1WX8,C,10
85588,B00HLALK9M,C,3
39943,B002Q1HT1Y,I,1
88686,B0754GKF4J,I,1
51627,B01I29Y344,E,
11671,B00FFJZ010,E,
40469,B085Y769KW,I,3
3229,B07QTG9XJ8,E,
28904,B08B3V85S3,I,4
17773,B07YCH6XBJ,C,4
52306,1795644192,C,16
15190,B07MC23QVQ,C,5
74991,B00DLLQ7KC,S,
28491,B07D7FTNZ2,I,5
153,B081CGTJB8,S,
66356,B07MHGCYFL,S,
91418,B01LZCF4ZE,C,14
14099,B07TYRGWSQ,S,
40386,B097PSQPTS,C,15
85244,B06ZXY43VC,S,
403,B08SBLDGST,I,4
91709,B08V8M6ZYG,E,
12440,B017YCTI3Q,S,
112341,0470100281,E,
110023,B088RJF1S2,E,
83784,B002DYJ1D8,C,7
113524,B08CGVGZZJ,I,7
83859,B08PCYL46G,I,7
101875,B087WRL837,S,
114005,B07LH5LV3C,C,2
1341,B07TVKHFWD,E,
95849,B077BL31BJ,S,
94776,B01G6BQPEG,C,5
78535,B0077RJCK8,E,
925,B072FMD1WK,E,
64175,B07H41JH1P,I,2
36223,B07CJDKSVX,C,13
75554,B00KQ3DTGI,I,1
36872,B01CAUAUWU,C,3
329,B071NPPJ37,I,3
114085,B089MC1V99,C,8
40515,B081VLJH35,C,1
97082,B0115ZNIHK,C,11
105686,B07MJ2HG5F,E,
57093,B085S877YV,I,3
98653,B07B9VKWSL,E,
84548,B07CPB4S4N,E,
102495,B073CY8HYG,I,1
92600,B086V8YN35,S,
40846,B07N8917VM,C,2
51505,B00BLTCZ70,E,
51914,B005VEVWRU,I,5
22779,B07G9GM25J,I,5
66145,B08NPKT21P,S,
100744,B07SFMDKC4,C,5
82975,B07PL9XYWV,C,4
98176,B084BR8ZQK,I,1
91233,B07Z8G4WH6,C,3
46235,B0042LE1DA,E,
66652,B07J199Z4K,C,5
94542,B074HBDL7H,S,
31476,B009JTO5A4,S,
20972,B00APOPOKC,S,
22701,B082HCKFVK,C,9
53632,B082ZXS7KL,E,
69656,B07H62YD5W,I,5
42047,B00181B9RS,S,
54052,B07W5PK26Q,S,
74825,B00PM1KCJG,S,
655,B07X9JQWL9,I,6
70361,B0009Q633I,I,6
85390,B07N3F9WKW,E,
58449,B079K3W9S8,I,6
103988,B07JC3WPZD,I,6
37233,B073WJL99W,S,
25342,B078KHMRXQ,E,
621,B07DJ2NCRL,E,
711,B07DRPF13J,E,
55583,B076TL38DP,C,8
82513,B000DZKZLQ,C,6
11837,B00LYQ53JC,C,1
37627,B07C4Y5JRZ,E,
29820,B00DV8YERS,C,6
44788,B07WZSLYDM,E,
70136,B01941M94U,S,
19447,B07TD3H64S,C,3
63753,B07P6X1HDM,C,7
42162,B003LUJNA4,I,3
1144,B07W3N2TM4,S,
8531,B07VYPWD8M,S,
91421,B07KTPJHCM,I,6
51807,B008TX4I6W,I,4
75862,B073SBZ8YH,S,
92490,B07V8LB658,E,
56323,B06XW33XDY,I,5
96729,B00BIDU9JA,E,
21490,B002FH5I0I,I,4
104839,B074MHSFH9,C,14
26660,B07M9Y42QF,S,
19862,B07DWBZMBJ,S,
29404,B01HC6I6B4,S,
47478,B07MTXCSVF,E,
109839,B078T1BR44,E,
14680,B07B3X85S3,I,1
32364,B011ES1QXG,E,
55383,1097577228,I,1
86527,B07MBMVJ4R,S,
38676,B08QRNHGPB,E,
33047,B07QK31YMV,E,
43012,B06Y66DM52,E,
1208,B07L88PLKL,E,
95589,B01HE3BJDC,I,3
70631,B07C662CXS,I,6
81451,B01M9A9KFW,C,1
83784,B00QTUSLVK,C,6
34045,B07VZW675B,C,1
109327,B078VDX67M,C,1
21117,B001CDD0X8,E,
40155,B072MKWGDG,C,7
3664,B07F1N47V2,E,
64059,B089Q1442Q,I,1
799,B01N94C4T9,S,
2562,B0734HBDYP,E,
112140,B07SB41DQ3,E,
44060,B07J9N3C8D,C,8
75607,B00OHG6BA6,I,6
105409,B06WVDG2ST,C,16
58628,B085G1DCM2,C,2
9021,B00WT6TVAS,E,
35961,B07T14BX1X,I,7
15982,B07NSCZGDX,S,
28314,B01GJ7NVDK,E,
78014,B077M9MQBY,S,
21902,B08L7GV7KW,C,5
7019,1589974700,I,1
98364,B000UEI12K,I,1
110176,B06XWVD5NT,E,
58906,B01MXSCBXH,S,
72174,B07L19C5CK,C,3
76431,B0772NLNH9,S,
48538,B009OIZ9M8,S,
96179,B071VZ1176,I,4
114165,B07DG5KLNK,C,1
29870,B07X2QTM94,S,
78310,B07XR5V326,I,2
3436,B002P6V2MC,E,
80949,B075XRT98H,S,
43061,B00S0YA5GM,E,
16096,B082XKQJ1M,E,
86536,B0039J2P48,I,1
68577,B081NQBG69,C,9
72957,B00RWV53I4,S,
50741,0931340861,S,
2253,B01FJIS022,S,
70960,B07Z48YRQQ,C,5
17783,B008CE0FQ0,I,2
104775,B06ZZRKYHD,I,8
40195,B01MA51UUA,S,
68102,B00QDISFC8,C,4
49503,B08JHQHBD2,C,16
26374,B009LXM8BG,S,
31639,1647802296,I,1
102464,1401956602,I,3
1743,B088BRNHNB,I,3
69079,B07RYL1V9W,S,
113826,B01LW5KNOW,S,
90283,B07DP4X68W,I,4
112460,B00J3K8PLE,I,1
114303,B07HBPKJQX,C,12
52169,B019427MAA,C,5
88981,B00LM8W0XY,C,9
7859,B072117XBB,I,2
19847,B08XWRKJG5,C,13
68724,B07V9X2VLP,S,
37740,B00GN6ZX2U,C,8
81506,B07V5ZCC8X,I,3
26859,B07PKXR9PW,S,
63695,B000KPO99I,E,
80608,B07MKN4GCF,C,2
30983,B07QJ3GYJN,E,
2572,B005OBB0ZY,E,
40097,B07SRTJFLC,C,2
34749,B0818DC2MW,I,1
96668,B08ZFYJVCC,C,9
8039,B083FY2YV2,S,
64542,B09D32DXRS,I,6
100418,B01N2AP1A1,I,7
24018,B07MDH8HZR,I,7
95604,1478805862,S,
29535,B08H5NQS8H,C,2
110517,B08FXTD44X,E,
82069,B00G8RBQ4S,C,1
6653,B07S3XSWZ7,I,4
84432,B00B9Q5U5E,E,
43699,B07925426M,S,
1366,B07SYNH6T4,S,
54241,B0758CQXKS,E,
62636,B07RSVJ2P9,S,
107861,B087M1QWR3,S,
40890,147834122X,C,9
35565,B000WEKLTE,S,
12053,B07PY4NTT6,E,
104127,B08GK8XC8F,S,
106121,B00NOY2VVK,S,
37027,B00E0J0LSI,E,
16437,B07G9P9RM1,I,5
109975,B01CS8H2ZM,S,
32809,B01A08YKV6,E,
81884,B0000BYDWE,C,14
29004,B08B47PY1R,E,
18285,B01N5T319H,S,
66821,1496355148,I,7
7534,B07XT6VCPY,S,
60052,B07RLW6XTH,E,
2992,B07T3ZVVNV,I,7
57332,B0016ND71O,S,
108452,B097CL71LH,E,
15001,B07G3K8KCM,S,
39549,B005JH0R3Y,I,1
96619,B07NJQYCXM,S,
57342,B07B4PRGX7,E,
62255,B072ND9W9V,E,
76595,B01N9NRX7N,E,
84245,B07BT7G1H3,I,7
25901,B07Z5BRRF7,E,
48017,B07H8XD1PG,I,6
80144,B01M4F9MVN,E,
19461,B004AG643W,E,
36841,8374250038,I,2
94987,B01NAS2UED,E,
71259,B01MCY1PRM,I,5
36596,B07VZ2W7L4,I,1
55252,B07JRDKT1D,S,
14641,B07XJ7LXPV,C,2
107628,B06XQL2C7F,I,5
20566,B07F5J3HNX,C,8
9035,B083ZM2NFQ,C,2
112572,B07BL2S75T,S,
98849,B07HGRK6WY,S,
66135,B08D9CDMH8,C,1
95575,B07349SH9W,C,11
63576,B07KQ22KKB,E,
1745,B0042P6KNA,C,6
54626,B07T5WSZ7V,S,
114034,B015HJJM2K,E,
82192,B0721NDVL8,C,13
87288,B00J1TUZYW,C,3
1214,B083W63LY7,E,
60053,B01CJITQ3C,I,1
78277,B002DM0ZIU,S,
53120,B000QE7DZ0,S,
35574,B0197QYJCC,C,1
38955,B097XK44KJ,I,3
81104,B085RWQKLN,S,
2927,B01CGTYNAK,C,2
1072,B01LXOUZNV,E,
111246,B08ZYFX36N,E,
96575,B079NZKD9S,C,3
102228,B002DGKVQW,S,
62980,B08FSBC1G9,S,
8928,0997951184,E,
88942,B007ACEGC4,I,7
13257,B07X1WHR3T,S,
9031,B07CP4SFCB,C,8
47958,B00DUIP42S,I,2
105775,B01D8V075U,S,
47006,B00GXH0QZ8,C,11
22267,B07NSTZSHS,S,
29350,B08CG2FC4R,C,11
4168,B003903FF0,S,
105006,B088TW4FSR,C,3
65958,B00EWQELJO,C,1
78537,B07CZYLNKD,E,
46986,B01MQHKVX3,E,
471,B00I44US6U,I,4
108761,B01MRVOI90,S,
88994,B07MVPHTN1,E,
44606,B07BSQT4RP,S,
1390,B00BVOURGQ,I,3
114872,B07P8RZVCZ,S,
32216,B015QSCLFW,E,
559,B08GX56P3S,C,4
90,B08B418VX4,S,
86704,B078X1Y73X,C,2
1850,B01M35CYIX,S,
42915,B07D1CF9KD,E,
44681,B00178LCTW,S,
75127,B002NPUBYU,E,
79414,B007ILD2E0,C,9
19685,3858959111,C,1
91293,B00PGM3QVM,C,5
1686,B00VJVM7U0,C,9
112778,B07B43W9XF,S,
8442,B000WTGC2E,E,
42103,B07ZG8CN59,C,1
20138,B08HHHLVHC,S,
19731,B089ZK8QZH,C,2
63988,B077PDKT79,C,14
104127,B07JW8Q74Q,S,
23607,B08KTVFGSN,S,
79060,B07G4H95XC,S,
43985,B07NDL5QVH,I,1
29816,B099WC1CQ4,I,6
63808,B07X7KVCD2,S,
43588,B00EVOO9QW,E,
75051,B07S293J53,I,6
3737,B07P5PVFLG,I,3
768,B0038DZZ9W,E,
100238,B00MU2YPXO,C,16
109794,B075QBY8Z4,C,2
47201,B002TOL44Q,S,
36145,B004VAQURM,C,11
85797,B07V5DG78Q,S,
56241,B004TUGL4Q,I,2
106482,B07THCTX8M,I,3
23970,B076BSCTVW,S,
22057,B06XHXPB7X,S,
7071,B000C090ZE,I,1
89731,B00GO0JGT6,I,2
83261,B01FB7DI8C,C,3
76368,B087Q9JD2L,C,6
100316,B07ND36QB2,S,
94950,B07R47LN8R,C,11
65756,B074B3RKPH,C,1
31878,B00BBTDINU,I,4
111357,1076199135,S,
70413,B08FS7QG1X,I,5
59026,B07RGGCJB4,S,
58934,B01KAL4IO2,S,
96960,B00D69QJGG,S,
72483,B075LW5VL7,E,
26802,B08MDM93D1,C,7
110775,1400225469,E,
52950,B083QJ2BB7,E,
2396,B004O7FKTQ,E,
93541,B08G8KTV38,I,3
27213,B07ZDRX2BR,I,1
19277,B07RK23QTL,S,
651,B07KGTHDWV,S,
84413,B07PZGD5VZ,S,
109636,B07RRZDR2S,C,3
60641,B06ZZS84HD,S,
109266,B004K9FWHS,C,4
45691,B002290VWE,S,
21021,B07SYVRZ5H,S,
81250,B01H7HOR2A,S,
16598,B07CND3TTX,I,1
24421,B01MSSDEPK,E,
82361,B07JC2XDFF,C,2
71826,B074MXC3PN,S,
111801,B07KCWVHNW,S,
114713,B0078XG03I,C,2
66674,B07R3H5TL6,S,
5627,B08XKLW7JR,S,
20525,B00QNUCV0I,S,
82802,B07PXMY1KS,I,1
81873,B07CDRLC9R,C,14
111347,B07M6RQ69D,I,4
58156,B07JNG8ZMC,C,12
54182,B07YKHJ9LJ,E,
1828,B07BDNHFRB,S,
31949,B07T57YYZK,S,
71042,B0161YSIJI,I,1
10494,B002KW3OQS,E,
50304,1534427090,I,2
50306,B0755LZXM2,C,1
88987,B00J2OQBV2,C,1
3029,B07PHB7TTY,E,
102285,1405874333,I,7
88188,B07QLNXS9H,E,
36590,B07P937DSZ,C,3
249,B07DK4XR2J,I,2
38794,B07RQ7D6SB,E,
64117,B00B51BEP8,I,1
62434,B07LF72431,C,16
96736,B07L9WQMWS,I,5
410,B08BBGZ3R1,E,
31317,B08CQWPSZB,S,
88821,B079V68X5M,I,6
16834,B00NWALPZY,S,
27612,B0040OID10,C,9
50876,B00OH9BLOY,S,
79375,B001KWJTCW,S,
16972,B07WNJMLTV,C,10
70982,B082WSRHQY,C,1
87311,B00AMBDVQC,C,10
113401,B07DHFSN5X,I,5
73519,B01FKMJE04,S,
496,B07J5X7PZY,I,3
1141,B078RGBKN7,I,5
13178,B01BO4021M,S,
99831,B01KUL0D4Q,C,6
57007,B08Y8SHFVT,C,15
46004,B0086OHRZS,E,
82951,0819180394,E,
52520,B07SS8XZH5,I,5
91328,B00N9A3MQ2,I,1
19324,B00CMHYKNW,S,
20837,B07PBF7KCN,E,
38462,B06XG4BHN9,S,
13319,B081D9LB74,S,
88257,B01KJSRPXW,E,
72377,B07G8Q5P8X,E,
113948,1697866603,C,3
94136,B07QVGW3YG,E,
110513,B094ZJ9XX8,C,2
8273,B08GRH4K4W,E,
115659,B01HA6DG70,C,3
93522,B07PXJXKPP,E,
10966,B07LBF39RF,C,2
92649,B074VFLXLQ,E,
42830,B07S7DQ35Q,E,
57653,B0050JL2EO,E,
66130,B07WSRSTC8,C,12
82696,B07BN92PMF,E,
64040,B07ZRDBF5L,S,
91117,B0784S9KPD,C,12
4870,B01A1HL7AI,S,
93172,B081PDVDTR,I,3
80173,B084ZWG9NM,S,
96375,B07J6S8PMC,S,
6963,B001GTKPDQ,I,5
42140,B00MY4O3GW,I,5
46893,B08M19GTQD,E,
24104,B07LCVSJLK,I,4
97480,B079NN5N9N,I,6
23970,B00DMF977C,C,1
68716,B07HPF3RJF,E,
32029,B09DGH9QVS,I,6
49425,B07KGXWHGB,I,1
66376,1947508032,S,
97577,B001OLUCAC,S,
53736,B018APNBCK,I,5
25152,B0753XS9TY,E,
2934,B06XPFB6ND,I,1
59108,B07NC1XM4Y,C,5
69,B07XYR6YWH,E,
54602,B07Q9K2WVD,S,
109636,B08279S1VP,C,1
15654,0425274861,E,
109353,B07VDVP3ST,C,4
658,B00S5SRIO0,I,3
82030,B00VGR4VW4,S,
75739,B08SQM7ZXN,C,13
2285,B07L5BCJPH,I,1
69042,B000Q9ENWG,S,
42267,B009BEO81I,E,
100300,B07H6Z6JRX,C,3
26433,B088BFZT1F,C,2
74111,B07VP3SM4M,I,5
115033,B08L4N52YX,S,
4804,B07HB1WQKM,E,
41370,B07PJT3J39,I,2
86704,B06Y4NKVLB,C,1
581,B07CML751L,I,6
7845,B07PRYFB95,C,1
52120,B01N9BAB1H,I,5
27876,B07T9HCFZM,C,10
26910,B094GSZB15,C,3
22480,B00ICSNCG6,C,10
76127,B000PYP1XW,S,
33291,B00T3OELRC,E,
44491,B07Z5SC12T,S,
46211,B06XT41X8D,C,6
11070,B01NGZWMJK,C,4
98163,B07C235QW6,E,
45881,B012FSO5KU,C,2
26910,B0821WXRCB,C,5
20766,B01MUJBT42,S,
32520,B00MKFH74U,I,2
68716,B07MJHLFWW,C,1
34779,B00LZJMYA4,I,1
37438,B08ZMFCQ9T,E,
95976,B08C9YVTZ3,I,6
112350,B00DE1CDD4,E,
64748,B06Y3STWWD,I,5
89063,B07C1JT8Y6,E,
58537,B08658LYTG,C,17
68789,B07QX1Q4J7,S,
51647,1943874964,S,
81283,B07C1D8132,I,4
16274,B07MJRW2WD,S,
38755,B003F38736,E,
37333,B07L755X9G,I,6
85544,B00IKCLGVW,C,2
64216,B015ZFKLNK,S,
18891,B0085OI97O,E,
111027,B0841RZM8W,C,2
46026,B07SQ48Y4P,I,1
44722,B07GVG2CM6,I,2
55357,0813209056,E,
75416,B00314647K,C,7
110406,B00MX4HBNK,C,4
72801,B07H8SV8JM,E,
51269,B07DD8QYLJ,C,11
54323,B00Z7T1F1C,I,2
28246,B083QQGQ3Y,E,
651,B08JK5SCDW,E,
95486,B07BHHFMH9,I,1
19913,B07N1P6CR5,C,6
47317,B005CAAY8Q,I,2
16605,B08MTK2Y2W,E,
9803,B07CLNKYQM,C,2
34515,B07S7VQLCJ,I,2
87976,B07VMRWDK5,S,
31589,B07TYX3NQT,S,
64665,B000OBE14G,I,1
68990,B000EPBINO,I,1
92559,B07DJ1KVSR,E,
96412,B01DWF745I,C,16
36178,B077TC7PF4,C,7
51244,B07H54NZ34,E,
95456,B01BLPIV62,I,5
40313,B017VHVGYS,C,2
90847,B012HRGN1I,S,
16013,B09G6TY4GV,I,6
48855,B000BPEZQE,C,4
58747,B07HSF2BXB,S,
49726,B06XZY682N,E,
96674,B003SFT1MM,I,5
63034,B0040HERTY,I,5
43793,B01BE8K5BA,E,
56539,B07MGJPV3J,I,3
53229,B07PCT5Q9X,E,
52854,B074P3M7ZT,C,5
97566,B06XMXR5JH,I,5
53820,B08NJ6SX3P,I,2
47980,B078NKHYYW,E,
60283,B07QNJ9ZKC,E,
95047,B08WJLCY3K,E,
43988,B07NRKJNXF,I,1
43621,B00C42RA96,I,4
46710,B01KGE5JZ0,S,
93034,B086VFGMBW,E,
85040,B001DSY4QO,S,
35523,B072Q4QJB2,E,
84893,B07RDDM88S,C,8
85036,B084LMX9FM,E,
71697,B07S478YMS,C,15
11650,B002MYQTEI,S,
66153,B08T4VF4QQ,I,3
105636,B075L54THX,E,
11266,1645640736,C,10
110383,B01KTBQVCK,I,8
12837,B015Q0I36G,C,11
1158,B08FT4M31S,E,
7870,B07ZZNP92X,C,6
106147,B09154P3P8,E,
2085,B00VJ3PSWM,S,
25980,B01FE1PIB0,E,
96653,B00VIVBWNO,S,
62609,B000QFMB60,S,
41553,B08Z41DPTC,E,
19526,B01521TVR4,S,
38714,B07S2CKQCH,E,
59710,B09496YC6J,E,
12540,B07BDQDB7T,S,
87985,B07NTX7LR6,I,1
5414,B004S37198,I,7
59281,B084W33VGG,E,
28563,B07GC5QFXB,S,
93548,B07WSXSNCM,C,5
83692,B07RJDY54G,C,5
7841,B08CY171PV,S,
96474,1951292294,S,
18007,B09FSXL4RK,I,2
2011,B000PCX0IC,S,
6070,B00EIP5AUS,S,
21240,6124433192,I,3
45958,B00BIUZJ5M,E,
106438,B089M178BG,S,
106975,B08BLFZHX7,I,7
70077,B07GZ5FP5R,S,
39334,B004XWCZXQ,S,
69927,B07BY4KQWV,E,
49791,B07LC1M2S8,I,6
89093,B07QPBV4NF,C,2
99069,B000VRTJI6,E,
34669,B07WT6NCM6,C,1
30591,B07XTMCK2N,I,4
68890,B0748PHTG3,I,1
14770,B085RNLCCZ,C,14
113923,B01CLQWH2E,I,3
53645,B07QL7FSK4,S,
6552,B008MKD4PS,E,
22248,B007AUE4L4,I,4
75574,B07PZF13FC,I,2
52890,B09BYJGJ89,S,
27950,B0781W4CGR,C,4
111727,B001C11HZ8,I,4
108409,B00GDMLK3K,E,
92097,B01MRSU3JL,E,
66878,1444722212,S,
101843,1433644304,C,4
4630,B07S7YLRJR,E,
87976,B06X9P2D8T,S,
29227,B07XNZLZWM,C,6
24282,B07XBPN6VG,S,
40396,B014VIKXTO,C,8
93541,B07D6T4K9W,I,5
107841,B01NAW9A9A,S,
39770,B06XWFZFPL,S,
89080,B016E7DHT8,S,
105139,B00BUSSRJW,E,
53090,B0019QEB86,C,11
101108,1950934098,C,8
11900,B07CPR86Q2,C,7
1217,B07RS8J6QP,C,10
110761,B0786K21K4,S,
33935,B07WZPXHV1,E,
61813,B07BDNV9TL,I,1
46785,B07CQ1L1WV,S,
81675,B083PR19JP,C,11
36877,B01M02KH1S,I,2
57261,B07CGRHS6J,C,1
49273,B06XR4GYQC,I,4
50177,B07QN9VKR1,C,5
59183,B07SP9RRZF,I,5
114882,B071R6MFMV,S,
87014,B00SQXVF7A,S,
115032,B00FY0GW08,E,
9999,B08655RQH9,E,
16972,B07QL9WFND,C,6
105169,B096KR8WMR,I,4
802,B08DW9TNHD,I,7
80959,B09B612ZLX,I,4
8460,B000FE98J0,I,5
44911,B07QN83NB6,I,7
50756,B07DK497SP,C,10
3133,B0797DRDN3,I,7
90029,B07P999H4J,E,
55576,B07KPTBSJR,C,1
94925,B078JCZ7MX,S,
20972,B01B493OYO,E,
91228,B0051IFLAA,E,
5817,0684818981,S,
77265,B087CHTP6Q,C,6
32644,B01K9FQZ68,S,
1881,B01HEUE4SC,C,1
38605,B08X4JKXJV,E,
10605,B07RXYV76L,I,5
58123,B07MVXKJHH,C,3
105057,B01MQMLRN2,C,4
33244,B01JMYNDN0,S,
65970,B06WP5TSJ7,E,
22559,B07ZQZY32M,E,
68346,B07FF699WX,E,
36153,B07P2JTR13,E,
43134,B01LWQA2QM,S,
72165,B01GFJO5OQ,S,
77838,B086PWHS6L,S,
3974,B08BFMN8K2,E,
4460,B08BCDLR35,I,2
75789,B00UXG4WR8,S,
30474,B06Y4N8FC1,I,1
22320,B00EJXO3CK,E,
7877,B07DMYJP4K,S,
97930,B06XPBD6NY,C,6
84695,B01DWL911W,C,5
15805,B004RAK220,C,5
115889,B0949TCBLB,C,10
88419,B07D55SVQ7,E,
113643,B07H7RK81P,C,4
22208,B01KG5PLA2,C,6
86866,B07F2V9BQ2,E,
51993,0134807421,C,5
9021,B00WAG4XBY,E,
80109,B07ZZ4PD1V,E,
108758,B07HYG7BCS,C,5
21597,B07JKVHFFM,E,
65006,B00YXZKKCG,I,2
16442,B078FBVJ7K,I,1
1313,B07NM5N2PB,C,4
97192,B00X4SAFQ4,S,
7500,B07CPYK7FV,S,
57097,B093GHGZGD,I,2
64446,B08XVXB36D,E,
81041,B07B69PQ57,C,2
55441,B079RTQX5H,I,1
114972,B08VF8ZKW9,S,
3075,B07MH9HZHT,S,
110236,B07LD6V3T2,I,6
78109,B08WYL647B,S,
62182,B08F4ZSTH2,E,
39042,B07NVZFYRK,I,1
1642,B0001MRXRK,C,3
39368,B0825KX93K,C,7
14069,B07P8RTTWP,E,
114163,B07W8H9GWV,C,2
7063,B07XZ5K3K4,E,
56847,B01HJJ70J8,I,3
60442,B086VS1MF7,E,
30744,1442446110,S,
23006,B08YK1823P,I,4
58256,B06X19M6JM,C,1
83062,B014GN0IXU,E,
9696,B081FTNGNC,E,
101180,B00IIR7KTQ,I,7
48231,B07VRPYD8B,E,
76443,B07XHG7Z6W,I,3
7401,B0784VQ2RM,C,9
81257,B07MV23M12,E,
89730,B007URSCL0,I,6
18591,B07MYB8NHP,E,
38058,B086QFFYWD,E,
51002,B091YBYPN8,S,
82507,B0824YNTRC,E,
75361,B0776Q9VXT,S,
60873,B08KZXXZ5M,C,7
107144,B01806X8CM,C,17
110730,B007SWZ8Q4,I,4
16331,B07Z34CM4S,S,
57007,B07C6S5QQX,S,
13816,B08L3X23FB,E,
3783,B07N1XSRFS,C,1
113534,B06XFLBNGD,C,3
81186,B004GZQO8M,S,
98490,B07P6F5CK7,I,5
8114,B086HW6ZZ4,S,
67895,B07G8M2CRM,S,
5521,B083X7924P,C,17
18951,B08L5NMX2C,I,6
54854,B077V41DT9,C,8
35565,B07CWG33WW,S,
38676,B07F3ZX7TY,I,4
6429,B0821RZNHC,E,
55073,B01LHZAYUW,C,10
31652,B0848PZT23,C,1
55046,B002CLKFTQ,C,10
103767,B00977ZO1W,E,
63234,B0866MZ7NF,I,2
58591,B081TTGS5T,E,
94674,B08CCPR6W8,E,
80448,B07WSNJ2WF,S,
71259,B08YZ4Y6LS,C,11
114091,B00006IDUA,S,
54130,B01H2JJ58Y,I,4
50053,B07NQ7F57F,E,
17621,B074MBD643,S,
103674,B07CXHWZJN,I,8
94749,B004TTDYLA,S,
53736,B008IXRY6Y,E,
59770,B0002T4032,E,
111347,B074PBQDMH,I,3
381,B08H9KQB1Y,I,2
83616,B082XJR1NS,E,
82568,B0000222X0,C,1
46824,B08FGBJSS8,C,10
3411,B006LZNOKG,E,
8086,B01GINWPZU,C,6
47309,B00FDYB7AA,E,
10030,B078YKV95G,C,4
13461,B007CMH9B2,C,5
60635,B08B44K6HG,C,3
26820,8480034351,I,1
52218,B07Q73WB45,I,5
59707,B073P51DSQ,E,
107885,B01NAFWXTC,S,
44244,B086QP5GH5,E,
51369,B07QJ2BHV2,S,
51914,B06XRQ3CG9,I,7
110427,B07SG4S7L7,E,
69647,B07GRVPPC1,C,12
49524,B004VTG98I,C,4
104850,B08WCWM15B,S,
70649,B07RLNWDH3,I,2
92778,B0118B38NK,I,2
32137,B002SOV438,S,
19258,B01A4C7EE8,S,
57722,B088D6VLTH,S,
105705,B00HSOU6KA,E,
42149,B0927TKT32,I,2
113589,B01DAPPF5G,E,
14854,B07DQFHTVS,C,6
4352,B078KSHVCS,C,8
35104,B01LFIIT4O,S,
60228,B07TT1C89F,I,3
82985,B005MIASUM,I,2
17965,B07C73BBNZ,E,
6492,B07GBGZZLC,S,
21883,B07NJ1HH2Y,E,
71692,B00H8OINX2,E,
27585,B071WXSCSC,C,2
20566,B079ZFCJ55,E,
17139,B07RWM9HRB,E,
84914,B08PFKJLLL,S,
65378,1585428132,I,2
62156,B07MMTHWYN,E,
101694,B08JG56T2B,S,
80068,B0822ZT62Z,E,
32961,B07VM7B9WT,E,
52054,B01MT1FT51,C,1
1383,B07NYQ6ML7,E,
76150,B07VFVBGKC,C,10
56953,B01DAYB19Q,C,2
108036,B07K2XDKG7,C,5
77128,B076YGC758,E,
73216,B07GL7SVR1,E,
3508,B07J4WHNFC,E,
113002,B07YBBS4CT,S,
25143,B08JQHXZHJ,E,
42499,B011KEP9MS,S,
40662,B004GEWJVE,I,3
41846,B07GLK3C9X,C,7
101938,B01MQNWZ1Z,I,5
83423,B079PJBQ8N,I,1
114253,B07BMHJ1GL,E,
57611,B08R35RJPR,I,3
73942,B000YQMWLU,I,5
69840,B07XF1Y34G,I,5
10397,B07SHSBZBT,I,7
1484,B08XXJB8V5,I,3
97183,B01IFCY0DW,S,
110775,1610660137,E,
68465,B01N063VTZ,S,
5251,B09DT1KQDM,C,2
70835,B077K8BGL4,C,15
37983,B013GZOXPS,S,
9969,B07M6JC7G5,E,
24142,B006KL4TYG,S,
64407,B07F2FHVY2,C,11
112350,B07V3LV2H5,C,2
66643,B0748K6D1S,S,
21569,B077VRSGD6,S,
30113,B07D7GH3KQ,E,
65766,B07WSH4D94,I,1
24526,8128401718,I,1
79407,B0842BZL22,I,6
13840,B00N5TUWAG,C,7
8103,B07N9NCFJG,S,
99134,B07BWPLZ1V,E,
50748,B096DP1VLY,S,
52445,B07W3KV4JM,I,5
24143,B0754128NW,S,
4060,B00MVE48Z6,C,7
36369,1977924557,C,1
31278,B08DHYTK11,E,
10542,0134166965,C,1
17486,B00FO2MVLA,C,7
39060,B07V25MZHV,S,
82395,B081SXC13M,S,
114885,B07HB3YNQR,S,
47464,B07KND1T31,S,
104543,B07FWMJYZC,E,
65824,B00GY9ROVE,E,
92923,B00V30PFLK,E,
1127,B098J4K5VL,E,
114166,B07YZPHDPN,C,7
61195,B076M7CCYQ,E,
4303,B002DESISW,E,
69141,B07TW72QVK,S,
22014,B08HPVSS7N,E,
36580,B0151MPP9M,S,
50745,B00TUJMJNI,S,
58116,B000XE961C,I,2
44906,1973865718,C,1
25279,B01LGPZJ8A,E,
60476,B07KL1VSTD,E,
97853,B07HNW68ZC,S,
80644,B07QFJ6GFK,S,
112352,B07V3LV2H5,C,3
62686,B07TB1KW7S,C,1
16270,B01MUDO55B,E,
35655,B07PKWRVS8,S,
75859,B0962N9S62,C,1
88124,B078429F5Q,C,12
54445,B07FQM3V3J,S,
93210,B07RB2Z2N5,I,2
9600,B07WJGF7T2,E,
74794,B007MZXOZY,S,
73783,B07S6529ZZ,I,2
56748,B07FDLHN49,C,3
45068,B01N22FHAS,E,
80144,B00W6EW2KE,S,
71291,B08L54KH5Z,S,
56051,B00F2Y5B6W,I,3
89216,B07P89WP94,I,2
56713,B09CYG7635,E,
31317,B073SBXZW6,E,
107,B08HQZ8G6H,C,6
31754,B07YV2J62J,C,17
69811,B07S7D4981,E,
34922,B07VV9MJBY,S,
114606,B01BO6604S,E,
54808,B019FCCFHE,C,2
74176,B01FVCNWDI,S,
32,B00DP4RF4C,S,
311,B00IX87W1Q,I,3
5236,B07PYJ9QYT,S,
60229,B07YSL2SP2,E,
103686,B07BJ4L84J,E,
96293,B07R166X7D,S,
45875,B095J2YDG1,E,
32600,B00NAVS9F4,S,
57722,B08GSF37NP,E,
96407,B092MG6CC9,C,11
23992,B089ZPHDG4,S,
51769,B01MZ27GUG,C,1
16052,B08LSWPWMF,I,7
61594,B07KBSGPSF,E,
109236,B07L89NGDF,C,8
63171,B07842TSXQ,E,
32728,B08978YTBF,S,
30325,B00454ALXI,S,
89380,B07BRF5CRJ,C,4
7598,B079VJF51F,E,
22740,B01N1TWG6A,I,2
522,B01HA6JKX4,I,1
78150,B07S21ZZDK,S,
17357,B0744PV3QB,S,
97890,B00TP3COKC,S,
95826,B088K8R63F,I,7
71331,B0742NPB8D,C,6
81481,B079TJHVN3,E,
32039,B081YXQDNR,C,6
1142,B07MK29YXH,C,10
11667,B07NBVWPVX,I,4
2138,B07RL21WRT,S,
1000,B07NQJ4XM6,I,8
29715,B07R6P4H7Y,I,7
86263,B093D9883Y,C,5
89432,B07P6MBGNY,C,2
50071,B078STFQR8,I,3
51917,B07M7YM1JC,E,
66599,1893005577,I,7
70601,B00BR5L9XY,C,6
9567,B07R7KRY4B,C,12
66184,B07GVGYZX3,E,
78443,B07R1KPXC9,E,
5800,B08X218Z4J,S,
91595,B07ZB28TZC,I,4
73086,B06Y2XLLR6,S,
20132,B083FRTVJ1,E,
101832,B01GR01514,E,
73800,1641529423,C,3
761,B08GWZW93F,C,6
37588,B07H39B455,S,
85238,B072M721BG,C,2
37983,B07NDCNRGZ,E,
96793,B07QXNCVFN,E,
76055,B07ZV2DXDJ,S,
20562,B0748P6JQF,S,
85859,B07Q11X193,C,5
81184,B071VYW8VG,I,7
54001,B07Y1JPZYP,S,
1072,B00O0CMXHW,E,
32277,B089RS3NL6,I,5
106913,1682616592,I,4
40422,B01MY9S2Y8,I,3
8249,B00RKWAK60,S,
99386,B009IWJ124,S,
1011,B08D3THHG8,I,6
14810,B016QS547I,I,1
102588,B0795DP124,E,
17106,B07GWRZ8QC,S,
23006,B093L666XM,I,6
34294,B076VSFRV3,E,
76280,B07VX348CS,I,5
4211,B07BY88V1Q,I,7
837,B08NVGWLR9,I,6
96528,B08132L9QP,E,
38524,B07C5NYLN2,C,4
7052,B01N6V13Q9,C,9
82648,1476761655,I,2
101173,B0057D867E,S,
89882,B00ZJDOCSE,E,
106441,B07X2716YX,S,
20025,B006L48D3U,E,
7841,B084F1L868,C,4
103163,B00AEFTIQI,E,
10867,B091D4CRTP,I,4
88895,B08BB9RWXD,S,
10319,B01DDRW752,S,
71689,B07D7WTV97,I,1
73194,B085CKVDL5,E,
83517,B00SUWFDIO,S,
1366,B08P4DRP5P,S,
1144,B093BYDZKK,I,5
88903,B076VV4YHZ,I,4
3487,B07T5SVCSX,S,
44334,B07BQV1CMY,I,6
26430,B07NHRZDRM,S,
33291,B078PT9M7Q,E,
102188,B08SQCFV3D,E,
81779,B00ORK11G6,E,
95905,B07CP9CDVQ,E,
114725,B07Q7GC8WP,S,
23268,B01J67T8F0,S,
515,B07DF7FFZB,I,5
81377,B078J547VJ,I,5
96058,B01EZN7KT6,C,3
4147,B00D5X791C,S,
110387,B00CASPGYU,S,
59360,B00BH4KLJI,I,7
92388,B071WCV19B,S,
71041,B01N2WC83Q,C,1
7978,B07J2PC96X,I,4
96845,B07RJV3XBZ,I,1
111336,B079693WD3,E,
109327,B010MBW8IS,I,2
8410,B07FQSFL4Y,E,
83635,B0798XKHJ4,C,2
104122,B00JN3FGA4,E,
74076,B07DNS6F6B,S,
87525,B00CU72QW6,C,11
91293,B00GH2VJ32,C,7
3551,B08KGDDRMX,S,
11030,B014GC1VNW,S,
14731,B00GRKXRMK,I,6
58987,B00LNN357S,S,
42399,B07FN5KK5T,E,
68897,B0039L6FRE,I,6
63890,B07ZD38PKX,E,
5554,B01D8VHTQA,C,8
35891,B07S5FH3ZH,S,
35009,B0767FK2Q5,S,
478,B00U7QSJ28,I,5
109022,B07D75SQWY,S,
48218,B0026C780U,C,2
1307,B07V44H4C7,E,
5502,B07KKFXVSL,C,3
88302,B07VZRVH4B,C,11
50948,1608685276,I,3
112213,B07Q424WFW,S,
40546,B00AZP1WSE,I,3
107895,B003RX5N90,E,
53098,B084GDFD3B,I,2
85118,B01DZ5PBA0,I,1
87799,B07DG2HZGQ,I,5
30948,B07D4BST58,S,
83886,B083TKJ9JH,C,1
99813,B08W4ZPHTL,E,
85221,B01IW115K2,S,
63188,B07ZF6V941,E,
76159,B00LZWV100,S,
66700,B07DYCQY59,E,
89768,B01BZ7N0B2,S,
57657,B00AK8U3QS,S,
92083,B01K1WKEFW,I,1
25690,B07J5MZ3Z6,S,
13614,B07DYQPJTB,E,
13076,B00V6GFYNK,E,
1857,B07MZCSJ99,S,
11136,B07PK4XD96,I,1
60674,1939814499,C,9
41583,B07RBP5N6F,C,3
75529,B085ZPBB1L,I,1
31675,B0822T7LQ9,E,
99769,B00CKWB58W,E,
112176,B087423FSS,E,
37834,B07X3QDV1Z,C,1
102919,B083JMGSFF,E,
50948,1577997387,I,4
1663,B072C6NGLN,E,
72282,B00NOEC53O,C,1
2796,B000I1PO4I,S,
25791,B085MTRZFN,C,7
611,B085B6P9WP,E,
41961,B001U05R16,C,5
13249,B07Q1DBZZM,I,2
77245,B00HPPMHDQ,C,9
92555,B07T81ZR7F,I,1
109772,B08BJQPQQG,E,
48871,B08L6RVBNH,I,1
63785,0847836517,C,6
9974,B01LMIBAZW,C,1
63071,B07PD2HSS2,C,11
22603,B01LI0GEUA,S,
69845,B09DMW3X2B,E,
36332,B07FZCQ3PR,I,4
71280,B00D16R44U,C,4
110395,B00N6XAK62,C,4
115033,B08CVQP5PM,S,
84868,B0000224MQ,C,8
90626,1840462531,I,3
16332,B01L3CRVIC,E,
24729,B085CKBY6Q,E,
58461,B07D8FRF2C,E,
81316,B08CJ2RZCV,E,
65750,B00G44X9D6,I,6
109146,B07RWW2DYZ,I,2
104211,B0752TYKMB,C,11
76864,B07MJQ7893,E,
111438,B0143NQVQ6,E,
61823,B07TWG58LW,E,
51574,B07KWZ5798,E,
74912,B00B4YVU4G,I,2
55177,B000BQMC0E,C,2
311,B013FWX4HA,I,5
76612,B015SH8OF2,S,
20090,B001VEK1HQ,C,10
42161,B076PT97YM,I,1
36774,B07H5H84R8,E,
82204,B07WBX84FS,I,5
66429,B08CRSJQFZ,I,6
37740,B01L89G0TQ,C,1
62922,B01N0QFZ9X,I,5
28493,B07PXN9B3V,S,
23905,B096FW3YVB,I,5
56125,B087CMNLZ9,I,3
53883,B00Y4FF1OM,C,6
105326,B01L2ZRYVE,S,
100905,B01F5D1NCK,E,
107547,B07DRQFYRK,S,
23658,B07MXR7V1P,E,
113285,B084DWD3YM,S,
104969,B01GDCKYJ0,E,
15817,B07CXJ78ZM,E,
113946,1482458144,I,6
13388,B092DX2LSB,C,4
741,B071YNNS5B,S,
42067,B0779MZKZV,E,
114713,B00NHWMQZU,C,7
31512,B076HC68GF,I,6
60766,B07WDRD583,E,
47635,B071XHP12B,E,
10823,B00008Y0VN,C,2
61697,B071NF1N1B,E,
4436,B00TKFEE8K,E,
94197,B07S7PWPXT,C,15
51258,B07ZLCPSXX,S,
84039,B07G7C7LSM,C,5
60726,B074VWK5HH,I,2
77415,B0819RYQBZ,C,1
39145,B097BCHTJJ,I,7
83556,B01JTDG084,I,3
88076,B06XNTXYBG,C,1
36839,B07VK1GTSS,E,
2142,B0796R1V7B,E,
97814,B001QIP6U4,C,13
80598,B07VFG2HQ2,E,
83511,B00EZWSNGM,S,
1516,B00501KWO8,E,
77876,B08R89VCVC,E,
39801,B0040MGM1U,S,
90838,1782409270,I,5
68867,B08QCX4ZJV,I,3
5778,B006VNS1I8,I,2
41431,B07SQ6GDG7,S,
3094,B08R6RJRHR,I,6
15483,B0178FY9QA,I,2
92294,B08559H8W2,S,
75180,B01M214FW4,E,
19850,B00HEYJ08S,S,
106908,B082R3T8CF,E,
57003,B07ZCLX88B,S,
27877,B07F93H5HY,I,2
45491,B00PJ33JNS,E,
2207,B07FVJLYZ4,S,
18042,B08BFB7WRD,S,
56825,B009XTC29Q,E,
98217,B07VRC3F4T,E,
879,B082F61Q2V,S,
57800,B07GWN6797,E,
85221,B014JJZ9SA,I,7
33153,B07G2XV1W2,C,2
103345,B012ET4M2G,I,2
74043,B014ABUQVC,E,
1313,B0025Q33PG,I,7
107899,B07D9X6HZB,I,5
3942,B002VPDKY0,E,
72618,B082H4X287,C,1
55211,B07VVJMDT5,E,
108533,B01I31BUY2,E,
91957,B06XZSJ5VB,I,4
108957,B000SAXU0Y,E,
47541,B0846MPBYZ,E,
42034,B0772SXXPT,I,3
110745,B012CFJFOW,C,13
17979,B00000AFQO,E,
73789,B07MC6DQLK,S,
62891,B074J38FRJ,E,
32878,B00Y3QDOGO,S,
31859,B07P5QH8ZR,I,4
1142,B08VD4614B,I,4
42462,B097J7PY65,C,1
26118,B003G2ZKRW,I,6
93845,B01JSQ4L92,E,
97271,B01HNCG74A,C,7
13798,B0872V3L8M,I,1
52336,B087FFGHPQ,C,3
103674,B01GILZWGQ,I,1
98614,B07M9XGJTL,S,
7527,B07T3ZVHBX,S,
14857,B06WLPMXBJ,I,2
98569,B07JDGQRZX,I,7
52426,B06XPWZLDL,E,
55906,B08ZKPVT1B,S,
110677,B08ZJXDFBY,C,17
82568,B0000222WD,C,3
45075,B09BY8BJ2S,I,2
945,B08GFLSQJN,E,
42079,B06XTX7YKH,C,4
432,B07TKJSJJF,I,2
655,B00I2E8J04,E,
5629,B0966C11HM,E,
55668,B07ZS2JKGL,E,
75927,B00FZN1R5E,E,
91762,B01N3YYG9Q,C,9
85444,B016Y2BVKA,C,16
65124,B07DVW9NZL,E,
104699,B001J38N9M,C,1
56378,B06XXL1STW,C,15
111723,B0862FCV4C,C,4
39600,B077KCCQPP,I,7
101819,B07CH23C8G,E,
92543,B06XQ5RZ7C,E,
93655,B07MPWS8CR,E,
111749,B07NXXWZGX,S,
87534,B01N5VVUIP,E,
110097,B085KVRVPY,E,
96499,B000F1Q9UY,C,9
66307,B07G8HBGNT,S,
1935,B01J9QVIR4,S,
30396,B07X3ZPK9Z,C,5
80563,B000GU5HY8,C,3
71569,B00VWKQP9C,S,
60137,B07JMTX7DD,S,
15254,B00DX6S8QG,S,
9021,B071XSTZSZ,C,16
15502,B08B6B9ZN3,C,10
86206,B002635ODW,S,
105169,B08HRRFY1V,I,7
13002,B01GJGKNTQ,E,
35123,B076TGQRRZ,I,3
86993,B0114OV6TE,S,
10084,B01E4YVCOA,E,
5065,B07HMJCPTQ,E,
32139,B07ZXYZB6S,C,4
61879,B07N547ZK8,C,11
87157,B08BQ915RM,E,
92992,B077GHJFLP,S,
50175,B078X8GTZ2,I,5
57559,B00BSDY5R2,I,4
38044,B01BZOKLOO,S,
61746,B075NXQ2NQ,C,4
22085,B07S2YVBCT,E,
76155,B08DTWQ99W,C,3
73800,B07YD5BYQL,C,2
7359,B084N5H6C3,E,
75883,B00F1B2TGQ,C,4
55729,B08KZ7XV5N,S,
1608,B097MMXCZH,I,5
42062,B08633NT6Q,I,5
81921,B00OGW0ZKS,S,
46366,B01D4C1D6K,E,
79203,B0843J31MS,E,
112518,B07B91G1NN,I,8
1047,B016F1LX6C,S,
33422,B005PK1CPM,I,5
70747,B01DXAKET0,S,
22298,B0786FZWDZ,C,16
22830,B08889VZN5,E,
75859,B00KQMKCC8,C,8
20013,B01AOHTYVO,E,
32031,B07W3NX5W8,E,
56706,B01GII8XRE,S,
4160,B0844H7XF9,I,4
71715,B00FFLK7AM,S,
51081,B01MYCM3BH,I,4
42330,B00G0D33TG,E,
1369,B01JQSP498,E,
6845,B0013KCLQC,I,4
31345,B0763TYVP1,C,7
44841,B00ICK0ZPK,S,
65756,B078XMX969,C,9
17996,B088P3YRQL,E,
114855,B06XPTY4BG,E,
86657,0986164771,E,
13434,B078B27M9Z,E,
114641,B07RRDBKC1,S,
50915,B08HFQJPR3,I,7
41551,B07PFD2C99,E,
1217,B07HZHCDQG,S,
96179,B07MQ3NTBG,S,
56892,B07R42YR8B,C,2
64216,B00TF7LZ3K,E,
72134,B075TRVJ9X,I,1
114517,B07R12N1ZC,C,1
32845,B00005LEZ2,C,7
172,B07GVHSSWR,E,
25141,B09HJPWFN2,E,
14622,B07NZ7ZSDF,I,1
93807,B07DRQMDZF,S,
103163,B01FN3P15W,S,
50322,B07H3P833Q,I,3
33372,B07FXG6H8H,E,
24063,B01NCR6ITQ,E,
110788,0448467127,E,
29574,B07DV2WHQ5,S,
50539,B00413QTSO,S,
98813,B08FD6MK8G,C,10
735,B07DV4FSGT,S,
23043,B07L3WHRX1,S,
105186,B07G9YHWZV,E,
61712,B01IR7TZWG,S,
91259,B0834PMKML,C,16
100693,B008CU2WFG,E,
36242,B07YYLWGB9,C,2
68574,B08VF31NL2,C,6
51917,B07XKDY51C,S,
29986,B01MZAKJK0,I,4
108526,B078JBLNYR,I,2
107637,B083TCCBRG,C,9
102788,B07VLTKLK4,I,4
19958,B07L6KTGDS,S,
19127,B083PJ3GRR,I,6
27398,B08FQYCWYJ,I,6
84048,B07THW15QY,C,13
58752,B00D4C18CU,S,
3620,B001Q8HD6Y,I,3
71520,B07PG6SHNQ,I,5
54472,B07MC6NP8D,I,6
39255,B0868GWPNY,S,
74077,B00AVOAUN2,S,
32285,B073YC2F4R,C,1
70646,B082BR5HWB,S,
46146,B00493ZMSO,I,7
22689,B07WZBV1WQ,I,4
76890,B01G8126C4,E,
79771,B08L7QDH2N,S,
100405,B07BPBKQ9R,E,
29394,B07DFQR6CN,S,
67898,B01CB0UPZ6,E,
87238,B01CLEFNPE,C,4
74597,B002MWGN0A,S,
26644,B003UESK5K,I,3
64371,B07TJBGP4P,S,
42384,B07DP9J3X9,C,2
14913,B0028OBM80,S,
1546,B000NK4FDA,S,
75586,B08S77NFM3,I,6
60721,B073DBTGVV,E,
26169,B00442OI8U,E,
13039,B01I9DKDHO,I,2
35011,B004W55086,S,
12512,B08DQ61PZ8,E,
53455,B082TRTFKF,S,
111233,B01AHSZXWY,S,
93031,B01N2B3C94,I,2
36844,B00CABVC2C,I,6
48880,B00VFXCEBY,C,2
37062,B08LTX2NLY,I,7
25042,B07PPH61V9,S,
36369,1086314530,S,
21197,B08P1L3FG8,C,2
62607,B01H9AA4T0,I,7
19447,B01DAVCD3M,C,7
81866,B016TXBVHW,C,13
6971,B01N563SG0,I,1
52424,B095SN69KJ,E,
88831,B087986931,E,
100828,B095XJMR7Q,I,6
61832,B08216FGR4,C,2
74898,B07KTD72GW,S,
30312,B07KTWX827,S,
64445,B07Y8853FM,E,
1531,B07RV6RQQR,S,
85027,B0813K6MD4,E,
60654,0995099804,S,
14458,1642527076,C,11
2410,B07H4GGHVX,I,1
2013,B002YVTSFQ,E,
51775,B08F6T1CJ7,E,
58159,B003XJCEMM,E,
11247,B0911WXCM9,C,7
75754,B08PTKVZ45,S,
25417,B07TCNCGXR,S,
33077,B077FH5279,E,
53438,B01GTKG6RA,E,
89789,6075272003,E,
115676,B07FQKXCJW,S,
16430,B07H9NWGVC,S,
52379,B08D98SK2N,I,2
50183,B01LX2XI4U,E,
108271,B083GN4PQ9,C,2
31857,1693897970,I,1
31492,B019ETCT4M,S,
102881,B0749LZC5V,S,
93087,B07MJY8YR6,I,1
100062,B07Z2CC2B8,C,10
114323,B00YJJ0OQS,C,14
4556,B000P9EWYQ,S,
99439,B07MQF9KB6,S,
24030,B07BYWCMC8,E,
112355,B08QR7WZMV,S,
37353,B0102YG0F2,C,16
44079,B001GXF7QC,I,2
96083,B01N189LRK,S,
109094,B007D930YO,I,1
107751,B082XKSGDS,I,7
60655,B072JXVTKT,S,
63970,B001U5ERVW,E,
85732,0979209528,C,3
108221,B08MZFHZ33,C,3
66948,B00SGF5N1M,E,
80608,B07JLT3MRL,C,10
48158,B083V3B855,I,3
36537,B07F7R4HLM,C,5
16841,B07HXBJYC8,S,
46582,B097QQB4D4,C,10
4460,B07VHJBKFD,I,1
104976,B012VYRL04,E,
7870,B07V4T3TJN,E,
108498,B07FZBVKLQ,E,
7695,B07G4G1QBR,S,
17439,B07Q3SBG95,S,
75173,B088PQLR9C,S,
87730,B07GTMGKYV,S,
102462,B08D725HDW,I,8
1393,B07PCR7LPS,S,
28522,B010KHLFXS,E,
1691,B0854JD5G9,S,
5919,B0991CCGKW,I,4
104026,B07J1NS8P3,E,
17773,B095GWYK82,C,2
55701,B005IXDAAQ,I,3
45746,B00N405ZGC,E,
67965,B086ZP9RFJ,I,7
60556,B07B53V88V,S,
19293,B07LCVZFTM,S,
51686,B074KTXVYP,S,
3626,B0797N6NDM,C,3
16321,B00NLLUMOE,S,
50775,B07P951DPK,S,
99843,B07B8JDQX6,I,6
761,B08HHBNZFY,I,1
68413,B07X4821XH,S,
30169,B07CZWZ7PK,S,
50182,B07KYZ93SL,S,
6514,B07WW8HT7W,I,5
95001,B0046EKWE0,S,
45007,B07VVTKYNR,S,
41418,B07B11HQF8,S,
63695,B088Y9VWQR,C,1
81622,B00CQKZ2UA,I,4
115607,B092M593S3,I,1
19219,B07QNTVZ47,I,1
37361,B07DK2DFZK,I,7
10804,B07DM7JFVW,E,
64,B07CNLSG8X,S,
22443,B07S45C1GJ,E,
114161,B07W8H9GWV,C,9
115617,B008UFWHL2,S,
94062,B07V2LHCBC,S,
83310,B01MSBQB1P,I,5
8876,B07YSSFTRH,E,
73432,B07GLZ3J1F,E,
100312,B085HBBKK7,C,14
100062,B071CWXYVM,I,6
83586,B0091K5FQ4,C,2
101486,B005MZ79EI,E,
44775,B00A3WR5C6,S,
69160,B07BF9BGJW,S,
36236,B082DK8QP9,C,3
71004,B07Z9HXZ7T,I,3
91966,1607057514,S,
105448,B019709MXO,I,4
34891,B00HE8P664,E,
36143,B013NPCBLY,C,1
6038,B07YGMVQNQ,I,4
110400,B00004RALP,S,
1432,B01N5TMK8I,I,2
105448,B01ACF5AFM,I,8
104038,B0788Y82JS,S,
50060,B0815F1R53,I,7
99347,B07K3WXJML,C,3
44657,B07MKQ8MS2,S,
76055,B01AR0ZU66,E,
115676,B01H0PQSLC,C,3
37262,B003BSB7PU,S,
40987,B01AQKSLMC,E,
111753,B015NNPUS0,C,4
113729,0792846125,I,7
28362,B07DD532WM,I,5
2909,B07LDKVT6J,E,
30856,B087FBTK82,E,
38955,B081DRMK68,I,4
72507,B01J7CB87U,I,1
88821,B0989SMYVY,C,8
66145,B08NX8SC6G,E,
22206,B00PD019PC,I,4
87583,B085HLCN3G,C,5
98738,B016LUR08W,S,
49008,B01LZWO8T2,E,
74539,B0833PPWZB,C,1
102045,B00KSLKHZO,C,6
66398,B00IW2AYN6,S,
105324,B07ZGHFYPX,I,7
78571,190735977X,C,6
14099,B08L9JM11J,S,
96166,B072ZS2G8R,C,12
58782,B005JDPOQS,C,8
17147,B07PTMRBWH,C,3
7022,B0148W0WOE,E,
712,B00AKBI4LQ,S,
64016,B00EPLO966,I,1
741,B07MSG6714,C,11
49804,B0828TVPFR,S,
102838,B07TGF1GQK,E,
5739,B08KXJYKF1,C,1
9327,167047058X,I,1
100300,B0786ND4SR,C,2
6257,B07JP5M838,C,8
109783,B0833NYW1X,C,6
60675,B07FQWCYMK,I,4
79203,B08BZXTH9Y,E,
19643,B07D3VZGT6,C,17
91270,B0000TZYG6,C,3
89053,B07MLDT7K6,E,
66265,B07HY44LVZ,S,
14060,B07XHGDRXP,I,2
35138,B01M3PJ5AI,C,10
76642,B09284GM5W,E,
50306,B015X8ETG4,C,7
55908,B01HRQ77GO,I,2
4412,B01MY29NJV,C,1
71868,1673629296,I,4
1595,B07JZ2HMJ7,S,
20787,0962126578,C,2
33091,B000LKVH8S,S,
70174,B07KXJW59Z,I,5
50690,B085QGJZH9,I,1
56821,B082YW6Y17,C,2
59791,B079L3WBDN,E,
101780,B08QFF3VTQ,I,2
67966,B075VCV8YR,I,2
84761,B08DKTMM96,I,4
38548,B01N4U7VY2,S,
15674,B00NH94I5E,S,
6151,B005128MWU,I,6
53159,B08BNQDDYD,C,12
86592,B07T7DPZ1Y,I,2
103988,B075QFCKX3,I,4
60626,1465469974,E,
29337,B00IZHXUM0,E,
14403,B07ZY42G8Z,I,3
108096,B07TBZJRC3,C,7
8717,B07D6J6ZL2,C,12
51278,B01GOOFYG0,I,5
90092,B075XJ7XVL,C,4
105036,B07ZWC76TS,S,
87923,B07P8ZYLDH,E,
36707,B07SWZ61G7,C,15
34152,1651894051,I,2
87730,B078SGCBXL,S,
113781,0789716208,C,2
36878,B01LXPJLJ1,I,5
66563,B00PHVNDZG,S,
40195,B07TR2FHVS,E,
42592,B07JRCNSLB,C,16
67136,B002JQCSJY,E,
61913,B07DLHCC1S,E,
41431,B081YJ36H9,E,
53098,B08P3ZH563,I,1
17808,B07WFWLLDM,S,
57,B0926VH8DK,S,
75414,B08N7LHDJN,S,
37400,B07M5T6FFQ,I,7
27228,B07VWWQ5VR,S,
52428,B091YQLRRL,C,8
471,B08R9L7PB4,I,1
58752,B07D4M51DQ,S,
106304,B01CM2MPNS,C,4
87671,B001HWMS2S,S,
19862,B01I4P92MO,E,
94233,B0015UYEE2,S,
12371,B00GMT1MR8,S,
30673,B01M65AOK1,C,3
83935,B00F4CEWOY,I,2
100307,B001ECQPUC,E,
103220,0993284728,I,1
72155,B00WDS87W0,S,
80703,B06Y3J6GHJ,I,1
100537,3846507229,C,8
13250,B01G3ZLEJG,C,2
25585,B08GS14TBK,E,
3976,B075LTVBNQ,E,
107341,B01KIKBYAG,E,
10180,B019ZGH2LO,S,
81351,B00005YYE3,S,
105347,B008YEPVQW,E,
55673,B00XKY3TG0,S,
87799,B06XHRS2LF,C,2
109085,B07DQDQ2N3,C,3
61746,B074PJ59ZW,C,11
2030,B07HPH6HQB,C,5
33762,1423105400,I,1
56075,B07QPFFB2C,S,
95510,B00PGXQ68Q,S,
1082,B078RHWMSV,E,
66935,B00EFEMTV0,I,1
22146,B0032MY004,E,
32107,1630061026,I,7
33917,B01LYLWO5D,C,15
66947,B099NNL54Y,C,8
23096,B00CJAVW06,C,9
35287,B01493CHFO,E,
102072,0806540583,E,
25099,B07FV64QLX,E,
68331,B000JM9UM8,C,14
114866,B07VPPL3G5,E,
41285,B0775YDSMD,S,
38605,B07P9CFRLV,C,10
58971,B078V16RLH,C,2
43527,B00O5FLQ6S,E,
105693,B08CD9KFKS,E,
8017,1499805802,C,2
211,B07GKSY62T,I,1
67869,B0009GA6YA,E,
39600,B00C870XO6,E,
28968,B005CGA9EY,E,
58212,B0819TSMP2,C,16
70,B092CSHCJ4,I,2
78164,B000S5SRRK,E,
75182,B096VQLG5D,S,
2335,B08B7WY4Y8,E,
92555,B000Q48DEK,I,4
31721,B00NL5MLE4,I,4
57994,B01LZ6X80T,E,
37114,B083Q5NY6W,S,
72158,B01MDKHTL7,C,2
75627,B07TGBHR25,S,
18897,B017IQZ9OK,S,
70671,B0851RQF49,S,
27313,B017KQXYBS,C,16
63988,B077WDRH6G,C,7
71331,B087KQ6J7X,C,8
45594,B072118DJ3,I,1
104532,B087T97YHS,S,
49550,B0829V2HHF,C,3
16929,B07WLCF6P9,E,
107341,B07B7H6CQ2,S,
85040,B014LAIYB6,S,
77291,B0166CQ4HI,E,
108133,B07HJ8545T,S,
5095,1948834693,I,7
11834,B07T87Q2G2,S,
93674,B00SLMZHTI,S,
14127,1937870316,I,2
24664,B07C51B647,C,8
75382,B00VD5NNEQ,E,
25761,B004LKBHCK,S,
17778,B07W531CGR,C,16
54054,B085M9CLC8,I,2
68623,B00B92PKTE,S,
87439,B07FXYHJKL,C,9
95498,B00TES30F6,S,
27016,B0026SRX5Y,E,
14967,B0734JX5WP,I,5
98115,B07QN172BF,E,
79407,B07ZL5LMK2,I,5
32270,B017DP5UTA,S,
86460,B07L3N8ZG2,E,
23756,B08832D2KY,I,7
10973,B07ZGDR11W,S,
55380,B009K6952E,I,7
39303,B00TYLSAXA,S,
290,B09513C138,I,2
79741,B07YQGTH9M,E,
55814,B01IAE01SS,I,2
56410,B000T28C68,I,1
36458,0761160957,S,
60501,B06Y6G4MTB,I,4
78843,B004VTGEWY,C,2
33897,B00RLZIDJ2,E,
104756,B01MZ74ME5,I,8
87366,B07Y35ZDYF,E,
32776,B07CY1PPWR,I,7
113481,B09CTK6R4P,I,5
45802,B07D5JYC8P,S,
63427,B078HM367M,E,
97780,B00YHZVOCW,I,4
79308,B07KQ2BC7S,S,
75083,B081H8MPZM,C,9
36832,B08VRVVFHJ,I,4
114953,B086L3KM24,E,
31526,B07P4MGQBR,S,
95758,B000H433D0,C,9
78921,B01ISRBS84,E,
104534,B008ZGR3EM,E,
57564,B00BEIYH1A,C,1
26801,B079X2ZW6Z,E,
81853,B084YW643N,C,3
53677,B010LY7Z1G,C,3
96107,B08CD7BHRB,I,3
10086,B07Y1L87BP,E,
70418,B00CCFSX5K,C,2
32071,B0874C5CWB,I,4
73769,B01CQ3PQAW,I,7
46159,B00CTA7WE6,I,1
79799,B08XW8PX7D,E,
99752,B07XXV9RWB,S,
90249,B00IFU23G6,C,5
40574,B07F84C1BL,E,
99831,B07K4RNSWD,C,10
24526,B082VMTL3S,E,
96785,B012UGIJ1I,E,
51456,B088PJKM38,C,12
52813,1907860045,I,1
3535,B000BQNEI8,C,7
81550,B07S73JXVB,E,
102255,0374301913,S,
102384,0935553266,I,5
46770,B004R4WRTC,C,12
34210,B003LZ5B7S,S,
109302,B073JF4TM3,E,
22418,B07L19QSGF,C,15
59281,B01M36BS09,S,
51223,B016YKL5QW,E,
46159,B001UGOMKW,I,7
30169,B078Y9N7WJ,S,
93210,B00M3DJEDQ,I,1
14218,B08RBK28FH,I,3
1008,B089LP5Y7Z,I,4
48448,B0007C7LWQ,C,2
35730,B01MCZAMOY,C,10
53597,B003U4T4PU,S,
75127,B000E6EST4,I,2
110090,B0002I9OIE,I,2
9799,B07D11946L,E,
96779,B07YCRMM74,S,
45299,B01L8JJLJ2,S,
50447,B07HKQRH38,C,2
9739,B07KFMSQKX,E,
40490,B078MK7G1X,C,5
108732,B015X3QBQU,E,
36877,B07N7NK1VR,I,3
57084,B07VL8LJPJ,E,
1111,B0019LYCZI,E,
7846,B00168IV4M,I,4
19454,B07RTGT2M5,C,3
51505,B076HYNZHF,E,
102922,B07PVR7LWS,S,
61084,B00DQCRGT2,S,
13223,B004H9KYLU,C,3
30780,B00TGSQ970,I,4
3208,B0822KN151,I,5
23800,B07HZ39DTG,C,13
81506,B01H8UOBSG,I,2
16539,B07DKG64RG,S,
9133,B009M2SXBU,I,3
25118,B073FGF3N9,C,2
57179,B0069VH5QG,I,3
13261,B07Z8XCM44,C,11
81989,B07H2WWJ4P,S,
98538,B07RL3N7FP,E,
94182,B015N2NX3A,C,2
19219,B07QPXS91G,I,2
100103,1302923226,I,3
45098,B014X5RE6A,I,1
49873,B00HPZUR42,S,
80065,B00EILGKXI,E,
76627,B074CQHKJ5,E,
11247,B07TLXF9CJ,C,6
1772,B07L68BZCS,I,3
20889,B07GJK654Q,E,
101735,B07R1TDHF6,S,
31859,B08LL4L87C,C,6
14622,B07GQZGZ6Q,I,7
36369,B07BK7Y3GP,C,2
81699,0060653191,S,
97922,B07RX1KZ54,I,3
90712,B000CISZLG,C,4
32,B01CIJYXHQ,I,7
10397,B005N8W4IU,C,17
20690,B0784GJ5H1,E,
4893,B07XGV3FXV,S,
93108,B07L3LT3WC,E,
24090,B07H8MS5KQ,E,
28705,B01LX3E3UQ,E,
108236,B078H6TTB9,I,7
3945,B004RH1JPM,S,
49913,B07DGDFLTW,C,6
78243,B08BC7HNC6,C,6
63109,B07RW6ND7B,S,
30530,B06Y2F25KK,I,5
95510,B016LBC8EC,S,
30122,B081CCR42K,C,14
51314,B085N8NFQQ,E,
13440,B015MSX7QS,S,
88981,B000IZC07S,C,16
49808,B078NMGPTX,I,2
32275,B00CLGUWQI,S,
22228,B07JZNZ8HG,S,
26583,B098NGXVPZ,I,1
55079,B007YDCARM,C,8
61937,B07C8GFR5Q,I,4
73466,B07GXGHD38,S,
75746,B07GHDHKPN,I,1
49152,B071NYRN86,S,
91065,B0002FTH66,C,10
57203,B07W4WR771,I,3
48211,B07VC14J6K,I,2
107008,B0014EOU9S,E,
98748,B009O0892I,E,
62194,B071ZDYXSJ,C,1
4211,B075KJ3FDY,C,1
40195,B01838Z9OC,S,
7409,B007XAQBLW,C,14
31905,B005HVUUIO,E,
56672,B083LDFSBV,C,12
72811,B07RY8LPCF,E,
102915,B07SVN5S2C,S,
82206,B07L6QC3TW,I,6
441,B07GGQP7CQ,S,
12322,0899067174,C,10
5039,B08QMXJJHB,I,3
1249,B082S182WQ,S,
79327,B004SHHMK2,C,2
101184,B07CX8SDZX,S,
93330,B07DLNGGRB,S,
48867,B0832DCFBZ,C,16
84880,B07KSDZV4M,I,3
55538,B07VX55HH8,S,
26613,B08JZCF3C3,E,
22775,B07SQQS458,S,
3233,B000CI1QJE,C,9
16940,B004UUK5II,C,11
97209,B0040LT71S,S,
25000,B07QBHRMRN,S,
30760,B07YM325Y7,S,
106333,B07RR1DST5,C,15
8273,B075Q5NFJS,C,8
35634,B07BKRFHMQ,S,
25846,B07X9LHMYL,I,2
31854,B079P45BVX,C,6
17090,B07Z6L7V4W,E,
624,B00MHSWN8U,E,
63443,B07CV89N3X,C,3
109975,B004CQWWKY,S,
102291,B07RWRPFJZ,E,
23048,B07N4JW3Y9,E,
108163,B01M31Y914,I,5
91479,B083QGHQNQ,S,
115920,B00K4QMXO6,I,6
91103,B00PD2PQ3Q,E,
13798,B091T3H7B4,E,
21240,B07VVFYWT9,I,1
46938,B078Y6323W,C,3
61951,B0792KJQDD,I,5
73553,B07HN9B9NF,I,3
22646,B06XY9M54J,C,10
101123,B074NZZ5R8,C,12
109287,B00XJRE7LE,C,4
30099,B082XSTRHC,C,12
39927,B07GTPFXVG,I,3
75628,B0764L4LVG,S,
52192,B07DVSZ3DX,C,5
69702,B07F1S3TX2,C,5
28232,B008FTX6PO,I,1
99515,B08ZJVBD91,S,
76009,1795371455,I,2
39604,B01A7MACL2,E,
45812,B0057BC4R4,I,7
80113,B000RAIJ88,E,
98661,B01181ZO2I,I,2
3450,B071CMY5JR,I,4
103218,B0836KRZCB,I,6
68008,B07GV4295J,S,
7243,B08NKJR391,I,4
68008,B07D1L8M13,S,
23767,B083RJNXXD,E,
115870,B07ZZFHV4K,I,3
106486,B07VHMZTJ1,S,
23649,B07SLC327T,E,
73761,B000VZ4VEA,C,5
97840,B07BBQ4GCC,S,
108749,B07KQXLFY4,E,
1255,B00PUM3KVO,S,
36455,B07HL8L7Y9,S,
35233,B07GBKC7LH,S,
111694,B0767GG95D,I,6
69900,B09DYR569J,S,
26430,B019W2SN3W,C,2
741,B076T6TY6M,I,6
79771,B001E67VP6,S,
86576,B00JC3G7IU,S,
54066,B07YFYKVMZ,C,14
107751,B07G1C9R5X,I,5
22180,B01EG3J430,S,
110945,B07VVPZ4G3,C,12
35475,B07P138Q1Z,E,
99678,B01N33DQ4H,S,
68111,B01HZ0YT2C,C,1
40839,B083Q4LXRQ,C,5
55575,B0753XW162,I,3
35926,B07FF6J7JX,E,
28634,B07GHWHFR5,E,
104071,B08PL4YS9T,S,
61832,B07S2PRCJN,C,3
75678,B005PPOBQE,I,7
48826,B00D8STBHY,I,2
37051,B07R9HQ6VH,C,10
40957,B0756MLN9S,S,
92817,B07C2H586Y,S,
33393,B07MBCCZFB,I,6
7286,B01LYKIAF7,S,
15271,B07RWCKQZH,S,
52432,B07YWDZ6LT,E,
25006,B00V3LWR5Q,C,12
115712,B07V4NM79R,E,
113401,B07D7LNLZ1,E,
55175,B00092RB06,E,
49045,B07RNP6KYG,E,
34720,B0745T3WCH,C,3
41403,B00KS70ARS,C,3
75574,B001NTNJD2,I,7
1820,B01G8I7LEU,S,
95780,B07CV5FCS8,I,5
68888,0357442059,C,10
70609,B000CNQ1BC,E,
54845,B075F7NV56,C,2
40546,B001MS6RVK,I,1
70388,B07PMQ1NNR,C,7
64637,B00WMESPV8,S,
29714,B07LCTMM2B,E,
101057,B09BBBHK93,I,3
1638,B071DW7HV2,S,
20490,B084BQN9PY,E,
7276,B092CL82XV,E,
85777,B01J7AYW2K,I,1
98857,B076B27WP6,E,
38640,B086H37R52,I,3
10335,B07T2BMD5T,I,5
52945,B07SRZ1JS9,E,
55177,B000R04R2A,S,
42553,B07547VPWP,S,
98019,B01G9CTE18,S,
7088,B07HD8DS8P,I,2
40313,B07XCY8NT3,C,1
35964,B000BTXXI6,S,
18644,B0757XQ8Z5,C,1
104,B07HJD9FVV,I,6
100075,B07PKMXRFT,E,
101594,B006Z9LCUM,S,
85859,B074GM9854,E,
114827,B076H7GXLW,E,
812,B07BQDRDC2,E,
32285,B0052SFZPA,C,6
51995,B01AXBENZI,S,
40732,B08SLSHFSP,C,2
42731,B083P19XZX,I,5
39815,B081J6BZC9,S,
69871,B07B4RZ87J,C,7
102315,1076847196,I,2
109401,B014LR5M32,C,3
87547,B07D8NHJVL,I,3
100303,B000LO2FDK,C,1
108730,B07C9F8XLL,C,9
61775,B075GRGJK7,S,
41285,B005P3NWSO,E,
82085,B081282B2D,S,
46074,B07WNMYTTD,C,8
67855,B000ARWNTO,E,
102078,B00LWWJIJE,I,4
16639,B07XSPT52G,S,
24391,B07BHMBLVD,C,1
4230,B00O4D1F44,S,
12690,B07KYW4BWD,E,
49984,B005BE0ZKA,E,
1036,B076817XJB,C,1
3586,B07YBRX8K1,S,
1638,B074NHPRY7,S,
22320,B07QDVDXKV,C,12
73778,B08N9V4365,C,1
88389,B082YGPCHG,I,2
57601,1506716202,S,
54853,B098BN78F7,C,10
101768,B07HSRHG9B,I,4
102315,B0942L8HTS,I,6
37252,B08345Q9BP,C,3
42103,B081DWNH2F,C,2
110176,B07KCBQC38,S,
21021,B00U464HYK,I,6
28069,B07N13GJ8X,E,
25891,B07GLY6XMN,E,
9700,B0836CLXR6,E,
71552,B07PQDFYR4,E,
25227,B07S1BXY2F,S,
90069,B07KMFZK6S,I,6
88891,B00HUAM5O2,I,3
88088,1524773476,S,
112219,B079JLY5M5,S,
101890,B00000G42T,S,
34720,B074R5LCQ8,C,2
10420,B000ZMD5I2,S,
85016,B07QPKZKL5,E,
56147,B06XBVRZGX,C,12
26254,B01N69V33G,C,8
32512,B07MSVSTY8,E,
2050,B07MXJM3XB,C,5
102495,B007PZ6SYK,I,5
74036,B01G2RAE3M,S,
57950,B0844ZHRY3,S,
59654,B08GJPC9HC,E,
115655,B011AJ1JN6,S,
58860,B09DSZGK6X,S,
94997,B0842Y2DTN,S,
399,B08G8R1Y63,I,6
834,B085L78348,C,14
100002,B07VMRFWC2,S,
59642,B00FIM8PIY,I,3
647,B07MX2M7W1,S,
54382,B07HKQ61NV,S,
12358,B072YV79GT,E,
65502,B08SY7D61C,C,12
37719,B07M7MQKFW,S,
41187,B07Y15BNGD,E,
72904,B01DZJZTAS,E,
102821,B00ARSDU34,E,
16227,B071W4V146,S,
65084,0743456084,E,
6552,B08HWH8F4T,I,4
68960,B088F6LKZS,C,14
65525,B00MFW4F2K,I,1
19299,B077KWGD8P,I,5
112608,B07TTCB153,S,
104744,B07QB98D5T,C,4
97527,B078YR2MTF,E,
97505,B07GT96NHX,I,1
103482,B092JL6JWG,C,9
50349,B07D5KDHM8,I,1
32907,B07T21VVCD,S,
28832,B07YCR8WNQ,E,
75346,1934817295,S,
75448,B07GV8N5P9,S,
55488,B004XXMI00,I,5
46312,B074X9Q85Z,S,
554,B07DPCGLYS,I,5
3945,B00I12NVB4,S,
84558,B01IW02HYG,S,
3270,B095KYCX7C,C,1
19804,B07WKDKMKP,E,
619,B00J40VLI2,S,
90293,B07RQ7WXM1,I,3
67546,B007BLNKXU,S,
89708,B07BP123FH,I,2
64826,B01LWU1OLG,S,
109558,B07C3M6Q7R,C,6
69811,B00X6ZNWGA,S,
111308,B0753YZM63,S,
40149,B07NLXDDTD,S,
102835,B06XCQDBCC,C,13
17498,B083QXL2V3,E,
111647,B00YI79BJC,E,
102595,B01N9UPE53,C,11
86527,B0773DVCNY,E,
11647,B079DDN98K,S,
98813,B08F6YWTF6,E,
20450,B004WEP94C,C,2
3076,B07JLMSSXR,I,1
1415,B01IOBYCEG,I,6
10787,B087TXYP4C,I,8
89328,B07R8WTQ6K,C,7
108311,B07FT7BKXV,I,3
36111,B07TDC9P1X,S,
16318,B07DKK6Z81,S,
14490,B07XP419MC,E,
104888,B08C2GKT9V,I,2
9336,B0195ZU730,S,
48538,B07JF8KH3Y,E,
52520,B079L3S4SF,C,3
92783,B00BVN2B8E,C,6
39334,B006ST8Z0E,E,
30117,B07G51DZ45,E,
1180,B00R3N0BDS,E,
26538,B07PBCZ7C6,C,16
1550,B07RGNTF5Z,I,7
22396,B07FLNWRF6,C,7
17290,B06XZL1QNZ,C,17
35658,B08B8G28RP,I,2
60444,B07D7HPJF8,I,6
66146,B097XSDD7X,I,1
542,B07MNW7WZ2,C,13
25304,B07KYWQRX8,E,
25422,B07QB8L1D8,I,3
95819,B001P7OM1A,E,
34279,B007ZPNBJA,I,7
10973,B00BFX6PTG,I,2
57159,B01CTUGC5K,S,
102225,B07NWX574B,I,1
58987,B00TI4XFA6,S,
19748,B07H1L6XDS,I,4
97096,B07RG5WHSZ,C,2
74866,B07JPXQ2Q6,C,15
44915,B07DQJ2F9G,E,
61407,B07GXBRFBW,E,
114722,B06XCFJW14,S,
22320,B00SL11US6,S,
28062,B0002DHR1K,I,3
59496,B077XQRM47,I,3
95708,1419733605,S,
46439,B07PQ8MXHH,E,
52192,B07Z6QGL1P,E,
51704,B07T4LQ7L2,E,
34777,B01FKPC7UA,S,
83587,B07J1LTXJ5,E,
56984,B07PW4TMQZ,I,3
56081,B093W6S3DR,S,
60295,B08933RT73,S,
17032,B08XM18HG6,E,
114957,B071S6B1YZ,E,
91846,B07FQRQZX9,E,
49272,B07NJP95C2,I,4
91299,B005HIOP5G,I,4
57560,B004KRKHUM,I,1
32066,B0713YZGKK,S,
2927,B01F9N6J6G,C,15
83303,B0747LNYR2,S,
60124,B09B6MLD78,S,
35663,B07KJHSHF5,C,11
64016,B004MDUXQM,I,2
12512,B098WX2VWF,E,
60789,B07SD74C6F,C,13
85273,B082X29CL7,C,3
52518,B01GWG3U66,S,
26389,B000KIDVJE,E,
27586,B075X3CV1X,I,5
97414,B00V4UIOI0,C,5
26656,B013PU6Q18,E,
56125,B00IHGJMDK,E,
37677,B08ZST1VFN,I,6
39522,B07C9CS6F4,C,5
93335,B07H93RKSW,E,
47221,B07GL47JXT,C,5
86389,B07L7HYMNF,C,9
110761,B01N0EB5LY,C,15
11589,B00KTK293C,E,
101946,B01MYDOC3Q,E,
43085,B01F5ZSYY8,S,
41432,B00I9E7WFU,E,
95486,B089KH93TW,I,4
17163,B01MU8ANS3,S,
71611,B095G2JD48,E,
33748,B07YVPJHH9,E,
22939,B08XY5RFQ4,I,4
103568,B08KHQRL66,E,
74957,B07LFB597F,C,3
14898,B07Z92Z3JT,C,7
68095,B00LCAHYL0,C,15
66517,B06Y1CBVKT,I,7
95596,B07T1FMKS1,C,4
47185,B07V558RWH,E,
89380,B07VX5GYY5,C,2
94640,B07W9LPHR4,E,
42157,B07GJYDF6Z,C,1
89786,B01AKCJPXU,I,3
510,B006WQRGI0,I,5
100238,B00608XLUM,E,
496,B07JLW6Q75,E,
20412,B07MG3LRH7,C,5
111453,B07MFPZ5XX,S,
16394,B07S5CMT1Y,E,
87735,B07RYW3S73,E,
1592,B0013L4BZ0,C,8
43041,B09BVD33RJ,I,3
16083,B000I68B52,S,
84039,B07FR66LKV,C,1
110775,B09GVY17NB,C,15
75617,B07FHPGS4V,E,
54035,B07T1N3FD2,C,4
60508,B0855C5J3P,E,
88039,B071VD7ND3,S,
75216,B07FFFF5H7,E,
87750,B08B34WG11,S,
42265,B00LMNMO8A,E,
31629,B07TYQ8NK7,C,13
13403,B00KMV7KUU,S,
538,B07T75SXZL,I,1
6784,B07BHZG7FL,E,
97359,B01K9DF5RA,S,
26254,B07WZH7TG5,I,1
8802,B0061WCXUQ,I,7
53839,B07L2SLHQN,C,5
74692,B06XPFF3R5,I,7
50287,B07PHT5JLM,S,
46479,B077GDFNDN,S,
14920,B07L9H2R91,I,3
19522,B07MX2P48F,C,9
11444,B07D88FCSM,E,
104673,B01LWQ4NGV,C,10
93328,B07SL6BFWC,S,
94343,B07VFM3SRR,S,
36598,B06XX1MSJQ,C,15
2882,B018V0GOXM,I,4
55499,B081N4B1TB,E,
5483,B095KGHJSW,E,
513,B00O83OPK6,I,2
81480,B00NJ0NYFQ,E,
5376,B07HRNB1J5,S,
58713,B004IN4L9G,S,
53422,B07N88RTXW,C,6
32869,B00UFG6292,E,
56826,B092PLHHYT,C,10
72273,B000BOE9NO,I,1
42943,B00MULXWMU,E,
28258,B07Y7XJ8S1,C,3
13139,B07PDKQPFF,E,
91111,B0000DH8IT,E,
61275,B00NHQF65S,C,5
33528,B07R47XMVK,E,
42572,B00YBQTOE2,E,
45807,B07HX36SF3,S,
53546,B01BFM060K,E,
98613,B07S3Z6N7C,C,3
65555,B0771SDWVM,E,
55541,B07K2SL6PW,I,2
112722,B074TDBBMG,S,
55816,B07YR2J1N7,S,
15220,B00025K10M,E,
20205,B07L8H7W88,S,
104387,B011293HO8,I,1
94060,B0969RRXXC,S,
102289,B07SWT3C45,I,3
53980,B07X5G4Z6F,I,3
104543,B07FFWFKYD,E,
52778,B01M7WRLS6,S,
11692,B08657F7P4,S,
57589,B017V4IMVQ,E,
18007,B08TTT874Y,E,
56382,B078LXJ8Z3,I,6
79496,B07K8KJHM1,S,
92263,B00BMR4448,E,
22481,B07H4G9ZKW,S,
105063,B00NX5J5O6,S,
13249,B07Q1DBYMX,I,3
86643,B084T8KZF2,C,1
90747,B00B1OSU4W,C,3
3946,B000KSTFHQ,C,5
42827,B00L9F1QYE,I,1
70609,B07JNDQMRD,E,
91992,1477697284,I,2
15017,B08T1V6DQH,E,
15410,B01N9VYTYC,C,9
58125,B000ABVKSU,I,1
69488,B072K19MQV,I,3
741,B07N8HKTPG,C,5
5867,3942282186,I,3
9126,B01M72G0WU,E,
86034,B07WJ83SD9,C,1
71580,B07B6KC1PQ,E,
55029,B06VVJD56Z,S,
90742,B01DEBC7Q6,E,
86403,B00Z9DN6PO,C,15
59532,B0043M4MPK,S,
88835,B078VZSW42,I,6
80926,B089B2CZCD,S,
48211,B0007J0FMC,I,3
6151,B005MUZV5W,C,2
56817,B09CYM5ZJ4,I,2
35946,B006IVN03O,I,3
8403,B085LKBB62,E,
65049,B000B4N0PC,C,1
75188,B07MH7LRNN,E,
76260,0913866598,E,
30836,B07BQYGDHJ,S,
46578,B07H9FSFC8,C,3
20792,0809051435,I,3
80027,B0168H5SZ0,C,14
98019,B011IH6MBO,E,
63252,B0951HG7YB,E,
86108,B07452G89T,S,
913,B07MBDZCXT,E,
55906,B093L93P33,C,17
7915,B07L3LGLB9,I,6
77132,B08MDLG32G,E,
95256,B073QMN75M,E,
37882,B07Y926M1G,S,
41173,B07TF1VWC3,I,5
100633,B07Q357RSK,S,
111753,B01H7RO6IU,I,1
19280,B07FKWSS12,E,
44616,B07HR4MW5X,I,2
40439,B07DK13HKX,S,
85902,B07Y384WPD,C,4
103019,B0854K8DKK,I,5
85673,B074V41LX2,S,
67839,B07MDKM7R8,E,
22471,B08YJMBPN2,C,4
111369,B01HSEI1RY,E,
111753,B01GVIM8G8,C,2
82318,B086KZQNB1,C,1
94774,B07P4CKXM1,E,
4746,B01MT0Z63I,S,
101918,0881884995,S,
17032,B08179Y457,E,
95221,B07YD7RSQ4,E,
60687,B07QL4RVKD,I,7
64021,B004OHXB1K,S,
9621,B07PYLKTD8,C,2
19779,B07TKCLWXV,E,
82961,B07KXPV517,C,1
99740,B0014XECEW,S,
80471,B073PYBCSS,S,
74183,B0852GZZDQ,C,3
515,B07BSN5DGF,C,6
47646,B003FZAFXE,C,2
108770,B07DPDBQSM,C,5
75,B00GJBFQ26,C,3
82007,B07MKKQ8QP,E,
23569,B07L6VHSSB,S,
93807,B01N419ETC,E,
110247,B081HZFYSH,S,
103482,B07FK7GZRY,S,
66654,B079Y5G2W5,C,1
72811,B00V5XIWWY,I,2
16623,B07F9KCMGS,S,
75427,B08ZJQVV6G,E,
35820,B08CRP1Q1Q,I,3
42330,B0009UXH7E,S,
20787,0962126543,C,1
5594,B08Z3YQ3H1,E,
59770,B0793S1WW8,C,9
1202,B003J69XK0,S,
36333,B07B8NWZHS,C,7
93966,B07NQMH5CM,S,
50790,B001E4ODXG,S,
113572,B009YZ4AIU,I,2
14709,B07MDL9GN9,E,
88809,B07B3W5RVM,C,7
59651,B000EMXN4E,E,
57868,B07DWT7J6L,C,2
95977,B000FUTVP0,I,7
109711,B07Q1DVG7S,S,
79290,B07SKLN5BP,I,5
102762,B07BXMYNJ6,C,11
65817,B000N5UW8M,C,3
3626,B007UTH9K8,E,
87469,B011NT1ODS,E,
95816,B07P79RDPV,C,3
13177,B01J124T3G,I,7
20731,B00CVTRO48,E,
29517,B093SHHPJJ,E,
69066,B00K245T0U,S,
15598,B00HV3CSBS,I,3
1850,B0744RL87G,S,
689,B092QBY9S1,S,
46671,B00GJXHYVK,C,7
12279,B085J1HSKY,S,
58123,B07V59VXPL,C,4
106305,B07FT2XLR9,I,2
22443,B07NJ432LQ,E,
7476,B083S73B45,I,4
105360,B000G78YRS,C,1
80472,B01E6HP96C,C,6
74927,B07QW34VGH,I,2
95925,B00E82ZQPU,I,2
39688,B0788S8RLD,S,
52390,B07N4QZPCC,I,2
62321,B07B8V8SQ6,S,
62153,9123963425,E,
40071,B08HBZZ3MH,I,5
17011,B092CQRYK3,C,6
73300,B07HKLQDVN,C,5
41825,B093DL61D7,I,1
94419,B07HH34ZZD,E,
56075,B07JM9NRW1,E,
102966,B07N67P39W,C,17
13767,B01N1UX8RW,S,
166,B07MHD8RX5,I,4
22604,B01H3YIVNS,E,
110427,B07GJZMRB9,S,
54632,B07TCC7SG3,E,
2285,B0893CNHBM,I,3
106078,B07D583QV9,I,7
96998,B019DKY4SG,I,6
80960,B07R769ZHS,E,
17156,B07VSGSCW1,C,12
83126,B012U0FCVY,I,2
34669,B0170AZ82M,C,2
4168,B07F666GGM,C,13
5305,B0012XYFQE,S,
1484,B08Z3Y7TYK,S,
53799,B07Z48G4G6,S,
11791,B073V9XPDY,C,1
34400,B07SQ3LN4T,E,
8121,B07HJBSQ3S,S,
20074,B00DUVT7VY,E,
2154,B07BVZKZZQ,E,
60122,B000WNL5QS,C,3
64123,B084M25N8L,C,14
7173,B00ZS3YE5Q,I,5
9899,B088647SYS,E,
110327,B086RLV6QT,I,2
111937,B079CDLVTP,S,
287,024137183X,S,
74668,B00CEMGLEQ,I,1
113817,B01HOZMF56,S,
37662,B07Z2VHYV2,S,
55011,B07SZ9DWHW,S,
65483,B000NSV70Q,S,
46414,B077PVSBJG,S,
9724,B07Z4681LQ,I,4
50224,0743264622,I,1
82007,B097ZKB9DV,E,
39845,B0775VNB2K,E,
7191,B00114RCJ6,E,
31675,B081YFB81M,E,
106773,B0002LCVVI,S,
21883,B07LGBMRGJ,C,10
32416,B07PXN5K65,E,
50989,B013HCIPMM,E,
24079,B08DMVBFLX,I,2
92088,B088D2BG66,S,
38757,B0013DJFQS,S,
63071,B07CQL3DBR,C,7
39643,B088FFCLFL,E,
78001,B07BK4DLXS,S,
58212,B088W98ZNQ,C,13
652,B0777V8SNW,I,7
67638,B07MJ5G4RL,S,
66161,B085Y9Z2F6,E,
29827,B0855CGKKD,S,
47239,B07X427ZGL,I,5
7773,B002TU58QA,S,
55344,B01HSD86MA,E,
73303,B01DUWJCPI,S,
108511,B00EB1X5QU,S,
29613,B07YVHPKVY,E,
3535,B081DVYMSN,C,4
14349,B00IWWBSD6,E,
92040,B07NQGXY5J,E,
85881,B018LXO3X2,C,8
85,B009HUAHAM,I,1
102166,B07VMQKC2X,I,2
89049,B01LW9M6NX,S,
51158,B002FQQ5Z6,I,3
94909,B07JCH5S8P,C,5
76,B07YJF17C9,E,
16173,B088J68TRL,E,
17601,B0799NPHGD,I,1
19716,B07PYK5SMG,C,7
103345,1841622109,I,1
15652,B07Z74ZZWC,E,
105259,B00HMC47J4,E,
42834,B07QKFG3KT,S,
77442,B08F3F2M7B,E,
947,B00T492QB4,I,4
70549,B07KXGHLJ2,I,3
715,B083JZFDD3,E,
49432,B07WRHVYZX,S,
76314,B00JB2G0ZM,I,4
99148,B07J9NCRC4,S,
56792,B088TVQ3RX,C,14
111325,B07SK3DZ33,S,
27586,B07GH53CZ9,C,3
66588,B07W8JK62Q,S,
115766,B012VEWBEK,C,1
114986,B0002F7LXC,I,1
31750,B00IUB0PAG,C,5
71403,B01LVU0BEC,I,3
18959,B07F6YVK72,S,
27696,B07121JCWS,I,3
64586,B07FZXCHTT,E,
42969,B071ZM658Y,C,3
48876,B006DWT7HG,E,
32845,B00005LEZR,C,8
874,B014QK4R44,C,12
83441,162311022X,I,1
22068,B0868TZ1TC,S,
10804,B00JUFXOXQ,C,16
88613,B085KY5LTL,E,
66069,B06Y1BJ4DP,S,
88942,B08FHN3GQ6,E,
62170,B098LSKJHH,E,
93072,B000EENLDU,C,1
55488,B003PRTJWA,C,1
26647,B01MA6BG4U,E,
2689,B007VXTRLC,C,10
19997,B082WHY7YS,C,1
90204,B07BKRJLLY,C,3
45920,B094N51Q76,S,
14193,B07JZFDJHF,C,4
14328,B07SZL4H6X,C,13
106486,B01M8O39TN,E,
28029,B01NCSY08M,S,
525,B00CLGEZ66,I,2
44170,B07PQD2MG2,I,3
26918,B08FHJP4S8,S,
2368,B096FK6KQF,E,
76693,B01M71BJYE,C,4
17743,B00ZQKQNVE,I,6
5095,B0772SXXQ3,S,
91814,B01DQ8AQL0,I,5
81105,B09DYBQS47,I,2
114605,B002PMPQ78,I,7
6836,B004BTHXJM,E,
27441,B01N2VB05L,C,3
53569,B018K9K0AW,S,
21934,B0773DXN9Y,E,
45340,B010E6AXVK,E,
98497,B07KKB1ZPB,E,
14049,B005BEF5EQ,S,
19987,B07BWLR91T,I,6
25523,B00M9BGWF0,E,
80115,B07DLDFVG1,E,
21077,B00HVFE9E0,C,4
47115,B07BP669R5,C,4
110498,B01LN3ZFPW,I,7
70902,B000BQPHO2,E,
17486,B07XBTCG1Y,C,4
45,B01N6QTL9D,I,4
47684,B07WDFP2Q5,C,2
21541,B01MRHVW56,S,
678,B07T2MP4PM,I,3
114161,B07TNJKC73,C,11
47309,B075JV8PR4,E,
8937,0807049395,E,
64040,B074VC48BJ,S,
91532,B08DZN1TDG,C,3
110974,B07PRP5V59,E,
72528,B07R1HBRFG,S,
1158,B000K2C8DU,I,7
77059,B01M749CK5,S,
3233,B07ZLJFMFY,E,
5565,B079N8YSQR,I,7
30366,B00X6SHK7Y,C,7
105324,B00GJ4VHR6,I,3
96528,B07HHSQYTY,I,4
34045,B07VWSD8X6,C,2
19994,B016UNQ77U,C,10
62340,B07FYK5MNG,S,
3308,B08224PMYG,S,
10154,B08XXY3K2D,C,2
63409,B004E4AVY8,S,
34901,B00LLHVPJ6,C,15
30396,B07H11G6BJ,E,
93114,B086PMLXRK,E,
7534,B019BREFE4,S,
46414,B01CQRHXT0,S,
51438,B07RWGC8DC,C,2
21868,B00F607I6S,C,2
115761,B01HC0I57K,S,
17979,B00UC6IJT6,I,7
17724,B01N54IT33,C,13
83702,B0118F8RQ4,E,
99439,B07DLT1Z96,S,
100937,B0779GD5VG,I,1
33912,B08P8GGD17,E,
97405,B07FFPWWR3,C,3
66146,B096FHVHZ2,I,2
69948,B06XNW62P9,C,3
52968,B001LM1456,S,
87291,B07T49893J,S,
55175,B07BK9PYQC,C,2
57407,B01NCAECG1,E,
72435,B0757BHBHT,I,2
19476,B07Y894VGP,C,11
38462,B082P8VPKP,C,6
74306,B07QLY33YS,C,13
18891,B07ZQ56D28,C,9
20025,B003SNDNQ4,E,
93851,B071WGWC63,C,5
34255,B00N0VUK42,I,6
5430,B012B95AZC,I,6
88987,B002TWJ5Y4,C,3
22458,B07V6ZQGBP,S,
22241,B0769HNN8Z,I,4
9829,B07L59SP42,I,3
88842,B01CZ54L66,S,
46582,B07HJ2YD6V,E,
58828,B07CJ4T3HJ,E,
87687,B07PLT22B1,S,
115032,B00FO9U46W,E,
73242,B07FSRBSCK,I,5
70902,B001BHK524,I,2
87665,B00NGJEN5K,C,14
83600,B00C1E15UW,C,4
92130,B07Q6C9C93,E,
8556,B071D41YC3,C,8
36801,B07YWG2PMS,E,
61061,B07ZCY15MJ,C,5
16702,B07HC9VVB5,E,
109668,B085RQ2GNF,S,
1011,B00IR8H55A,I,5
68574,B08RJPT71S,I,7
66135,B08C771J5J,C,6
10218,B07D6F3YZV,E,
20361,B081GPBGJG,S,
29549,B08511YSBC,C,7
840,B089CGM1VW,S,
21426,B096FWTH29,C,13
1366,B078B69S4D,I,1
104474,B072HNTWSR,E,
73354,B00JX12K5U,S,
66201,B0748KCD8W,I,5
64094,B0774YTYF7,S,
96132,B00PX8CNCM,I,3
77351,B076BTX8L3,E,
57730,B00BL8RD5K,C,2
81853,B0049W00NC,C,10
44863,B01LBRZDJS,C,2
48158,B01MUJGF7D,S,
45430,B07FP726ZT,E,
112370,B00MU27P36,S,
113166,B07L3KMKFW,S,
34202,B01AVED808,E,
32213,B01BXLYEQ0,S,
107341,B01EJZAKEM,C,5
97780,B00N28818A,I,1
115767,B00IOZRWKY,C,5
85492,B07FMXG9Q4,C,8
14592,B01HP3E5PA,C,4
1084,B0013AWSHE,I,6
78721,B06XYMV21L,S,
38068,B07H3KYW12,S,
70960,B006DXR2Y0,C,8
69066,B007214YM0,I,2
11391,B082PP9XVP,I,6
53010,B07SZJX1S6,E,
74581,B0014UEG50,E,
93020,B086GDXCJZ,E,
71889,B00DK3LWAG,C,4
956,B00G2FJTDG,I,1
39815,B07DMHWKHH,S,
16834,B07DLRWBM2,E,
35581,B0787C31T1,C,1
21484,B086BR5P9J,I,1
66301,B01JR0VK3Y,E,
113795,B07NZLSP6X,E,
1755,3740812176,I,2
70070,B07Q31WX1C,S,
91065,B0010XB2IK,C,16
26649,1593279663,S,
102045,B07RLXXG39,C,3
63849,B07BFT52Q4,S,
105409,B00TBANYZS,C,2
45889,B0757X5Q3Y,C,4
200,B07RFS9KNS,C,14
110973,B084HHW7MJ,S,
48218,B001B5DTN8,C,1
87836,B001JGNPM4,E,
68486,B07MTYV9K4,S,
68974,B085RRVPQV,C,6
76232,B07B4B3FR2,E,
90908,B00JUOS4RS,I,2
72722,0895770598,C,2
80231,B07BK4SP1G,S,
35888,B094PY2MGS,E,
6827,B082CYHPJP,I,4
83870,B082Y261S7,C,8
9386,B07HB9Y8S7,I,1
36240,B07XRLXWTT,C,7
25000,B07H8LJSDZ,S,
87033,B01N0S274H,S,
35089,B00NWFKHOE,C,7
78014,B07SMNYZLH,S,
56792,B088TW4FSR,C,12
95090,B00G4CIG7M,E,
15538,B007RA0ZAQ,I,5
115659,B08257XF1X,C,1
24525,B0828QG563,S,
98213,B004VI3PE0,C,9
36481,B083TLVH29,C,1
110430,B07BTS8XHN,E,
63988,B0851HSDBH,I,3
38215,B01MF91X1V,E,
83511,B004DOYM2Q,S,
67334,B0776431HK,S,
104877,B083Q4K3G3,S,
47429,B00BBQVL5U,I,1
72158,B088LFZTYZ,C,7
99890,B07D425M7G,C,10
739,B06XHLRLTH,E,
98207,B0845PT5WS,C,1
106009,B07RJFY56L,S,
19514,B00WWBPU5A,S,
17445,B086ZZXVQD,S,
13973,B00IANTWR6,C,12
255,B07GD8BS5B,E,
69935,B00JGQLZJ4,S,
30727,B001HOOHWU,S,
71931,B0874TMCJX,C,4
11960,B07GKMSZ1R,E,
75885,B08FBXP43G,S,
50055,B07GDQX1CM,S,
10600,B00GOEKM22,C,13
76970,B00PCI71TS,E,
81373,B07NZ45J2G,S,
2937,B07V8FJJGY,C,4
73882,B07GXMZ4TY,S,
85573,B07R223X4Y,E,
91230,B01N9H8K2X,I,7
80567,B01GFX049C,C,4
16506,B08JR4Z1DY,I,3
83310,B01N5TMK8I,I,4
5564,B084BX1C4L,S,
31643,B076MFN589,I,3
16406,B01M0XH7TJ,S,
107171,B07S1BJNTH,E,
59230,B0846VW878,S,
66398,B08CQT64K8,C,4
70646,B07PNZQWZ6,I,7
22672,B07T9S3Q5N,C,14
2882,B001E96Q7M,I,1
8114,B08G1YRSM8,E,
55909,B00HHGSCBO,S,
76800,B08MZ8JTK8,S,
98997,B07P4612JM,E,
5041,B07CMHYX4X,C,6
47333,B07D2T8KYF,I,2
80060,B08DHX16S8,C,9
64117,B0015WH3MK,I,3
74692,B07YW6Q8NB,I,2
60969,B01N47M3V0,E,
115637,B01MU35F5F,S,
74561,B07M6776D3,E,
14843,B072MLKDYW,E,
40856,B074M35CYP,E,
17380,B00B6Y0UYA,I,6
10053,B07Q9QNM7N,S,
45850,B086Z7X44Y,E,
73723,B07NMYVVS8,E,
97898,B07TT7ZNFD,I,5
5502,B078ZDJ88X,C,1
82942,B0090X4FFY,I,3
110730,B002SOR6UI,E,
101938,B07NSMND7R,I,3
93706,B01KJYVU1Y,E,
96153,B07VC35HRB,C,2
59172,B01F7TKV2U,C,7
55209,B08LZPSSX7,C,8
87730,B072QLXK2T,S,
99109,B07JMVJYXQ,E,
20303,B07P6Q2QXR,I,1
103180,B0032TR2B6,I,7
23705,B01MRFYWPZ,I,4
100409,B00QHY3ZMI,I,1
21597,B01G9B2B2S,S,
7883,B07KGVB6D6,C,3
90284,B074PPT4NK,C,2
16300,B073GPDSRV,S,
100558,B0772NLNH9,E,
105324,B07Z659LTW,C,14
55356,B0049UVJYS,S,
113964,B01BEEJJ1G,I,1
55768,B0872ZMXBG,S,
25060,B08H8W46MJ,C,2
53033,B01L33GZPG,S,
102795,B085K5K614,I,1
33361,B07DN7ZMPK,C,6
52777,B07N17M8M6,C,8
12815,B09634JGWC,S,
1393,B088SR435B,S,
54805,B07XGSSQM6,C,9
66401,B08CQT64K8,C,4
113834,B08V4WP31V,E,
37983,B00I9NSFDO,E,
1666,B082DBBL7F,S,
57159,B084R8ZJZX,C,4
58281,B0987PRXKG,E,
77900,B07MP5SNWP,E,
1842,B01MCXZIK8,C,6
23970,B00GTK94LQ,C,2
35571,B084TMJ2WR,S,
14052,B0033K5U36,S,
36101,B087JF29BN,E,
5575,B01N77YEDM,S,
26151,B01IBYOXJU,I,1
97187,B08V8FJKLZ,C,13
98455,B06XBYDZV3,E,
110945,B01MTMPDME,E,
81586,B016LJ79QG,E,
95849,B0734R77CP,S,
113105,B07DWQK5C9,E,
89232,B07VP1QTMS,E,
74191,B087HP8RQ5,I,2
103604,B07HQNHQQD,E,
13374,B01MG3KCSA,S,
6448,B084TJDDL1,E,
81065,B07J1XMY8Z,C,13
129,B07D94JHX8,E,
70418,B06Y48GSBN,C,1
112033,B07JZLY26V,S,
112686,B079HWW5FX,S,
12754,B086TYFWQV,C,17
80241,B07M62S4BL,E,
12773,B000BQWWAE,E,
7041,B077P6J8CY,I,2
103947,B007Y4JQB4,E,
31878,B0033MLAGK,I,5
94717,B00Q50CRZA,S,
76356,B08DKQZDC3,E,
92781,B085ZH5VGR,E,
96277,B07L6PF3BY,I,4
111931,B0774XBXN6,E,
104079,1648766773,S,
1175,B091MWR25Y,C,10
38377,B0798C5931,S,
107547,B001G4ZE8M,E,
1396,B071NJKQGB,S,
22686,B01HLGU5YG,C,4
85386,B07RLR3TF6,C,5
71550,B014QUP0FE,E,
108946,B005D0DTS2,S,
36562,B07GBH51DG,S,
25637,B06XG2S2NM,I,2
542,B07T84186H,I,5
1550,B08CDRGQJG,S,
109264,B093WJ7RWW,C,5
115921,B00NI1EGMG,I,1
15514,B007HDLYDU,C,5
3144,B002WKFA0G,I,6
73097,B079252XMK,I,5
35634,B076CHG7D1,S,
59095,B00725QKSW,I,2
12343,B008D4TM0Y,C,2
113493,B086LQ18QX,E,
12815,B0811NP2J5,C,15
10024,B07R7BD9GW,E,
29866,B013IL1G3C,I,1
12167,B081H3L6XS,E,
91525,B07GT92SGR,E,
8194,B01E7KBXWC,S,
37929,0449813223,E,
65940,B07JHSLYDG,S,
99734,B00FLCGWTA,C,4
41583,B000G187FS,C,7
6188,B07V4W3WRN,E,
62822,B01719NMDO,I,5
34999,B077XMN4YC,S,
55751,B07H94WH72,I,3
102998,B00URNGC4S,I,4
68183,B07L6Q5Z64,I,2
105965,B0829LW144,S,
6156,B087P26XKP,S,
115813,B00VAHKXX6,E,
19520,B07XQ6FJH3,C,4
45028,B07QK8VZDY,E,
40724,B0015CK9ZI,C,2
64905,B0791MGF8K,C,1
88809,B002MUAMF4,I,6
6595,B06XX7S1DZ,I,2
90029,B07FKL4SB8,E,
96367,B000GGSM9Y,I,6
22779,B000IEAWN8,S,
81284,B07HY21ZQD,I,5
23659,B07Z75VPMM,E,
42267,B07HCDYN9N,E,
50741,0743276396,S,
16686,B00KE237PO,S,
90848,B000WCVZZK,S,
111159,B07RRYX7DM,S,
898,B00GHXT49W,I,1
101028,B07XYGHF2V,S,
44764,B082DWNRZ2,E,
36015,B0067NJ9JM,S,
6,B07G7F6JZ6,I,6
27620,B07CDP4JD7,C,8
55483,B0029LH35S,E,
69345,B016NRIVKO,E,
44079,B0002ILHX4,I,1
36768,B07QC8JQT4,C,2
11965,B072FHKM3S,E,
50964,B01MQKFHEC,E,
31290,B07QNGRBGS,E,
36241,B07SYJY7X9,C,11
69658,B00BF6251K,E,
2816,B089VHZRHL,E,
26984,B001EGMZ5C,S,
7214,B01LZRMINK,C,7
33096,B07H84XY5J,S,
101128,B07M9Z79C9,S,
32597,B08XQKMNZF,E,
37305,B09B21VQ8J,C,9
11247,B08RYQXZC3,E,
105852,B07JBK9MLW,C,2
110788,0448464624,E,
74392,B00Q3BMYRC,C,11
53738,B07FB2L5MK,S,
93619,B079H9N1LC,E,
101102,B0879Y7PBR,C,8
110030,B00DX5IZOM,S,
42230,B07GMB86G7,S,
101826,B010RA65UG,E,
56984,B06XPG6KL6,E,
542,B088HJSL6S,I,2
101875,B004T44WI4,E,
112015,B07K74TCF8,E,
89233,B095SHJWM8,I,5
7033,B074BRPCN5,S,
7534,B07RDLBHGC,E,
39042,B06XRCBSL3,C,7
103082,B01AKT6F0E,E,
95372,B07BVKCP3C,E,
92905,B07KWGF19S,I,1
6078,3659436917,E,
51286,B008P8B184,C,11
1249,B092VDT81N,S,
3093,B07TSC57DF,E,
102508,0307236994,S,
97208,B07CSLQJVY,E,
99410,B0752YCH99,I,3
1567,B06Y48N3YT,I,2
103163,B00113YHXG,E,
55506,B01DDBJF12,S,
82942,B076Z2VZQY,I,1
72373,B00B95J47K,S,
47028,B084GCM4LX,C,7
114986,B01FJ8FGGK,I,3
105014,B097315WS6,E,
10902,B07PS1HWSC,E,
31972,B099RYKX7H,E,
20972,B07BQZHGC1,S,
13674,B07L12LVRR,C,11
70626,B094PJ1ZSY,C,4
41324,B0861MG9XX,C,1
69723,B00002N5ZZ,C,1
109300,B08N4GQYXQ,E,
96058,B01EZN7KS2,C,2
66161,B08LZ8NMNJ,E,
107888,B001T35WPU,C,16
60945,B07B9TP6XL,E,
114388,B07MN215LT,I,7
20396,B08GHCK5Q9,I,5
47902,B003YCCJZ0,S,
67029,B0037UP9MY,I,4
29549,B07KKNZ88F,C,8
72065,B07HG345DR,E,
75905,B00N4O0Q9E,S,
20450,B00005213Y,C,1
1482,B08YR3DQXF,S,
181,1975312546,C,6
54844,B07ZWJPL5R,I,2
96167,B07P7Y3D6G,E,
52231,B07937J9BG,C,10
78108,B08398NSG8,S,
63609,B0751YPFCX,S,
110477,B086PDKLX5,I,4
26151,B0008GGF9Q,I,5
30960,B008WNVJNO,I,2
100090,B009O02ZFK,C,9
54849,B077YBJHX5,S,
82629,B00AM3UR1C,I,2
98164,B07H27PPHT,C,1
86463,B07MW32J99,C,14
56109,B002N88YTG,S,
39122,B07Q581ZFP,C,11
35546,B095NYN5KM,S,
37136,B07GL9W1VQ,C,9
110405,B07K4XL5T8,C,11
3495,B08QYS8VVJ,C,2
10989,B08L8XSWTM,I,6
84246,B07FHDSZV3,S,
87779,B01LZMOU7N,C,11
98685,1630945315,S,
61422,B0082ESFA8,C,4
51067,B011L3DWLI,C,11
75575,1622039076,S,
27835,B003H03SDQ,C,14
3701,B07PTRZSHB,S,
102720,B01LZFXBUN,E,
51349,B07ZWSB9WJ,E,
83392,1725995670,C,1
63307,B0753223KN,I,3
45522,B07KXF641J,E,
43012,B073CMFKYL,C,11
56125,B00UHFBKK2,I,2
40938,B06Y2H2GTR,E,
52164,B077NQFGBS,I,2
60804,B01MR9RR71,S,
75730,B07R2F57V6,C,6
73337,B00MZ0MND0,E,
110677,B08M7X993P,C,7
34132,B07KR1X3W7,E,
109162,B071HFGVQG,I,5
73588,B003KFY422,I,5
54796,B07F1KP5PN,C,1
13388,B00GOEZRQS,S,
43891,B01M2D02HC,S,
36774,B01M0AAQ6A,S,
111807,B005TE39JG,C,9
42217,B07C9SKV4N,E,
83416,B087G912V4,C,6
66187,B07HGG3DD1,E,
11926,B074CST91T,C,2
35131,B08GFGHM1M,C,12
32559,B07PG38S4Q,I,6
115253,B00JVWRLD2,S,
87954,B07PPD2Y5C,S,
42034,B077BXG1HD,S,
7908,B082X1HRV5,E,
114342,B07J2CT9D3,C,7
107888,B001CK2AL4,C,14
13312,B07D7STHL9,S,
72810,B07MDJDWBR,S,
90161,B07GQNVKZG,S,
12733,B003HPL9TG,I,2
58353,B07NR8Y5KG,E,
38162,B07FLS9NJZ,E,
15119,B00MXH9JRS,I,3
15263,B0859LRYZ2,C,6
110518,B07KWD18RF,I,2
14328,B07WFCVPLJ,C,11
105326,B07SR5H6B5,I,8
39610,B07NRCQTGT,C,11
68538,B08LJF1HB9,I,4
87770,B07WML1QM4,S,
73894,B07MP3718L,C,3
1055,B000JQNSUY,I,8
20483,B07X97CH51,S,
61742,B084NZKL9M,I,4
49589,B07JMMCH32,S,
66027,B082P9NW5W,I,3
87805,B00JM6W5RE,I,6
74111,B07D7RJ28L,I,3
753,B00CTW2LYA,I,1
58012,B08912Q855,S,
2709,B01B8AL5OA,E,
67367,B07RPTJLSH,S,
11921,B084DYCWMM,C,1
53059,B013AX6BRO,S,
74843,B0921R5Q5N,S,
95240,B09CF38TKZ,I,6
101123,B007XE8C74,S,
114795,B076WVNC1Z,C,12
8423,B002JVNSKC,C,3
96908,B01B3KTHEK,C,2
1294,B00H4T6JFK,I,2
58256,B086YH42QP,S,
66614,B0147Q97RY,E,
62563,B01A0EMX6O,E,
80142,B0873Y5TKT,S,
5890,B07RL93F7T,E,
83600,B00C1E1AXO,C,6
93208,1982164565,I,7
19476,B07WLPFRP7,C,5
114912,B07937F2G1,C,9
2474,B0012ZE8QY,E,
162,B07J6NQ1KN,E,
37305,B09B3SLF5C,C,13
66397,B0077S1MFA,S,
1108,B01N6ZJH96,E,
14940,B07TFBDFTS,C,15
29690,B017OW2VH6,S,
46909,B015F34VNS,C,10
92992,B094V5VPJ9,E,
13223,B003LD4WWA,I,4
62437,B092TN5523,I,4
65457,B0825RHM78,E,
111521,B07Q1H9KCP,S,
646,B08G7Y4GTP,I,5
83338,B07H7S3QNX,I,3
7297,B002CHXID0,I,5
102142,B07Y5L3T83,S,
95205,B08BZ9RFRP,C,8
60750,B07F2M8DWF,E,
58526,B00ROX6VRW,E,
47028,B009OVS4QI,C,3
103800,B004V3PS72,E,
6006,B083BFPTJV,C,5
7676,B07G3YBC31,C,9
37776,B07VHCR4RD,E,
3942,B07NZ1WW7D,S,
76588,B084LJZVH7,S,
109154,B00H56U8D6,E,
33762,1507214510,I,4
76009,B00H8BQ6DY,I,6
68108,B00HM9V9DE,I,2
53839,B07KSQH45K,S,
62576,B07K7MXW7B,E,
1307,B08J2P8388,I,4
57559,B074JK8657,C,1
93620,B07MJM6Q2B,I,1
60762,B078JXT3QK,S,
22784,B073R68TSH,S,
109636,B00Y084NXI,I,4
22757,B00BZO4KAQ,S,
109652,B07663XGXR,C,4
26398,B07HRC8MP5,I,4
113940,1587434512,S,
27187,B078G9X34H,C,4
101378,B07K2HG221,S,
104093,B08QYMTRND,S,
91047,B07BLVMDPC,E,
114977,B071NZXNF1,C,2
61334,B083T99JQ5,E,
96550,B06VTTRC1N,I,4
39801,B00OBKY38K,I,1
114975,B00PLY7D7I,I,5
92028,0692329307,I,6
83798,B01BVKKVXI,I,1
95272,B06X6FH37P,S,
1175,B091CKH6FJ,I,4
84998,B07STYPT99,I,6
91595,1726639266,I,3
94067,B00OQX3ZDQ,E,
102636,B00IV35VAM,S,
15538,B01LW2DZ5A,E,
102384,0393353206,I,6
56829,B081YDT9TM,S,
2759,B07CTL3TG6,E,
68974,B00IJ7J06Q,S,
63791,B00DJ7FH9K,I,3
15212,B078MZNYZ8,C,1
76779,B07W52GW93,I,1
71791,B078GX9R5W,S,
43638,B078XCG8LW,I,4
103115,B004AK3SMI,E,
71718,B00DDORVR0,I,3
40370,B073PP5KDB,I,2
82961,B01MG9BYJL,C,13
41350,B088ZM5V6Z,C,11
29672,B00PC6NO5K,I,2
9891,B07P8WYP3Q,S,
56865,B00L2TDZ14,S,
1214,B003JHTCKU,S,
83722,B01MSUO85Q,I,3
39890,B001B6NV80,C,1
70978,B098TVYXPC,S,
21868,B06ZZ6H6DL,C,1
47845,B073RRLP4F,I,7
108910,0944094201,I,1
63219,B07DVQCWJ3,C,9
449,B07PMG241V,I,1
114693,B001PUZ1FS,C,1
17977,B07WZWQW4F,E,
57559,B003550RHI,I,7
5305,B0797PR84T,E,
4397,B085RV64ZV,S,
112134,B07DMDZ888,E,
746,B07BMYXYP9,S,
24391,B06XH6CZZW,C,3
5203,B007RKKEHA,S,
57901,B07Y546KVM,E,
76864,B07BJZN2PC,E,
85221,B0087TBLJU,I,5
112497,B07W5WSX9F,I,3
62255,B082J7B4SW,C,8
45682,B07DZ1RDWT,E,
13417,B07QY341LV,I,3
51796,B084BVB27P,C,12
25034,B00JKC4GYK,I,2
24418,B00SNPCSUY,I,5
104599,B01MTS0VWX,I,4
47625,B083JPM264,E,
20938,B07MSCZPB2,S,
34802,B01AFEIVY2,C,3
44100,B076HSL6YQ,I,1
59782,B078T6NN1V,I,7
79292,0241415306,C,1
75027,B07PHQH7SV,C,4
47589,B009GHNJVK,C,16
57763,B085CKPQ8C,S,
54306,B01K6PAZ1M,E,
23442,B00FFBSVPK,S,
32813,B00AEVZI84,C,1
47143,B002JH4GMK,C,10
80145,B071G2RSZF,E,
63865,B085R8GJBN,E,
45197,B071GJBTCN,E,
44720,B082SKJR9T,I,2
102188,B08K3S6WJM,C,7
98582,B07H2ZX98D,E,
13324,B08K96QFHT,S,
101786,B08WZFPPPV,I,6
87705,B08D6ZJPDM,C,1
2979,B013OZ5NN6,E,
43633,B07HDZ7TVR,E,
36749,1070988685,C,5
22828,B009VLKQ1W,C,9
23078,1609581830,I,2
88754,B07BQJPQK2,I,1
61601,B00N9B1C0E,I,5
56091,B008NJRJD6,I,5
44323,B01II6FK16,I,2
84825,B07QDLCRVF,E,
80959,B09259PQKJ,E,
4466,B071NZ5KF3,S,
36241,B07J6TNS7Y,C,13
109830,B01N2A2Y27,E,
33464,B07YJW6MVF,C,6
42363,B000LNWUIG,I,6
53100,B0762Q56PH,C,3
103568,B07QRXHPL2,C,10
82694,B082VZ1ZPF,S,
74154,B09J1STNGR,I,6
69892,B01MR06L0N,E,
91654,B09B218PBW,S,
31188,B07X25NLHN,I,1
32600,B075ZX9F9Y,E,
338,B006L89CUO,C,16
83591,B000CEMWHI,E,
94817,B0851D7Y5Z,S,
54805,B07H9X8GFC,C,3
12850,B079VP8JLS,S,
66430,B08HD45KTB,C,7
76314,B07HMMNQRW,S,
68970,B01JH0WUYC,E,
30890,B07GZHXBPJ,E,
34026,B07DF7WSY8,E,
19760,B07BRKSJ1J,C,3
107468,B0817BZL1R,I,4
61422,B002UNMSV4,C,5
82054,B07S169GGZ,I,4
13733,B07ZLX51XY,E,
50540,B07LF7GVGY,S,
9994,B00HBYV2DC,E,
109022,B01M11242U,E,
50,B00Y1NQW2M,I,2
19526,B07DHFJC69,C,3
105667,B0768S3TLC,S,
29638,B015X55SS0,C,1
157,B07P7KDMHZ,S,
88154,B07YS1BF9S,C,9
104127,B0956GS6YY,S,
73705,B0813XNKN2,I,4
85927,B0713PGMHP,S,
20249,B000NG889Q,I,7
74317,B07Z6HWZX4,S,
62241,B0797VN7K2,I,4
69304,B001I912SQ,S,
52259,B07L44GNSC,S,
111329,B074JZL3MB,S,
34651,0762447699,I,1
53000,B0055QNN5S,E,
98301,B075J8TK15,E,
42631,B01M9IDPRH,C,10
59457,B07MG4DN5W,E,
799,B072BXNT2K,I,6
70569,B07C3T51SD,E,
3715,B07CKBFZ48,E,
58536,B07CG54DNQ,S,
86034,B075CMT3M5,C,2
45529,B07BS1DY4W,E,
53677,B078KQ19L2,C,7
86489,B00IKJ090E,I,2
75706,B07Z48DB2H,C,3
88475,1611450535,S,
13082,B01N7ZEQCT,I,1
50155,B074SWFYKR,C,14
81866,B00TPZROJ6,C,15
86425,B076BYHBBZ,S,
33870,B002XJOKNY,C,9
109106,B071P9S632,I,3
70081,B07M9VRJ9S,E,
62728,B01M109MZJ,C,5
81675,B07FMXBXQB,C,12
7071,B000C3B8VA,I,2
45197,B07GD3759Z,E,
8017,1499805586,C,3
98685,0310105838,S,
30695,B078RZJN7N,E,
55876,0385531869,I,4
46578,B075G27GB6,E,
67330,B071GZ8GXK,E,
52778,B06XC77G58,I,3
114303,B087CVRXFC,C,7
58934,B088X2B4YN,I,6
71746,B07PZ6X3RV,S,
50485,B07SC8HJMC,E,
24418,B00365DABC,I,1
14128,B005OTUNNG,S,
22784,B07X2WGT72,S,
47310,B07XG6YXDX,S,
19506,B07ZBDLGJG,C,1
29435,0521604974,S,
6010,B097F7C6P3,S,
19897,B07STVVZG8,I,1
56020,B07YTM1SCB,S,
85059,B07Q8WCL95,I,1
26,B00M3GFG76,S,
71859,B07WH1YW8F,S,
28156,B0195C5EIG,I,1
53005,B076WFT5WD,S,
48012,B00111N6RG,C,2
72165,B06XC794TJ,S,
56033,B07KFS7MZ2,C,4
109596,B012K3O8EI,C,3
87161,B0771R5L28,I,6
74690,B07TXDHJKR,S,
38676,B074XK7YWT,I,7
87629,B07YDG1LKS,I,2
26402,B01G5FYOVO,E,
20348,B07JGRGPGS,S,
59811,B001AMTA58,E,
108169,B07VWS89SB,I,2
43533,B07KKVSTTY,S,
70136,B01L457G7O,S,
31972,B003KJ4SC4,I,1
47016,B002VLZ2P4,C,5
114567,B073DWP91X,E,
74488,B07539DSV3,E,
94527,B07GBH4359,C,14
49624,B0811KJ7C3,E,
16609,B07FMPH6ML,I,2
28620,B07VBGZ5ZX,C,3
1653,B08G13YTJ1,I,1
19857,B0178HOX5A,S,
27143,B07PFY54TV,I,5
18931,B0100R3MVQ,E,
8029,B08LQQKMG6,S,
332,B08MWDVWQ2,S,
106305,B006OT6XRK,E,
47854,B018427L5C,S,
40816,B07HQZ2PTD,E,
73952,B08C4P3WN1,C,3
103965,B086WVD592,I,7
96533,B00XA0DP86,S,
59095,B003DDRL0I,I,3
108011,B000E95O1M,C,9
19179,B072N9VLCL,E,
102188,B08TVX3DVN,I,2
81675,B07JNFNGHW,E,
86229,B06Y64DNKW,C,16
75118,B07MFXHYFK,E,
56748,1398802476,C,1
54063,B085WJ7Q19,I,3
1390,B00BTNGDN0,I,1
51527,B089XZLMTB,E,
13840,B00E1B7MBY,C,6
99965,1594392854,I,7
104467,B07G9LQFJ8,S,
49145,B07QD5527X,S,
41060,073534941X,E,
2022,B01DXQWU3C,I,4
67017,B07GJT8D5N,I,4
72009,B07PSBCFS9,S,
99648,B004K41DMQ,I,7
73131,B01NCABN25,S,
81874,B084S748F9,C,10
69901,1133190111,I,2
34585,B0916TSKV8,E,
113166,B079PBFKPG,E,
57653,B06VTR7YRH,S,
98939,1565071131,I,4
94739,B01IGP2X50,I,6
95335,B077H7P5NN,C,1
9732,B01KF0FJX2,E,
30680,B00014W8ZK,C,7
35825,B002Y04YKG,S,
13039,B01MXDSBU0,I,1
112569,B003NX8DBE,S,
96610,B06VVS5NNX,I,1
89310,B08YJHKXP3,C,11
31432,B07WG1DN9R,E,
27836,B07JG8ZYWF,C,8
88543,B01M2X20PI,S,
5426,B06XV8T6JT,S,
87805,B0845SJB9C,S,
32381,B00EM6DPGY,C,1
73705,B07LBYL6XH,S,
2075,B07K8SQR7S,I,6
25671,B00A6SOJ3A,E,
73950,B09J1CM1VY,E,
90293,B07W6RFC7Y,I,2
7019,B00V9WPXPU,I,7
70866,B079LS3T4T,E,
83872,B004RMK57U,I,3
17596,B082D9YK8W,C,7
22085,B07953YLL2,I,2
21568,B005JERP5A,E,
3823,B07YJMK2L8,E,
80139,B07VD81J2J,S,
43542,B011LCW1RA,S,
23680,B072MHKKL6,S,
65949,B08C2PVL4D,S,
93645,B00ID3RM5C,C,1
3308,B07KT11X8T,S,
65169,B08KXS9B66,I,6
30356,B07B3CDZGB,C,1
52501,B075X2JJNT,S,
16139,B01GVFKLH4,E,
47569,B07DM41CBC,E,
54137,B07H6RW5W1,E,
55073,B07Y5FPSFR,C,1
69593,1529105633,E,
14359,B07VQ9YLHS,S,
111264,B07SQRWXG4,C,17
95214,B07QZPNP2J,S,
52511,1534438254,S,
76173,B0822PTC66,C,3
113739,B07NHFSN7S,C,9
53736,B005HG9ESG,I,2
52782,B075TKSLWG,S,
101875,B07VCNGQGW,E,
56953,B07Z8GVYDX,I,1
99338,B00004TMVG,C,12
55483,B00Q8JMDCA,C,1
66619,B00X04XS0M,S,
85914,B01LYCHX1I,E,
99065,B074MBG4CQ,E,
113238,B00AZORUFO,E,
48758,B015ZK6VA2,E,
51673,B07MH3TLMC,E,
57287,B00TUC4O9C,I,4
49808,B00D5DW1CE,E,
64693,B087NC9115,E,
38813,B091D5VNZL,I,2
61119,146965167X,E,
59230,B013NABU1Q,S,
27187,B079V14Y22,C,10
31905,B000KN470Q,S,
91047,B07W3LLS6M,C,11
14592,B001BPY7V6,C,9
56821,B0795W86N3,S,
65949,B0841T8WKC,S,
88995,B00W5V3A4K,E,
109023,B00579S6PA,C,3
79680,B07V6ZKZXM,S,
7317,B01MDMHRXG,C,9
11041,B076XG8MWL,I,3
27425,B002LAREDS,E,
50717,B01IJ9PNHI,E,
48858,B08DG84QN2,C,3
15372,B00W4E1TKU,E,
58892,B073S6S2S1,E,
20006,B087PBSF55,S,
82751,B078XH8R44,E,
44062,B0742DCLDH,S,
75242,B01MXGP5DM,S,
83202,B082VMBLK3,S,
65778,B07YN7NGZ8,S,
31589,B07PRF4PYY,E,
5504,B01M0A3BKH,S,
112912,B08R5CWJXR,S,
30866,B01M1YVW0R,S,
38485,B07CL1HW3Y,E,
98857,B011086H8E,E,
70763,B07TZTR8GF,E,
9021,B06XKMPBFP,C,7
80782,B00DPER1J6,E,
83872,B017V6YVDC,I,2
43792,B07T6JPJ7D,S,
87910,B076TTQS4W,E,
7056,B003NW03W2,I,5
96969,B07V5M9756,S,
93,B07FMVKJRG,E,
18006,B073SXJC6Z,S,
5470,0545449367,E,
102139,1975796276,C,2
79738,B06Y4467K4,E,
40097,B07PYYBYN7,C,10
42631,0780631234,C,8
109044,B076G66S9T,C,1
14193,B07B54CC4L,S,
64211,B00WSWF7YC,I,4
3717,B01EOX2I26,E,
55226,B000CQBIAI,I,5
63296,B07D5S54C6,S,
48012,B07NGYTBWT,C,3
57179,B00829HLAS,S,
63297,B010W3O8R0,C,15
52120,B07L7PRX8Z,I,7
87028,B07L498PZR,C,11
88731,B07KGMQ7K3,E,
68270,B07P91CKMF,E,
12328,B08PD3FP6N,C,3
1487,B00Z7MQBA4,C,9
2474,B004EFVZJM,S,
74553,B08DM1X8J2,E,
102835,B00IPDWIDG,C,2
34036,B087QGWK6N,C,17
26,B06VSJ9LZ6,S,
55047,B07QN3CSSW,E,
35375,B07FDT88R5,E,
78166,B07C681L2W,I,1
63006,B000FG4C6W,S,
86128,B07T1DHSWJ,E,
110506,B097QT5PCH,S,
108175,B08P3XP6GJ,C,14
102,B00LV6VDG2,S,
99632,B00068UATM,E,
1621,B07N8DX5ZK,I,5
101387,8466221247,I,4
113482,B07NPYB1VG,E,
104119,B07GXVKJ8L,E,
51100,B07KCT87DW,C,4
103704,B078MZ15VH,I,6
12837,B08KJJWJZ2,S,
112479,B08HYMCBSD,E,
499,B07N6QGK9L,C,1
64148,B07SG74YCK,S,
82938,B0824Q3WY8,I,2
11039,B00NB5WFUE,C,6
52509,B08XY57TYT,I,2
82816,B07S7PRVXX,S,
30726,B08R8SP6L1,C,11
8867,B07929NDHS,I,2
50322,B074TSGTY2,E,
18976,B087JS8YQM,E,
97117,B07VK7M964,S,
37751,B0093X43VM,S,
104828,B003X009KK,S,
25423,B005KUOOXO,I,4
61796,B0799951NY,I,5
89843,B08R7XCHGF,I,2
36491,B07JQ5FQ76,C,1
52054,B06XPQT2SV,C,2
984,B00IR8H55A,I,6
115301,B0012RXAF2,I,1
110745,B00171K6AU,C,7
60496,B08V16JTL9,E,
360,B08ZHY7H4M,I,2
96472,B07V3Q28YC,I,2
3271,B08R82TCXB,C,4
47458,B07V3HKPGJ,E,
83586,B07H2HV36B,C,10
109340,B000FJ4AMA,C,12
13286,B07HF36TC1,E,
53363,B01MXKCYJX,S,
62411,B077BFM2W5,E,
109376,B07ZVQ6QDV,E,
75529,B003FLV262,S,
1187,B00NU9I2I0,I,2
39677,B095VVQGGJ,S,
55891,B07CX2MQ8P,I,6
15805,B004RAG9LS,C,3
34250,0701157534,I,1
64370,B07V6Z8BSF,E,
24750,B00U0JIOLI,E,
693,B086RCB58F,E,
7668,B01C95I8N4,S,
34890,B07G5MQ71G,C,5
97945,B08MPS1WRT,E,
14375,B07DW58SKG,I,7
32055,B08SLXLJWF,E,
48112,B07Q17Q2K2,I,1
25006,B001K2JE9K,E,
2757,B00268WS72,S,
102213,B00VANT1DI,C,6
47684,B07K9FDMRF,C,1
22152,B07TXN22MF,C,14
18191,B00004YOBF,S,
49238,B078L3BMNR,I,5
107899,B07DFPT3Q3,I,6
963,B08SQGZZMJ,S,
98560,B019J7BB3Y,S,
93779,B088RM4W48,S,
35712,1795578076,C,1
76173,B097XPLCWV,C,8
16261,B009V5C58U,C,1
91364,B019I74IQM,I,1
109111,B00K0JFZQK,I,7
78180,B01EGW9EMW,I,2
109146,B07RWW36RY,I,4
39890,B001B6PR9G,C,2
1055,B001DEQS08,E,
50,753548672X,I,1
54164,B07FXL6C3Z,S,
54423,B07ZV2D4H6,C,10
44879,B01B4ZRIGS,E,
96845,B07FFRJQ8S,I,3
76722,B0799C8YRK,E,
1256,B07CPWVL6P,I,5
92274,B077T632Z7,S,
1130,B08DN6R727,E,
90778,B00Q62P6MI,C,15
678,B01C5JN8KM,I,4
79521,B07WZGLHKG,E,
63752,B07Z83WSCT,C,3
53637,B07QG5HSTT,E,
42162,B001F90JBK,I,2
35499,B07VZXC498,S,
49566,B07JKBVGFS,E,
4997,B07WNSR53F,C,16
53246,B089KDT7CJ,C,10
64209,B07H3QC99M,S,
1582,B07BBWNHG9,S,
94017,B07CM32KLM,S,
59801,B07BY88V1Q,E,
66881,B09B9TFH85,E,
1187,B07TCCQG1W,C,7
4309,B078Q3XC84,E,
34418,B07V4P5W3K,E,
8188,B001ANEBSS,S,
2685,B07F1KGWSN,S,
58125,B000O77NPO,I,3
86592,B07QD5H95P,I,1
1076,B0001LO5EK,S,
48542,B01ENYKRIS,E,
35742,B010A5J4W4,C,1
29462,B0859V5ZN3,E,
105191,B09D8LBBQF,E,
50183,B07W5RXMQM,C,4
97595,B071GPFWWC,E,
53158,B07FK846MP,E,
1195,B07JVGXL8W,S,
83239,B00TOZ6LMS,C,5
15538,B015M3Y0JG,S,
57470,B016O1L32C,C,11
112370,B07K82XKRB,S,
5778,B07SLKFQY5,I,1
62402,B07KP4T3MS,E,
107068,B0039PMRF4,C,1
83051,B005T3GQ0G,E,
22229,B08SJ6FNX3,I,3
44863,B00NWFKHOE,C,8
889,B07PLSKSPW,I,4
71437,B07W4XN8TW,E,
115135,B01N06KHTK,I,1
61000,B07X8Z2819,C,3
97804,B078MKYN9W,S,
46809,B083LP6PXP,S,
83584,B0018EUDHW,S,
37353,B00H4F5WFC,I,1
70671,B01LR22S5Y,E,
24401,B093L9BXY9,C,12
71118,B07T1MMK7Q,C,11
77988,B003LJW68G,S,
27228,B07JK8R5XL,C,3
1001,B07PJ68P6D,S,
13417,B01JASLWGS,E,
26536,B00KV2S5UO,C,11
62922,B07JFS4H7K,I,3
82353,B01GPMH590,S,
32594,B076FFKP8C,E,
761,B087WP4GLQ,I,3
33895,B01NAPJOL8,E,
8093,1329604334,I,2
30195,B07MPVQJGN,S,
44301,B07M8JMRK4,S,
27082,B0178QOM6G,I,3
51067,B007ZJ17TC,C,8
77114,B07HFD9KRH,E,
16805,B06XCCMPJ3,S,
21197,B094RBWLV8,C,9
46390,B084JDRZ22,S,
27321,B000VK2T0I,S,
40,B07FP14CMH,S,
66794,B07KP6247H,I,1
67442,B01LQI90DM,E,
49064,B07YDHRTBZ,E,
45827,B07YD43H2D,S,
102805,B083GDX662,S,
35131,B0073MYFCC,E,
84280,B0001CTZ8K,C,1
13180,B000W2FE8O,I,2
55583,B07G3FG231,C,12
62176,B00Z7RPGSC,C,1
6006,B07Z6CKM6H,C,10
103545,B07F63RX8N,S,
1462,B08SJGL3PG,S,
16686,B07F88LNC2,E,
106714,B001TZEIBM,C,7
60325,B0039ZYX60,C,15
7223,B001M9KYRM,E,
97159,B002PUV5CA,I,3
5674,B07H2B9QS7,S,
48652,B097MQDDQP,C,12
57117,B00D157CRA,C,1
61422,B07SCW8VKR,E,
47318,B06XT23RLQ,E,
66252,B00HTJP4FG,E,
798,B07JVJRNSY,S,
112842,B00KS6WULS,E,
45676,B005AQBTVS,E,
33103,B002XFI84A,E,
75904,B019MEPPIG,C,16
17703,B06ZZ6NPPZ,I,7
55541,B07GDG37YZ,I,7
80227,B07DHYCQZ1,E,
10867,B087YVMZ5K,C,2
93845,B07KBVLMJZ,E,
49400,B077KGSHVD,C,11
69140,B001PSGRKI,C,10
12165,B07P1QYNV6,I,2
75869,B000MLL6RS,I,4
72749,B00DY8IAH0,I,1
109130,B07CF792HW,C,2
83415,B003H2AZJE,E,
17222,B07WFGBGWP,E,
81866,B01DOIYEJ2,I,5
100124,B07WSYCYLP,I,1
82826,B09222Y5DR,I,1
80608,B07HR7LNC7,I,3
57243,B01GR3N0KA,E,
99740,B06XQWS1H4,S,
103766,B00SJGI12G,S,
28362,B089LPFWRN,C,2
88639,B07PFHK2CQ,C,16
56401,B08M9JTH7Y,I,6
3729,B07GC9BM8L,I,1
84432,B005DSH8N6,E,
56033,B00MH5CFEU,C,3
3807,B07K3MDVT8,S,
93087,B081N8YYZF,I,2
19898,B07W213RRZ,C,7
45887,B0002IQD60,I,3
60496,B096FR37G6,C,16
45343,B077YJM4H5,S,
59080,B011M8UFYE,C,4
99926,B07Z9WT7PK,C,10
37365,B07RWM9818,C,9
52788,B00TG24BF8,E,
65016,B001F0H10G,E,
82690,B07TW86LR8,E,
83990,B08FC6QLKN,C,11
18931,B082NZ15YB,E,
87259,B002WC8178,E,
906,B001K4OPY2,E,
48182,B07DNKCJCK,E,
10305,B07DN86HXG,C,2
67547,B07932QR7K,E,
20295,B07SYY2LVR,C,7
4976,B082LZDMJ1,E,
77354,B07GJCLYRL,C,3
112330,B07LFC7VDC,E,
107873,B013QR82DA,S,
59782,B07PXLHZNQ,S,
41143,B08V56N1ZG,S,
45999,B079WWFZY6,S,
72155,B00NMFPX7U,E,
90217,B07V5CXHVP,E,
92225,B07WTR491J,I,3
40454,B0811L52JS,I,7
52234,B07NSN4JY5,C,12
30175,B07HYWW9KW,E,
5173,B073VQ1ST9,E,
31184,B01MRLC4VQ,E,
55371,B0798XX8MD,C,1
52034,B00JP6HQBG,E,
41298,B085D56T4J,I,1
109094,B00I4XMEYA,E,
113873,B00YQ6UKE0,S,
52712,0739056298,I,4
80960,B07D2X5ZYN,E,
106724,B07NFNKBG4,E,
70273,B08Q8DSV9X,I,5
69169,B07FKXHVH5,S,
97219,B07YCJHV84,S,
73769,B01MRVRP7A,I,1
31854,B01JGQVQBU,C,3
29734,B07RS4X1MG,C,1
26836,B07MHKZ2Y3,I,2
42460,B08282Z42L,I,5
18699,B087QTXTRQ,I,1
100744,B07NGQTTQV,C,6
45691,B07V4CW559,I,5
56817,B0797N3F9T,S,
89446,B085NRTC8T,I,3
95025,B07G2C2YNP,E,
71041,161902456X,C,10
17164,B07M6CJM3N,S,
31742,B0815QVXG6,E,
104389,B00HG7AYJM,C,15
7401,B00JMHFPFW,E,
76155,B07LDZCPH1,C,2
60185,B017EA6VJW,S,
113792,B07QMWH567,E,
27187,B0063R4N4S,S,
609,B088FRL3SK,I,4
30406,B0711NFHF1,C,6
88352,1426308469,S,
23756,B01JEAANSK,C,4
73283,B01DRVYNK6,E,
81893,B0085YRWZ4,E,
9035,B07HVXW6JY,C,1
9021,B008QPT1GK,E,
97597,B089QZ7XL3,E,
332,B08R6GQK8H,E,
66153,B08LYJ1Q2R,C,2
14496,B09339KL1H,S,
81659,B072FG8LBV,S,
82629,B097HPXHTK,E,
78367,B084D7MWXK,I,2
54236,B07BW9G8FG,S,
65006,B011QOJDCO,I,3
11037,B0033YS6UQ,C,6
1313,B002KTRCAA,I,2
34400,B07HBYGJCT,E,
55356,B01FV60UO8,C,1
96166,B00I8BICB2,I,2
73577,B07KD8XVY7,I,3
49659,B088FG57HS,C,7
87756,B07ZPMCW64,S,
52813,1939509262,E,
101067,B00Z9BMY36,I,4
30024,B07MYJPDMQ,S,
84923,B07FRL6SZB,E,
1694,B088MF1TTF,E,
74392,B08545MFWX,I,5
79374,B074WHZ8QJ,C,8
90342,B00D8LHL7I,C,3
82362,B07FZ8G48F,S,
46009,B08L4X6KM5,S,
109327,B010MM7C06,I,5
82190,B010RBF2C2,E,
81475,B07QWBCJ5Q,E,
46938,B003I86PJ6,S,
84497,B07CX9STN3,S,
39158,B08BJW3669,E,
86989,B01AOC1I36,I,5
95233,0990724212,I,5
111369,B00SMLU8RO,E,
9899,B0863878M8,E,
104419,B00ADKUPQ6,C,4
66258,1426332858,I,5
59360,B071PCMN4J,E,
41060,B084TQSFK4,S,
111546,1424557593,I,2
95602,B0012QYCFK,I,2
105601,0762470372,C,1
93042,B01M1AZWFV,I,1
104576,B06WRRKDV2,C,6
1481,B01HRFTOPC,S,
114725,B00514BKVS,C,3
34510,B07T74TZJP,E,
56526,B077SLP89L,C,16
103541,B07H8W3554,S,
73556,B07NH3YGGR,E,
60213,B00V6HBSL6,E,
948,B08PQLMBFZ,E,
62990,B000GCHOEW,S,
32137,B07B8V9KHZ,S,
42596,B001SB0A1E,E,
30308,B075K3CBXL,E,
12837,B01LYV6MJB,I,7
55881,B08X12LMSK,I,4
37857,B008DJ5CBW,C,1
76407,B01MZG9SON,C,1
67314,B07Q7GNBHG,S,
35946,B01MSDOG65,I,4
42211,B01IXFQ1GU,S,
111643,B07Q7YT3RH,C,15
58075,B07YGL5GTF,I,5
104765,B073VFBGT2,E,
11834,B081TZ6TP8,C,4
114405,B07YBVPF3N,C,11
56724,B074GMTG84,E,
71057,B07FSCR54M,E,
77289,B06XTVQ2G5,E,
101072,B00QMDYURI,C,14
35888,B06X9MFTZZ,E,
10397,B07XYR95DN,I,5
38003,B01NCA562F,E,
84234,B005OLAKG4,S,
55381,B015SIKOPE,E,
111330,B001VC4SAE,C,10
109428,1534313400,E,
18326,B00S0WTJ48,S,
1196,B01NBE1YQ4,I,4
1803,B07FY9BPVR,S,
106869,B071H86WZ1,S,
55596,B07S7H9SGS,E,
47398,B06XCMJ6LM,S,
97647,B083GQRC7V,S,
107024,B07MTYV9K4,S,
46545,B07F3DHPX3,I,6
106498,B015RYI9Z6,E,
1026,B06XQY4HT2,S,
103010,B06XKKPPMP,S,
50051,B07RHMHB34,S,
109106,B07JCJL686,I,1
69490,B099DQZQFZ,E,
87730,B07BB4C9R9,C,3
7052,B0042T5PBO,C,11
37365,B078PLKM2L,C,10
53465,B06Y1KP7YK,C,4
82412,B07XY9GX3W,I,7
37192,B074MFQN3F,C,16
60185,B07F2TGTLF,S,
77959,B010MG9P84,E,
12358,B07H4ZDFYX,E,
38150,B082L3Y7YY,I,3
86251,B08P2HD27R,C,8
2143,B073HSB796,S,
86446,B07JV7Z1J5,C,8
1305,B07JZHFSPW,S,
43665,B07XQSTDQT,I,2
47835,B07G8QBJLL,I,5
6078,B094YR5D4T,E,
16492,B071JPWZCG,E,
255,B086C2681Y,I,2
72174,B07NTZCXQ5,C,7
97440,B01KW6H626,E,
89727,B00PWO5RG6,I,3
9482,B07NMHC86M,S,
20412,B07V26Q36L,C,11
1531,B004EPYSGE,I,1
33858,B00BD0UW6S,E,
40438,B07WWY5VTR,E,
64919,B08LMW8YQ3,I,2
74617,B07P8X9SLP,C,1
82961,B097NZP6B7,I,7
26593,B01AXBGG1M,S,
39028,B00UZ80JS0,C,2
83274,B00NLR1PX0,S,
113729,B00005AUJO,I,6
60476,B0058I2X36,I,3
78310,B01HT2TUBQ,I,5
14496,B075VCM1XR,S,
106723,B077FH46DS,S,
21669,B071FT5LGC,S,
52323,B008BJN0MC,E,
34140,B09BNQVXWG,I,3
23966,B096WHDRN6,C,2
11026,B002HQGVT4,I,5
27143,B017KU1DHQ,I,6
110711,B0010AN0JC,I,2
107281,B017COHTJ6,S,
75801,B08SWDN53M,S,
29255,B00D5XAN06,S,
20025,B07DC2TZCJ,C,11
90855,B07SDCK7WJ,E,
707,B084GWHZR1,I,7
30673,B01M1LW7XH,C,7
13867,B095J17LSJ,C,4
110223,B07WYCW1X8,C,7
37693,B000GG2KB0,I,5
40445,B07SHP6BPC,C,3
104387,B07JGH62R6,E,
33422,B07PWY6KMY,I,4
53426,B08FBL133P,C,2
34493,B07W5YYBTN,E,
75083,B0727WDPX6,C,8
101388,B07MYTBV6N,S,
111062,B01MR9X5FE,S,
36826,B086MBP5WC,C,1
96119,B00CSABW1G,C,14
52300,B07BMPCNNB,S,
32775,B07Q3JFX1Q,C,7
1828,B07BF8NJN6,C,10
82144,B004VTGCBW,C,6
214,B01L9PBRZG,I,3
87665,B00FSBE7BE,I,3
643,B00LNKAQOQ,E,
17178,B01MF64S33,C,12
49192,B07KTLNTQ1,S,
69570,B071YDQX2G,S,
93673,B08W2FBTT4,E,
18975,B0764JNG73,C,11
32846,B07NQS465R,C,10
113661,B09B14SNHS,I,6
103655,B07CNLCP9R,I,4
25715,B07H5FN55L,E,
86489,B01EP5NQAQ,I,1
29672,B00BR0WUCI,I,7
26680,B000PG9BZO,S,
46235,B07YR9WTMN,I,1
61742,B07VFGMRC8,I,1
76126,B0881BDQGS,I,1
44041,B07PFL29FR,S,
62153,B084X7GZNG,I,5
85442,B07H4DFJ7K,S,
93544,B08MYHKNVN,E,
53852,B084BYDBNK,S,
111802,B08Y8LWPR4,I,7
93966,B074C1QR8Y,S,
42439,B006WUINXI,I,3
107532,B00854L57U,E,
75005,B077XFTXMZ,S,
360,B08RXXKW8D,I,5
46314,B01MY5H6L8,S,
70901,B07ZTQZDDW,S,
19712,B07NY8VX89,S,
77,B06WLJBVDV,I,5
112991,B077CNN97N,S,
31627,B08GZFQ7VC,C,1
91762,B00X62ONKM,C,13
11245,B07B4V2MBM,S,
92834,B019A0F1HW,S,
1462,B08ZHWJ53M,I,2
57060,B074T832ZP,E,
114219,B085CC9SW4,I,7
8961,B01HOSRNIC,C,10
40602,B0721V5686,E,
54567,B07K8RNW7H,S,
110880,B07SB3FMMD,C,11
109257,B07ML448P7,I,4
15135,B07FGG8ZRD,C,6
79290,B0009IYR9S,I,4
96723,B071KWJ87C,S,
66401,B0143RFQA4,C,9
72755,B00G9W9V76,S,
81989,B01DPTD554,S,
47005,B00AEL5ENS,S,
5416,B01GS3MG9U,S,
67775,B01LYF2GXK,E,
46025,B077VLTPHJ,C,2
47937,B073ZYWQN4,C,12
70174,B00263D61O,I,2
71580,B00GH9I9RO,S,
33495,B010H0Z8OU,C,5
13161,B07Y9JVTPH,E,
108409,B082XJ52MS,E,
1644,B08XNX3C6G,I,3
59677,B07G99X932,S,
101609,B075JPK58K,C,1
2823,B000HE57JS,E,
6963,B07WF75ZM7,S,
64300,B01LYCAZI6,S,
104969,B07Y9L3CL6,E,
51523,B00QKP5NLA,S,
39151,B07W56H3Y9,S,
75182,B07SXDD4F1,I,2
13597,B07PF7MBMG,E,
67392,B08MK4N282,I,6
2445,B01D46K0EM,S,
66738,B07WDW9PNW,C,10
45338,B07PVCFMSL,I,3
40437,B08FG1HXTZ,S,
36853,B083CCSC1T,I,2
64216,B08JX5STJ6,E,
573,B07H45GN74,E,
2927,B06XTH39C6,I,4
104227,B07VHFK64K,S,
76642,B08LVR6RLL,C,7
78131,B08DQLQDBF,S,
20391,B08WJX54Q9,I,4
113589,B071RH3VW7,C,15
95205,B081CFMG66,C,5
62340,B003XDIPNA,S,
11547,B07VC74LKQ,I,2
110961,B01CDUPMJI,S,
66599,6074432678,I,4
53117,B07R5QFH5Z,I,5
67050,B0043RSSHS,C,4
879,B08B5F9JVB,I,2
85777,B01NBVKTNA,I,3
47036,B01D24C710,I,3
652,B0000AXVNF,I,3
62971,B071J3YPJ9,S,
97061,B0756X5XJ2,S,
66397,B0829PZH7X,I,2
13869,B07WMB1LMH,S,
87629,B0863CY1YF,E,
82112,B07TVKXTF8,C,9
31771,B075FFFNX4,S,
12887,B07BXV728P,S,
93560,B07LFV348K,S,
6153,B000IWLAB8,E,
57117,B00FPY46OW,C,10
115722,B00PSLJ6LU,S,
11070,B084GVPN8T,C,2
75554,B003A9T1L2,I,4
39224,B08NWJZTZ8,E,
108011,B00QZCDX8I,C,1
104396,B01M09IZDR,S,
12287,B0892RPPPK,E,
110395,B000WEMH32,C,2
43104,B00HV7Z15O,E,
73783,B07NVX7TV2,I,1
25580,0912517182,I,4
72065,B0177XXDMY,S,
80950,B000LT0KIC,C,16
81501,B078WBCG4L,S,
114703,B00JXI5DPM,C,15
105328,B077XNNC97,S,
52537,B07NDLHJW1,S,
97535,B07MJW9Z2M,S,
54274,B07YDVMHS9,E,
17621,B07Z67ZVLK,I,6
35593,B000FDTZD0,I,5
48980,B07K8ZQ6W4,I,3
89727,B012WRIIQQ,S,
1745,B001BF1D0O,S,
31123,B09DPW4VG1,E,
85951,B07QCHHWTC,C,8
114480,B07SMGMRC1,E,
80149,B07VBJ7G8H,E,
74151,B00171N0QM,I,2
33291,B00RWE1BNM,C,3
21676,B07NSVBCR6,E,
67349,B07RD6376Z,E,
36011,B01E7GDV26,C,6
44057,B07PYM991L,E,
79156,B07HRY34P7,E,
15843,B07CSMLFQD,I,5
28334,B07CJTKDZQ,S,
100494,B003YLOPUS,E,
1180,B019J6F3FM,E,
3372,B077SFBY78,S,
53310,B084LKZYDB,I,2
88257,B081ZLBLDQ,E,
63757,B005GDIG4S,I,2
87078,B000WOAP0Y,I,1
114932,B00Z9ZPWOK,S,
100684,B000P6XESY,E,
65563,B08HH5JBWR,E,
57654,B06WD8TZ5T,E,
94841,B081TRGDP8,S,
66697,B07KGMPPBS,E,
67577,B00BECIC1C,S,
5429,B0937D54NV,I,2
69186,B07W7VCQK3,S,
104389,B07W52SG9Z,C,2
47684,B081X893Q7,I,4
1487,B07J58CXJY,E,
98777,B01IRSA7R2,C,6
69681,B01LXAU1HC,S,
48880,B08SXRJ29K,C,12
57093,B088W9Z2YP,S,
75560,B07XTRSBC8,E,
8780,B000BX1KWI,C,2
114946,B07VDG8X3L,S,
25824,B00HFVRGWW,C,10
23214,B07KNXH7HP,I,2
7555,B08CXP6Z3M,I,4
102373,B0062DZJ3M,I,1
49913,B078P7L1J7,C,7
76984,B09BZYDZTF,C,6
114163,B07ZDK1QC4,C,6
103266,B088YYF5DV,E,
35089,B00NWFKFBE,C,8
103394,B01MDSI8PN,I,2
24592,B09993NYSN,E,
42081,B07FV4B21K,I,5
94802,B0753C43NL,C,13
63637,B0855QVJD9,C,15
19768,B07PFKZPPP,S,
38377,B08V2N6LLL,E,
3672,B083GC98D8,E,
46093,B07QV839G5,E,
33377,B00JNLI9VE,S,
39988,B07KJQ148H,S,
53776,B01DJB43W2,S,
49256,B07DWMN5XY,S,
99597,B075R99VH7,I,4
85737,B07TPBZPSV,I,5
110498,B07GSFWKF5,I,1
13615,B07TX84JBS,I,2
73797,B07S85TPLG,S,
37560,0991359402,I,6
1208,B07D2J8LQ1,E,
85732,B00APPF0LE,I,7
91473,B00GAAR6PQ,E,
19711,B00PHNFML2,E,
41108,B071XDRQWP,E,
1031,B078HMQYVG,E,
94244,B00JWVRY66,C,2
44751,B01BETMH06,E,
15483,B08C7DSS4M,E,
30727,B00UB1HHY0,I,5
63302,B01DQXDDOW,I,2
99325,B07L8NSLBZ,S,
22382,B07C2M7J52,C,2
71589,B07DMGQHMP,I,2
111619,B08YWLLNNL,E,
42361,B0020MMD06,E,
52848,B086RJGDM7,I,1
573,B00VT02ZEE,I,4
69140,B072HT6T1C,C,1
53164,B009EDSWJA,I,3
7117,B00D8GPVZW,S,
84473,B0017QCNUQ,E,
97760,B08VCMWTFY,C,3
109032,B081HZDL9F,C,8
112352,B096RKKVQY,C,1
92167,B082MWHJ14,S,
15190,B06XCHNZH5,C,9
84021,B01DX8B0OU,C,15
79742,B0822ZT62Z,S,
77023,B07QRMN2CG,E,
12119,B000WI9DRQ,S,
29506,B07TWL52FN,C,8
33513,B07GQ9GR96,C,15
44224,B07WCTSX7G,E,
25221,B07MQRZ8NB,S,
9927,B01DRV2AS8,C,1
26210,B082DRX24T,S,
93565,B07SFFPH52,S,
51214,B01LYX70RX,S,
21577,B078J5LL3P,C,3
499,B07V1H2JCP,C,15
85044,B07GJFX5XJ,E,
100268,B0753CY5XF,C,5
658,B07WDTYDSX,E,
85571,B07R94NM39,S,
50349,B07DWHJTTW,I,2
13921,B07BXDHT4B,E,
110187,B07CZFQY2B,E,
86117,B08Q3C37HC,I,2
46987,B07ZPCVXXS,S,
40703,B07Y1HMWGS,S,
91228,B003U6Q07S,C,1
5272,B000ORA6OO,C,9
105871,B08ZDLWCFT,E,
99099,B00DZ41QHO,C,3
761,B08GWR7WX6,C,10
1583,B007T4WUMG,I,7
34839,B07VCNRXP5,E,
43147,B085GFC1BF,C,4
21417,B0851LRH9F,E,
28911,B00P2S7L48,E,
92130,B079TBSVC7,E,
109830,B07FFBNXK7,S,
45954,B00DCE26AI,S,
69193,B00FL2SOXW,S,
25658,B07ZH7K5NP,S,
100716,B07NSCH3V4,S,
10630,B07WZSCC76,S,
31460,B082SPPHB7,I,6
95213,B00E7BH9IE,C,2
73885,B07XDCLJFF,S,
112800,B01NA6DAP5,C,16
54974,B08Z92X2BQ,I,3
21879,B081GRC7WQ,C,15
83948,B07Y93MCXR,C,4
4160,B0844F9X1W,I,2
84894,B00OKE2LPY,I,1
6963,B00GD2QNUA,S,
10039,B0002AS802,C,1
51223,B07GZM3JRB,E,
92900,B072L3QPS5,S,
24867,B0721TP4KN,E,
102152,B086Y3944W,I,2
99824,B004VQE118,C,16
74251,B01IO776JS,S,
59801,B06XCZ1M85,I,3
52110,B075LRZC8L,S,
2671,B0876QP65P,I,7
26254,B007YJ5ABY,C,6
42149,B000S4FABW,I,4
102147,B07F18MX9Q,I,6
1546,B08YRBPCM9,I,6
1588,B073LPCHQK,S,
50539,B077WYF5TW,S,
42395,B0823D36BW,E,
104775,B071FGC2JS,I,6
18955,B01M3U0Z4C,E,
22477,B07SWQZY3D,C,3
48205,B01EYCNUKG,I,6
44045,B07YXK9HSV,I,4
88835,B082B2HCQS,E,
69849,B003YIZ0DW,I,6
17252,B072FD587S,S,
23924,B077Q2S7PF,I,1
35388,1731477287,C,3
87796,B00824TD86,E,
91545,B07JBYK2NJ,E,
50712,B00EJGMJXC,I,4
71824,B07BF6WC88,S,
34515,B07WLKQWN7,I,5
74828,0321910397,C,1
83411,B0844PGXJR,E,
68399,B000E6DYXA,I,1
68065,B07Z3GPB7B,S,
31186,B08DJ46F7W,E,
75659,B08C59ZKJJ,S,
82901,B07PT3M78R,I,1
94970,B087BP7W1S,I,1
40490,B07ZKCV5K5,C,14
37764,B09GG7TCJN,I,7
81699,B004TS2OY4,E,
15111,B07P71VKBK,S,
25462,B07H4HQK2H,C,2
29633,B01FI6ZDP2,S,
23452,B07JF54D5Q,S,
107487,B001IBF15Y,S,
103721,B07VLSY6M7,I,1
20090,B01MPX171W,E,
82188,B07N1TZ17Q,E,
40440,B07BXMDPC3,S,
74433,B0992BVZBJ,C,8
95905,B07KVY5YDR,E,
50749,B001TJ6MWQ,C,1
14920,B07BTK7VNH,C,5
418,B071G1J8TZ,I,5
114994,B08BV3M477,E,
110717,B07YLDFP62,C,2
1763,B07MC9G566,S,
110477,B083MZYCWT,E,
54299,B07WCWP2ZH,S,
90618,B07RB33NHJ,S,
5544,B07DW7ZH22,I,3
60873,B07LBVM6WW,I,6
16227,B07QZZ9396,C,15
63837,B07LC2X31C,I,7
1642,B00H55IB5E,C,11
10335,B0775QNKGS,I,3
82781,B08GNBDDJY,I,2
7027,B00E66V7BK,C,5
111694,B07QY1QS75,I,5
68883,B07X81C6S5,S,
44886,B07P255V8J,C,7
74525,B07N2Q9H1D,I,1
5519,B01IWKBJWC,C,6
99014,B01M6CR4FL,S,
7548,B08THQPB3Z,S,
51646,B07VB5X37S,S,
32600,B08PZ69WQR,S,
55238,B00Z2MG6S6,S,
1287,B07P5JD92N,S,
101178,B00KAK8VNS,I,5
14770,1652409645,C,17
33852,B06XT83NF9,E,
7676,B016QRF3IE,C,11
864,B08CXMR7R6,I,1
15674,B0778BMYZX,S,
88469,B07DLRJJMR,C,12
11510,B07H19VL4Q,I,6
42592,B09124DR6M,I,5
60789,B074JG4DS7,C,6
49317,B002RVCD6O,C,8
72957,B0056GL5A2,E,
20344,B00OMVQE44,E,
71885,B01FEK83KY,E,
23208,B07RV7DXQD,I,3
111740,B002XLWE3K,S,
16466,B07Q5PNQHN,E,
58228,B07QFQFYHF,C,13
86989,B001QKZCGU,C,14
3945,B007PB41Q6,C,2
78479,B07H3BZFXJ,E,
16531,B074JJNJ54,I,4
52831,B07JXNXHRV,I,2
1594,B08PBM6VT1,I,6
115885,B0777HYH36,I,2
56026,B08R3K8QP8,S,
100926,B08KZQFWJB,C,1
62656,B08J7FRR7M,I,4
35388,B0012ZV222,E,
50690,B086GQQV25,I,2
104085,B07ZHNX8TF,I,3
83316,B077R7LV1X,S,
75554,B00BM7RY3Q,C,3
27094,B01M1871LS,I,2
6153,B00K395AEO,C,1
34294,B001FVNTH4,I,4
49240,B00PLGAH24,S,
1769,B08S329VBL,E,
85572,B00ATDWY0C,C,6
25671,B072JFGP1M,S,
98219,B07WJVV83H,E,
69066,B00KCYVZTO,C,5
114813,1558703748,I,4
46074,B07Y2BWTMG,E,
114615,B07MZQNH5N,S,
2570,B00YOFBQKK,C,3
58278,B005NNZK36,C,7
34040,B07FC467WZ,C,9
94548,B000LNOT80,S,
48652,B098L7FSKS,E,
88821,B0092MHE3S,I,3
39927,B0035YCYYI,I,1
54796,B01KT1TGEU,C,5
113942,B07Z8LB5PT,I,5
81224,B01COI9EAC,S,
64742,B01MRO1388,E,
29712,B08NH8M8YC,S,
1531,B012G9Y2V0,I,4
36225,B01MUH05PL,C,2
23491,B0762F9RN7,E,
75440,B07MFVKDCN,C,13
94806,B086T12YGJ,E,
105326,B08FLCTS8N,C,11
68445,B00PGTBGG2,E,
49559,B07B6QX5P3,S,
12512,B07X97N8QZ,S,
35967,B07CXK9WCY,I,2
33834,B07HKQVK2S,E,
109684,1259965066,S,
64026,B06X911RGL,I,6
96056,B081SHJRGD,C,1
53631,B078NHDRMY,I,6
81622,B08DKCVTB2,I,2
82813,B07BGXT2CH,S,
429,B07C96LS75,S,
3976,B07DLQ2CQT,S,
29894,B01LWCS160,E,
34055,B07ZL6CFSW,C,1
655,B08MLKB2XH,E,
20012,B07GQ7L1V3,C,1
101072,B00A180C3G,S,
50310,B079JX79TQ,C,16
73588,B071G3CL5H,I,6
19275,B00BZBFKZS,E,
102726,B079PQPLT3,E,
3566,B07RV8PC82,S,
17921,B07QWPF7PP,E,
115797,B01MRK25GW,C,7
39369,B075RBPN1J,I,7
11715,B07F2CHSLQ,E,
75440,B07MQDL6MG,C,6
100934,B07MBF5MF5,I,1
115766,B0187ZS592,C,2
70076,B07BFH8BYS,C,16
40877,B07T6C3VFG,S,
115209,B07RC2YQ18,E,
56713,B09F3Q9NTT,E,
63086,B000QTUJXS,E,
95491,B07QHBYT26,E,
111723,B09B7WMGGQ,C,6
114866,B07PRT9R5B,S,
71334,B01N5O7551,E,
83592,B089LDYZ6F,S,
21051,B07HR9R7KZ,S,
73792,B06Y2JGDYM,S,
53212,B00DAOHQSM,C,4
3266,B07L5HMK1B,E,
87122,B08GKKJYFR,E,
101098,B013I0382A,E,
109154,B07R5VSHF8,E,
55908,B07BP1JD67,I,5
111643,B07PMMQNWH,C,10
21659,B07SNP2BJM,I,4
39080,B08424YP8X,I,4
94565,B079NNL9MH,S,
106564,B011MFJCR8,E,
26118,B07LCX8K8D,I,2
104685,B07WMMZFTG,C,3
56346,B07GTGGLXN,I,4
105360,B000MN8RX2,I,5
11610,B000G2UUOS,I,5
40548,B07Y8HGWNX,I,6
25671,B077Y4DRMT,S,
5052,B0067NLHFG,S,
50879,B01N2RO4YX,E,
27696,B07QF4JYGZ,S,
57347,B086T35NQF,S,
64586,B07XKJ5NV5,E,
71859,B07C11DKDT,E,
5783,B07GL5KKQB,C,5
51269,B010FMJCYC,C,10
3626,B07X2LMQDQ,C,13
1747,B08MVSNCBZ,I,6
8373,1530126584,C,12
24971,B07NZ28XZP,E,
23905,B08F9WYQ7M,I,4
33487,B07B3T4TVN,E,
7213,B008Z8YIFM,I,7
75973,B004KZ357G,C,7
63637,B00UI598M8,C,4
81921,1621576760,S,
59046,8947525472,I,1
29846,B002G9UG0C,S,
3029,B01DYL9BHY,E,
95732,B076NQWZFJ,S,
59360,B07HGCC25J,E,
11510,B07FTBTJWZ,I,3
15623,B01DETSBG8,I,7
71865,B077MZQJZG,S,
86504,B081WB1LFN,S,
108099,B016Y8JSK4,S,
55226,B008QEZH1O,I,3
5937,B00JTGDP12,E,
1761,B08KFXY52K,I,2
601,B0098HR0PY,I,6
47594,B074V4BKF6,S,
99502,B071D655J2,C,3
112076,B082VKD6P5,I,7
68183,B078N6WNCQ,I,4
49645,B00BPF1C6K,C,1
91364,B074F5Q9XF,I,3
65574,B000DZKVEW,E,
57430,B07Q7ZMJDB,E,
53489,B08N54BKWK,C,3
73705,B074XJH18M,I,1
57560,B01J65KGEO,I,5
23057,2213701083,E,
83261,B00GDGZFPU,C,1
68888,1509307672,C,6
83377,B00TTV7TQE,S,
77020,B082LNFZ2G,I,2
4928,B003AQKQAA,E,
51136,B07DCB7H79,S,
94634,B018A3EVOE,S,
111116,B079VNRBFC,I,1
28487,B08CH5YYXJ,C,2
6674,B074H7VJP2,E,
89905,B0051C0IHW,I,5
7229,B083K9XTXD,I,5
6811,B084YR4F6L,E,
57832,B06XD2QJ1Q,I,6
80930,B071JT4TF8,S,
98523,B000UR3U3W,I,6
83597,B004X2ZI9E,I,4
63865,B085Q9PYMS,S,
26823,B00O4ASGZI,I,4
85554,B01MZZE6XG,C,4
75027,B01MTRAS7A,E,
40071,B08Q8J5MNQ,S,
55568,B00M7A5BSC,S,
110383,B001CUUJBC,I,2
114397,B07VZXDX6D,C,12
81675,B07TP5QQRT,S,
51931,153441097X,C,2
89407,B07CMFF2C2,C,15
102100,B01BROV5ZQ,S,
66652,B085P47YTB,C,6
33513,B08BPKCN1P,E,
94723,B076TFPW3C,I,5
2689,B073TFXS5F,I,2
55208,B007RU5B46,S,
68544,B012JUCO8Y,E,
83295,B0054SMID0,E,
24207,B000WYVBR0,S,
52311,B07W62GFKC,C,9
100268,B00585CLR2,C,13
62317,B07BHKVZPX,S,
1616,B08FBZZXVM,C,12
17583,B07SMFC4NP,E,
45800,B01IS0FW7O,S,
47965,B088WRZ28S,I,6
18605,B000FAIV8I,C,9
83643,B07PXYXSSC,S,
28904,B00CB4WH2M,I,2
17314,B06WGRK3LV,E,
76049,B072N4Q3YX,E,
25580,B09918FM6G,I,1
102495,B000AQ68SW,C,4
44295,B08PBFYNF8,S,
58898,1631590707,C,6
44248,B07DHMBHJW,S,
496,B07D84THWV,I,6
94079,B0897Y2W73,C,9
36334,1490537961,C,13
27656,B01DA61WY8,S,
69244,B089Y5K2KB,S,
112518,B00R7509R0,I,5
22146,B002RWBS7S,C,1
13638,B07FG7NMBM,E,
62177,B00Z7RPGSC,I,1
59204,B08JLB81PS,S,
114702,B00TGCB9RG,E,
1239,B019EGKBB8,S,
5293,B01DLDBJZM,E,
89587,B014HGAQV0,I,3
10053,B0841Q5NBC,S,
81766,B09B9KJQDT,C,16
10035,B076134RXR,S,
101108,B0779GZQHB,C,17
57561,B00TPVD1WY,I,4
86251,B06XPQSPR8,E,
20059,B00T53OAVS,I,6
27201,B076RL7JY1,E,
65003,B08FMV6DKJ,S,
77416,B07LC2BTV6,E,
42969,B07X8TDPPQ,I,2
89587,B079TC162V,I,4
30903,B094JGVMH8,E,
12063,B01CSSQ28K,S,
1196,B0002YWVCE,E,
72596,B07XMDYDSV,I,2
114108,B071RPCXLJ,I,5
643,B06ZYRJVR3,S,
79867,B00BUBU6Z2,I,6
39224,B08FT3YSFG,E,
44821,B08YJR6LG9,C,10
83692,B0848RWBP7,C,8
1044,B07MK29YXH,S,
79070,B0008C7L1G,I,6
39677,B001N8GU3E,E,
108161,B07XYZC9G6,E,
54553,B07H7ZKFD1,E,
114124,B0052ZJD2E,I,4
94290,B07FR32S4P,E,
37940,B07XBXPTCK,S,
75596,B074PBBC29,E,
113868,B07JMLV27Z,E,
51223,B017F4COT8,E,
14680,B07B3Y8DGW,I,3
2723,B004PX8BCC,E,
80971,B07GDS514N,E,
418,B008HVHJM6,C,7
97993,B0013KS3U0,I,7
51972,B07DFBNCTR,S,
22304,B00E1RY892,I,3
452,B08XBLYRWM,I,1
51548,B075CRN5T8,E,
32301,B08CMSZ8GL,E,
87705,B0849J7W5X,E,
3590,B077J8R84V,S,
53214,B08XX261V7,S,
67584,B07NWY7XK8,S,
96032,B07WDLTJFG,I,5
17804,B01LP51Q2O,C,7
41610,B07PXTQLGT,I,3
30019,B004D1Z3XQ,I,7
39028,B07DM44WKT,C,3
105587,B097GSPNJS,I,1
47589,B01CCEK9R0,I,7
102087,B00I2TV3NO,E,
112445,B01596A662,I,1
4997,B00O2XY35E,E,
21309,B08L8WBP54,E,
59131,B01K5O0GSG,I,4
13261,B0833S4VH7,C,9
72887,B076JGQP8W,C,7
60720,B01MEG4BFK,C,10
27620,B07CRM5DR5,C,6
73952,B07T65BHLC,E,
64059,098288270X,I,2
85832,B07R6RG5FD,E,
7113,B001W039IM,S,
21542,1531907938,E,
83722,B00BFKXYLQ,I,2
98353,B00AZKVE6E,C,13
45827,B002BU21ZO,I,4
102168,B003ZV79I2,I,3
59578,B075H1B2T8,S,
73020,B08RHYGQS5,S,
72118,B01G2DX0FU,E,
59811,B000I51LSM,C,7
87062,B01D09BCAO,I,2
52316,B01L2ZRYVE,S,
40631,1441333096,S,
113825,B00B8ITLK8,E,
60958,B08P1PN86Z,I,5
58982,B011GD3KDI,E,
22550,B0741T75TL,E,
61187,B07V73PGRF,C,4
69114,B002HPHR0W,S,
110766,B07QYBS8VG,C,12
96149,B078WG7HZY,E,
107691,B08PF8FJ82,E,
55378,B006JKAS16,I,1
104266,B082YK7DGF,C,2
86282,B07N327F8P,E,
2741,B000MTCQN8,E,
101895,0553574302,I,4
89516,B001E96MPS,S,
97187,B00KHVMA6E,S,
24592,B08JGD8QDW,E,
36085,B079T7CXL7,E,
48375,B08MTGT62P,E,
37049,B08B3F1ZC3,C,1
41279,B07VVMD3FH,S,
60873,B07L9HQ25S,I,5
680,B0893T3SC1,I,4
74668,B00CEMGMMM,I,3
111288,B07NTSCBV9,I,6
8191,B016P9HJIA,S,
67060,B01JP9O25U,C,7
19506,B074DBCLT8,C,6
75528,B004CW5YUI,S,
10024,B07ZFS98CW,C,9
12458,B078VDG9FF,E,
44517,B08C92CGZ4,S,
3761,B07Z8JS4XZ,S,
7359,B002LFY7OC,I,6
14193,B01MYNHWYB,C,1
51615,0738212415,I,6
521,B001KQAAAS,I,5
105424,B07KN27P4N,S,
23057,1586177222,S,
89125,B07P83SJK2,E,
62741,B07MQ7LLDM,S,
98653,B07BVF6SC3,I,1
81065,B07P5ZNV1C,S,
89557,B00U06TQOA,E,
29431,B094G2N3CL,S,
10024,B06XQQKDL8,C,3
105656,B07495DG2N,S,
141,B083QM1YBW,S,
693,B001E0L6Z8,E,
55908,B01KUOAJF6,C,6
84580,B01NCUFQGS,I,2
111131,B01FY9UFPQ,S,
78479,B07GSGQP4J,E,
30680,B000YA8R6U,I,6
62194,B07PFL5NCC,C,5
31184,B0854G1MFB,S,
50595,B07F1HHKXX,E,
54305,B07PW66D8R,I,1
93845,B08531KRR9,C,12
66814,B01IU921EU,C,5
89882,B00ZJD1QUQ,C,5
75298,B07W683G3V,C,16
31813,B014LQSY2E,S,
69227,1250147700,E,
14149,B074S81PZ6,I,3
4323,B077R18YXN,S,
70445,B07JVGHJ7R,S,
28487,0674019830,C,1
105946,B0002AK6H0,S,
58212,B07H8WS1FT,S,
102653,B07YHNBWTN,S,
37049,B07VZTT6H6,E,
10902,B078T9V77B,I,6
64548,B07MSH9ZDT,C,11
7534,B07PXGQC1Q,E,
72118,B000XYOUBS,C,10
93347,B07SGPHZC6,S,
55380,B07DR5T5G9,I,6
14172,B0854DJ855,S,
5039,B0752QMYMZ,I,2
86050,B07HQSQHHQ,I,2
24001,B076Q2CD69,S,
69871,B01NGYZAI4,C,4
110460,B01NAGUSAS,S,
65012,B00W5Q06VU,C,6
81782,B01IPK5OT8,I,5
100828,B08PKZPRYP,C,14
9642,B085RWRRXW,S,
29763,B01K4EJIHM,C,5
4460,B08F4XQXYS,C,12
55310,B0752T2F4Y,C,8
114480,B07FXQDJT6,S,
102289,B07SPKJRWX,I,5
21230,B093C7ZMX2,E,
48494,B01HRIZ1OW,C,11
75056,B07HJDCG38,S,
112349,B07V3LV2H5,C,11
15182,B00ST1TPV2,S,
78127,B083HR26B5,S,
47370,B07JPD3YNX,E,
44445,B00B7L0MRW,S,
95611,B002BUURSC,C,7
112140,B07THHQMHM,E,
96620,B002A9J1KO,E,
28316,B07TFK4587,I,1
8101,B001JGNPM4,S,
84880,B08FCL1JHF,I,4
85273,B07L1H3T1W,C,2
60496,B07XCQBNGN,C,14
90772,B01M2WI6PT,S,
47747,B00P9XFZ30,C,9
32413,B001ECQ4QM,I,2
64021,B07W6JNZK7,S,
5156,B08G3GVFG3,E,
29706,B079N37YD5,E,
59677,B073XXX1FF,I,5
67060,B011KT694U,I,1
87600,B07VZ2YBLL,S,
115156,1952663261,I,2
19520,B00WIIWLZY,C,3
68853,B0002E4Z8M,C,7
73329,B000XSG300,S,
9023,B000KKTFGK,C,12
109701,B00M7DC4IE,C,4
54066,B07QB62JNK,C,8
104588,B07MC9DNXF,S,
17835,B08HW8SB42,E,
104576,B07FLVWCG5,C,7
92587,B075MP1XVJ,I,4
39522,B07S2ZV28Z,C,7
61698,B00HEW41JS,E,
55424,B00OZWRUKW,C,1
1620,B00CPL8R8O,I,4
43621,B096D9YMCG,C,16
36481,B07BL6TT78,C,14
94426,B01KB84EHU,I,7
60325,B0779LLTC5,I,1
96107,B07R64WNL6,I,1
46373,B07FLWRT33,E,
85572,B06XRMFFH7,C,1
26815,B07XYWZZS4,I,3
75094,B08PW792MX,E,
71044,B0857HTK6D,C,2
72906,B07HJRRSF6,I,6
38989,B07TKDVVP9,I,3
48205,B08MWW14HQ,S,
114517,B01M7XLZ8C,C,4
55924,B07N46Z91J,C,2
72044,B01EBC1NQ2,E,
108860,B017TQBK6U,C,14
67125,B081ND4YSZ,E,
63154,B01MSJYITA,S,
641,B000P15I3S,I,2
67442,B00UVX1LZO,S,
56272,B086BVN7M3,I,2
56984,B0889JVK3B,I,2
2560,B01BW2EXTS,C,11
113944,B0765BCKSC,C,3
70397,B082XZG3HM,C,7
90614,B07CRWJKB4,E,
51953,B005MFIRIK,I,2
47185,1770071520,I,7
75923,0439744652,S,
25118,B073FHGPBX,C,3
110002,B011AK8DXO,S,
79515,B07SCPYVH9,S,
3551,B08SW2X2FZ,E,
49963,B075TK7SJ4,I,4
81390,B079YWMH91,C,10
110730,B072BG835Z,E,
105871,B083SC8HLB,E,
18644,B08BLRZLBR,S,
16318,B0823F3WCV,S,
10244,B07CN7XPPP,I,2
97031,B07L49N5SN,C,2
33818,B07KG1XLXM,E,
114343,B075MYT126,C,13
106893,B072FNZMPH,S,
49008,B099R59D1K,I,4
65616,B07XYQLSCL,E,
101308,B00I8BICEO,S,
74553,B07FYWL4W3,E,
84804,B01MCZPWPX,S,
50151,B00LV3ZVKE,I,2
42439,B07Y68QRKT,I,5
62167,B07DPCT8W4,C,5
41075,B08CVJPQGL,C,14
8373,B074R86GRQ,S,
52993,B07CQ38Q38,C,4
97527,B07GNK18VJ,C,4
8894,B08SC6ZV6X,E,
81666,B07G1G66CC,C,11
34694,B07SSQX7VH,S,
38033,B003J8HUY4,C,3
65817,B0846VRJV8,S,
95436,B01EUISPEK,E,
103475,B00BR3WWY6,S,
34699,B003QF6Z64,I,4
57382,B01DNYOKHS,E,
5395,B07GG6JXM9,C,14
49272,B06XH3XLC3,I,6
12522,B07ZHZRJF2,I,2
33361,B07G67531Z,C,1
93673,B0068VW22E,E,
85511,B07N95KFYC,E,
68939,B01C8CVK06,E,
41858,B07XJRNHD1,C,5
44679,B003BIGDAO,C,5
14562,B07DHWMGR1,E,
36281,B06XD3WQHT,S,
23547,B0066J6EOU,I,4
83797,B085B58NB4,E,
109906,B002RT8M9I,E,
44157,B07JH62XF6,C,2
547,B018GPJYDO,C,17
40732,B097MJSS6D,C,3
30535,B08FBGWQ71,E,
57601,B078WFVJF9,I,3
32874,B06Y5VFVDT,E,
59666,B08DHQKG55,E,
58715,B0953KG44J,E,
36143,B013PSEMYI,C,13
47514,B075JWFZPD,E,
111845,B00BAZ2P9I,E,
82075,B016077SY2,I,4
66794,B088H928FR,I,3
69488,B072QLPDKC,I,2
25449,B000UUBRYI,C,16
33300,B07B2S4BST,E,
34885,B088R9R3BW,S,
96584,B00MFORXMM,I,1
7441,B01MST7F9Z,I,4
46025,B07JBH5DF7,C,1
11610,B00AUOM38I,C,1
84573,B075JFGM49,S,
26502,B01KG8UP1O,I,4
42395,B00DS4LO14,E,
4151,B00E5YSKBS,I,4
3597,B07WXNZMXJ,E,
56091,4401024850,I,7
81166,B07N5HZNTN,E,
1584,B07BDJXM87,S,
12152,B01ERYSRM2,S,
55568,B07XB86CPP,S,
27068,B082MSLNF3,S,
93779,B08SQL487S,I,2
5429,B07X131PM1,S,
29587,B01MZ9S8DP,E,
10079,B08K8RKFYJ,E,
3565,B010GJF8N8,S,
71992,B01LEC5AB6,I,2
81874,B075H4WWP1,C,6
110797,B07VWYCFRD,S,
103475,B07G9X15XP,S,
58922,B074PN157D,E,
104862,1607058316,I,1
99406,B01IRK9Z78,C,2
75706,B07Z1X5128,I,4
34271,B07Z9QFB6Z,E,
51045,B00PDU1FC4,C,6
74947,B01JL69HVG,I,1
58971,B07V7GQWJC,C,1
69430,B01IWTR1CK,C,1
30297,B01G7SWZGK,C,1
32802,B07FKNXDLJ,S,
87330,B07FZT7CJC,E,
44730,B00E1PWRNS,I,1
15588,B01N416YYV,E,
105474,B01J9LKCPI,C,4
48615,B07211S6G9,E,
8464,B01JAPLCMU,C,2
58024,B075R3MKP2,E,
47845,B087PPH6T1,I,3
72055,B07BWVC2WN,I,7
92601,B00N3VNW8U,C,1
61690,B01EXQWFT0,S,
40023,B07H4Y2QF4,I,7
75883,B084BSCN3Q,C,5
78719,B005XQL60O,C,2
53090,B07QNMBLGQ,C,3
114473,B07KC2TH9Z,S,
32674,B01NCM02RX,E,
37387,B07N7RD2CL,I,5
93072,B000EELCJK,C,7
73008,B01LZF0TU8,I,2
76445,B07W3Q2WD8,I,5
19238,B083WB38QZ,E,
30217,B0888SRKHZ,E,
5334,B07JB4R3P9,S,
114473,B07JYRVBGD,S,
107468,B018SV1WYU,S,
83239,B00TOZAPJS,C,4
452,B001GAOTSW,S,
10628,B00JHOST0S,I,1
54854,B01B29RGJK,C,2
39549,B08LNJN7T2,I,5
62434,B07P94PB7Z,E,
23268,B00KU4JW6E,I,2
16445,B008COISGO,S,
108036,B07G3QSX8G,C,3
73659,B00EV0ON7G,E,
25637,1911221221,I,3
83616,B00117ZRXQ,E,
39435,B086VTHY68,S,
98349,B08G7Y11P9,E,
54006,B08BWP3WQL,E,
26389,B00JJZAF8E,S,
49692,B00KUBEX66,I,2
9228,B07RMJ1PCP,E,
76791,B081LJMNRY,E,
107494,B000NBEA8E,E,
90848,B00415H3DM,E,
112470,B0091K9VHS,C,7
33495,B00GFWM98S,C,1
49269,B01H2BIV8C,C,12
101187,B00009YEGL,E,
109334,B00126XOI6,E,
88276,B0015GVUES,E,
26727,B07CJ44YLD,E,
67965,B071SDYB8R,I,5
42399,B091L5B5P6,E,
950,B01LX5J3MW,I,5
8876,B002JQHNAS,E,
83698,B00O6L1GUW,S,
95473,B07ZRY4F4G,I,1
74815,B07Q3WZNNS,C,11
51169,B077QNPNN4,E,
49524,B004VTGIOS,C,5
88778,B07DB3S3WV,I,1
40975,B0079LXBK4,S,
36725,B07TGFSRBH,E,
2214,B00HPYAFKY,S,
89362,B084DFLMCD,I,3
12339,B07ZZMYFL3,I,5
13733,B07ZNH4DVB,E,
12201,B07XCYNMRX,I,4
67963,B01JQTM0LC,E,
9953,B08JHC56SW,E,
9573,B07HF3Y2TH,I,6
15358,B085ZGMZ2J,I,4
77673,B009CGH7J0,I,5
54032,B07KKL5KGG,S,
26564,B01N10E1RY,E,
98295,1657633845,I,2
36347,B07DKTNNW7,E,
81650,B000DZ9XGO,E,
33049,1680524577,S,
9799,B07DC4J387,E,
60122,B004352WWM,C,1
100537,B07YPV3VBY,C,11
106398,B07RBBBJVH,E,
56944,B01N2U5J5U,E,
79626,B07PBS21V8,S,
968,B08GQCXT6J,I,7
10380,B07PVZ2HGJ,C,13
107468,B07X1YVG44,I,2
84580,B07Y8V72ZC,I,3
19193,B095S94K77,S,
91511,0873588185,I,6
80269,B01HUTSR9E,S,
89734,B00DIQ3168,I,1
74366,B07BBYXD15,C,3
5387,B091BYTC5Y,E,
481,0062734881,I,1
104423,B083MBXV4N,I,1
17773,B00JRHSMJS,S,
113992,B074NC66KS,I,3
54672,B07VLYNWX9,C,11
9834,B0876MLS2C,S,
824,B0969BV13B,E,
31566,B083LF7TWB,S,
1211,B000FFFGX6,E,
32761,B07Q3S1QKX,C,10
15263,B01LQ95IGE,I,5
32277,B07M7XHGLL,I,2
60029,B081F6X2W2,S,
272,B07H2BMVT6,I,7
83935,B01LYOCVZF,I,1
41858,B07ZB6K9KG,C,2
51,B07D91LFG1,E,
21417,B07V53N2DY,C,12
69132,B08M5J7DBH,E,
93073,B0006IHLFI,C,16
29924,B07KSY5YHT,C,14
70763,B07GJKY9VJ,C,5
470,B0018U0A4C,E,
109143,1600229883,C,13
109143,B083D7LHMM,I,2
52472,B07JMNVV13,I,2
94436,B083LV22MF,E,
61526,B0785SB7J6,S,
10366,B00NHLST70,E,
22137,B007MUY5PM,C,1
47143,B08L6N3J8B,I,3
106559,B004VLVI0A,E,
6808,B073R28QN2,I,1
63987,B07846H4J7,C,9
112237,B07QGW33DF,I,1
23199,B07MHJ8ZPV,C,1
43985,B07NDLPSMQ,I,3
110977,B07K2DBNDP,C,15
407,B08B3V5RCM,I,3
2982,B01FWAZEIU,E,
33713,B07Q57XFMB,C,4
114725,B00J6A6LHG,C,2
28246,B07LB92PGW,S,
101421,B077BWZJKN,S,
114943,B00P8GFBC8,C,6
97510,B07BDM6GCB,C,1
5485,B07QYP2BXP,I,7
106399,B07SM4Q5MD,I,7
91532,B08DMNG9ZZ,C,5
6062,B096P6M4VL,S,
16515,B004F9Q600,E,
96683,B06XV162D2,E,
35546,B07TB5VBVL,S,
57626,B0878BKSCD,E,
57159,B0848TG26R,C,3
21629,B00269QLI8,S,
93037,B08K9552YJ,I,6
53592,1616890185,I,6
33818,B08BLRM6BG,C,10
39523,B003FNMGJM,S,
32107,1324003545,I,2
35146,B07MGGG5NB,C,9
47463,B08NDM2N69,E,
66200,B07M7F98TC,C,17
97071,B07VKBVDLP,E,
108860,B074HY3LRB,S,
28563,B06XRG5S2C,S,
60582,B001OI28CK,E,
1616,B081YRGJHV,I,2
36803,B071CS2DRL,S,
84432,B00CBYG1L0,S,
113044,B072HTDM2C,I,4
70230,B08G8QWHDC,E,
68806,B01N3LRHIU,S,
61793,B096N11KYL,S,
68094,B07XBY5DY8,I,2
57611,B07J5Q4P38,S,
15551,B07B4RC625,S,
71976,B004WFY4O2,I,1
91301,B001Q3KKP0,C,6
79475,B001H88B2S,I,5
64094,B0088YV0OU,S,
84832,B07QCVBPFL,C,2
31278,B085ZBG9PK,S,
7842,B07J5T9DJR,C,16
84557,B077JZ5YYD,I,5
94322,B00BTWSASW,S,
21426,B08YJX9NYV,E,
79868,B01NB8PRT2,S,
30356,B07QH39NBP,C,3
71722,B00V5JSCXC,S,
89323,B07NPZM1ZB,S,
51002,B07SXDD4F1,I,5
19676,B01ELGVW96,C,1
1002,B003L0XZMQ,S,
126,B084HM9B4L,I,1
108982,B0098U0QC0,I,3
100409,B000M6VXYO,I,6
57470,B0179N39KS,S,
8751,B07T154NQB,I,3
19100,B07NRNBTVN,E,
18931,B07G3S6VL1,E,
78970,B07YNZHXCJ,I,3
45812,B00ZO37VLE,I,2
2660,B07LGL333K,S,
110762,B00OK127OM,S,
77109,B075QS869Z,I,6
13798,B0843R7YJ6,I,4
33723,B083192L2R,S,
63752,B07Z83XDG3,C,2
60171,B07RXGXFKT,S,
103619,B01DARPNMY,E,
7475,B07GLCHWRX,I,3
25307,B0074K4NFC,C,2
14325,B006HEIIYS,I,4
101202,B07BFNVSFY,S,
42378,B076C8DFR1,C,10
13176,B083VKTPZY,C,2
97362,B07BBWNHG9,I,4
5504,B07N1CMGQQ,E,
48631,B07CKYHY8M,S,
4634,B089DN8S7C,I,7
1187,B00B8L62T8,E,
36043,B000GX4CI2,E,
87583,B00OH74116,C,7
76140,B08W3LQGTR,I,4
6448,B087JTZ56X,C,10
101348,B00K7D5XQQ,I,4
72722,0648287319,C,3
29827,B01N22ZDEK,S,
45457,B081KMC4NK,I,5
112299,B078Y4FR14,S,
56378,B07VP1MLZ2,C,8
30861,B01NAOM85J,S,
97220,B005SKDYVY,C,1
104609,B072W2D3D4,S,
115013,B017VV3KQG,C,6
72305,B000GCDJX2,C,4
39028,B01LDF990W,I,7
44713,B07H4MG5GJ,C,3
114323,B08MLCQJN6,I,2
15635,B01EKE5UIS,S,
115678,B08FRKWRHW,S,
42046,B07MC94L3X,I,2
386,B0098U0QC0,I,3
66531,B0829PCNKC,S,
98733,B084BMXHLH,E,
77234,B017MEAGC8,C,2
9600,B01MUANC80,E,
56735,B004VFMC6A,S,
35984,B00B3UZQRI,E,
72202,B07P72C6M7,C,11
31787,B07QP229Y2,I,7
97874,B0135YHWJO,S,
78899,B07JL4TGQ7,I,4
37477,0826123171,I,7
24530,B07RT2DC63,E,
62408,B00PJSIIES,E,
55673,B00ZHN81JW,S,
2723,B09BTQ8VYP,E,
82054,B07RZ542ZF,I,3
26145,B07TKVW4M6,S,
98182,B0070Y36N2,S,
1631,B00V81DNYK,E,
36841,B07VVPNNBJ,C,13
71370,B09238C4LL,E,
3568,B0962WNFN2,I,7
74141,B07655XXGJ,C,1
94862,B0052ZVYRQ,C,14
69649,B002C4K0XE,I,6
11115,B07WQR9BQG,C,13
114342,B01C42FMCM,E,
9959,B01N08EGNZ,S,
35813,B006ZTELZ0,E,
47589,B0764GYV89,I,2
58594,B079YWJV3N,E,
45000,B0153MK4WI,S,
110406,B003FZB8VW,I,7
49873,B00722UIHE,E,
114827,B0844Q8HXX,S,
34368,B07VJL5P3F,E,
96956,B07MGK4933,I,4
108324,B07YS3HZR2,C,3
5827,0078282659,C,1
74930,B06X9HDZHB,I,1
81168,B01C8PIVLE,S,
87792,B07V42PS8G,I,2
61061,B078YQRTFN,C,3
25690,B01N52ZGYM,S,
9642,B07W5JZBVJ,S,
105421,B07G5KMTY8,E,
44251,B08CXQ7V6C,S,
92494,B083ZHMFYP,C,1
104211,B00B29CI4Y,C,4
48478,B009FBGEHS,E,
34698,B01MYYQK7M,S,
55459,B06WCZVKD7,E,
38955,B098KV2VFZ,C,17
20012,B07FDQWBP1,C,3
956,B0008155U6,I,6
9959,B072HZTX3R,E,
36167,B01EWUST6U,I,4
38982,B082NTNG92,I,1
12126,B0776P2QFS,I,2
18213,B07P8QTZRC,S,
40765,B07D6MSBC3,S,
73007,B01HMO4DH2,S,
110003,B07MN8B9XQ,E,
36030,B074VDTCQQ,I,5
11715,B00H0JW340,S,
26209,B07VMDS9RJ,I,3
102330,B0054QHI9Q,I,2
12837,B076CJKQC2,C,4
54839,B08QF777QK,C,1
100830,B08V8NDRB7,E,
30905,B07V398W2C,E,
65081,B00ESLE9K4,I,2
56817,B0942B1PH9,E,
65081,B01M4QCZR2,I,1
68562,B07BNS3Q5P,C,1
1592,B079SWC4Z9,C,4
28466,B071RBNMS2,C,6
9760,B01DRV2AS8,C,1
87764,B07W2VL19C,C,9
76223,B07CX11NK7,S,
47965,B08XQ2KNTJ,I,1
95927,B007TEZD2A,S,
114166,B07XZT24B8,C,8
41632,B06WV7411J,S,
40558,B07PWHJXT7,I,2
83328,B0027CSJAW,S,
5167,B075Q9BD7S,I,4
20496,B0190UX1HO,E,
25203,B07WRPR4NS,S,
115637,B07KPZS7SL,S,
96955,B00TO8R822,C,3
19367,B07SSS414N,S,
76436,B00Z7SUZFU,I,5
50982,B07VG4JP8J,E,
107160,1419743015,I,5
61407,B07PS65RKM,E,
77987,B0000VLUEY,E,
31813,B00O52TIMA,S,
97774,B00524O80M,I,1
69192,B00J9S1BCU,E,
25618,B016WPMB8K,E,
87435,B00MDH1V06,S,
38044,B07S2XYJKT,C,6
4957,B07Y31WBN9,S,
52731,B07W5RB5GN,C,11
461,B075WB98FJ,I,3
80703,B07CKF3LVR,I,6
94802,B07XFG3PZ1,E,
38967,B09H5JM6HX,C,16
32558,B07V58LC6W,S,
46909,B015F2GBSC,C,9
81840,B0090S97F2,C,7
107888,B072NF2Y32,S,
111366,B07ZWFN5LR,S,
58699,B00GWUNU54,C,2
57053,B083MBNP44,S,
93219,B01MG96M9Y,C,6
67580,B074GBB2JF,S,
105937,B07ZN6M2TX,C,1
63809,B0881RMNTN,S,
82716,B01EI75EOW,E,
68330,B004GLJ0JG,I,4
65879,B01DYJ17YQ,I,6
38546,B01FGL7BZO,I,1
10282,B00YJEVXYA,S,
26803,B06VXND7JF,I,1
88831,B081V1XJTS,E,
4672,B00776TEWK,I,3
64524,B07M773MDW,E,
32,B07D8WWYDV,S,
52695,B01LW9L9YR,I,4
35750,B01LWLVCS1,C,11
91230,B00CHWU6TE,C,1
35797,B07F1MDQF3,C,6
80015,B07JGRJPLJ,E,
69044,B00005JM7T,E,
7570,B07SKLLYTW,S,
575,B08S7313BL,I,2
93797,B08K2ZPQ9H,E,
102683,B087RLKDSD,C,3
112725,B07GVF4XQ2,E,
42597,B002LOKME2,S,
12693,B01NH13TYQ,E,
47747,B00P9X7ONO,C,8
24159,B07V21J85J,I,1
1177,B078962Z47,I,5
29418,B06XRCKW54,E,
45802,B071K9FV1N,S,
111726,B007V3TAS2,S,
1660,B07T8XQXCQ,E,
113603,1554076358,C,7
66500,B088R8NZ34,C,8
111388,B07M71VPTS,E,
19125,B076HQ3G8H,E,
43638,B078XCN8VT,I,5
84375,B06XC2S992,I,2
115253,B075GY17H3,S,
52520,B079L3KGJ2,C,2
74427,B01FGE8SO4,S,
71457,B093DVT1FL,E,
114769,B07T7YY34Q,S,
35655,B07KVK6G5W,I,6
64371,B08BW1424L,E,
99502,B0925M9S9Y,C,6
109269,B00418NXBA,S,
96940,B01M2DJ313,E,
11435,B07QB8KMP3,E,
42094,B07TXY8KLH,E,
68345,B07PVM473X,I,7
65110,B07BMKXD65,S,
68583,B0757MRD6F,S,
7606,B07V8WV7QP,C,9
13957,B07Y6Q7SXS,E,
92178,B07PXKR5PB,S,
54121,B07ZPKBL9V,E,
77284,B00O4BKJH0,C,4
80274,B07BK27JBG,E,
81343,B00ZGG1HZA,E,
86294,B0725KCT9D,S,
99890,B07CZ48568,C,3
103547,B0823WKDBC,S,
59390,B01GW09XRW,S,
45082,B07YR7FX53,I,2
70885,B07P3HVRSX,C,1
68696,B07DNRTPCG,I,6
34033,B0008FHPFK,C,15
96537,B07NHHFBP2,S,
36537,B07XP2613H,E,
22646,1407163280,C,3
50888,B004BA9OYS,C,2
44231,B01LKOZEF0,E,
66184,B072MM7MQX,C,12
28192,B00OXGXW8O,S,
26918,B07MP9LSCL,S,
1302,B00DDYB5O0,C,7
84225,B07W531XHG,S,
50851,B07GS9MPY8,S,
38519,B07HFFT6LB,C,13
1030,B088STX6HK,S,
2572,B07FBSB3GJ,E,
99407,B01MDLVTX2,I,1
50532,0983466394,S,
66488,B07RGSX266,E,
46683,B019WYMSAY,I,2
2501,B07LBHYGYD,C,3
55036,B07N4HX852,S,
57564,B002ZG983M,C,2
1078,B07MP9SSHD,I,5
19685,3791354671,I,5
19685,B07D6P4MPL,C,4
83829,0307472329,C,4
114547,B07X242KKT,C,11
115602,B08T7594Y3,S,
22532,B08ZK5TDXQ,C,5
98864,B07G4B7P9P,S,
15237,B00YSW16WC,E,
91862,0684832569,I,4
2719,B07BNXXJKB,E,
6906,B07GNQ9C8H,C,15
72438,B07HR8C4X3,S,
94067,B07KRX5LRM,E,
93142,B007QUZ16A,S,
100322,B07Q2H38F6,E,
42640,0345487656,S,
105093,B07WMRY66K,S,
50586,B07XXWXBVG,S,
46532,B06XSKGXXD,I,5
90069,B07ZQBQCVX,I,1
51223,B083M651KS,E,
91777,B07MY11KMP,I,7
87288,B07L3V5P2Y,I,1
36455,B07W5NHFW2,S,
19505,B000ZPIB5G,I,7
76443,B07J9YH8DG,I,7
561,B01NGYEEOP,E,
22872,B0197FV8YU,E,
65502,B07QRF4QCK,C,16
1002,B08Q8BFDMS,I,5
92127,B09B1QPB1B,E,
74506,B07Q84N58J,E,
51921,B098QBGQZ1,E,
74991,B08KFMRJMC,E,
93779,B08N53GF81,S,
55441,B071Z526MV,I,2
111647,B089RZCZ3G,C,5
5153,B012GWFQHG,C,5
59770,B002LUWVS6,I,3
22465,B005WTSEGG,S,
69382,B00D95NATQ,C,15
88868,B07R4JQVDG,E,
101880,0814906974,I,4
68574,B08VD2SVFM,C,9
11837,B084T675QY,C,4
16328,B07VSNYHGT,E,
34045,B086XCGMN7,S,
50698,0692659757,E,
27585,B083Q6Y54F,C,9
48057,B0000C53HF,C,2
38435,B088FL8BFZ,C,14
57383,B07KZHQQHP,S,
105057,B07RT6G4Q9,C,1
200,B07XXT16MK,C,17
1864,B07DQDLP63,S,
28740,B000237FR6,S,
19497,B07XCCTPYT,S,
82026,B00P4PJOVM,S,
101185,B07KJGFGCD,C,2
46477,B07C3HJP9D,I,3
26812,B01L2I9SXS,I,2
20939,B07WQSYV1Y,E,
108618,B07HMTG8GV,C,13
1808,B00LU2I3V0,S,
104752,B086SGFK62,S,
81129,B01L7OX9S2,E,
88395,B07TT8FHB1,C,3
43175,B07QBZJJSJ,S,
54854,B01LYLXSN6,I,4
108761,B015ZBL264,C,2
64941,B09C7M5LTH,E,
71634,B07FXMJCX6,I,2
44301,B07BSSX9Z6,E,
111520,B08KZRH261,C,5
27858,B00VT14460,E,
80719,B077P2F2SF,E,
75070,B092VC5SRF,S,
105134,B01KKN54WA,S,
27110,B07BBNHXCT,C,2
64858,B01MFA39FE,S,
106178,B00W75BKQ4,E,
97969,B001GN3H5A,C,10
82144,B004P1ITLW,C,5
110762,B0786V5QDY,I,1
108315,B018JR6G9E,S,
89314,B07SML3B1S,C,2
79471,B00T54VIB2,E,
30734,B06XHVKMZM,S,
49338,B07NVWDBM2,C,3
96575,B07CFWRBM2,C,2
28775,B0785G16H6,S,
66643,B07PN7FB1R,E,
41314,B07YZM142M,E,
44751,B07KJ8V778,E,
69751,B077PSCK49,I,5
55701,B00JQL5RCK,C,8
48708,B07SFCK2KT,E,
99347,B07GW3YK17,C,12
55733,B00CB0478I,C,4
56394,B07HYNSBHW,S,
105415,B01FLY0DQ0,I,2
33514,B0743DWRWF,E,
13297,B07QS5449K,I,3
101738,B07DD2JR3Q,E,
18601,B01MFAD4MJ,I,6
36275,B08CRHMM27,C,8
32901,B01GW3R9NY,E,
18511,B01D8XMIZK,E,
62608,B07S1PHGNH,S,
22909,B083HVKN4R,C,2
104599,B01BLMBKMM,I,3
47333,B07D2TFSJ9,I,1
75885,B07P6MXJVW,E,
105409,B00TBAO2S6,I,3
54464,B07M8ZZTM2,E,
3007,B07G8GVWKV,C,9
44495,B07FXKQZFX,C,6
65707,B002OFCW5A,I,5
6703,B077PDSMFF,E,
5674,B07PDLP1X2,S,
34938,B07DD6SYM1,E,
7498,B087BGVSPS,S,
7522,B098LB6NR9,I,5
36839,B07KP4F8LZ,E,
66619,B01HWZB76G,I,7
36578,B086LKSR2Z,S,
6687,B077JF47GM,E,
95895,B0001VVF52,I,5
39953,B071X9ZYNR,I,1
40011,B015P7K7YQ,I,2
616,B08F343P9B,I,5
56184,B008ROXKZS,S,
22095,B07W2W6NNQ,E,
100828,B08D3VSPDH,C,12
94909,B07FQF25DP,C,4
22382,B087NMY98M,C,5
7884,B07HZLHPKP,C,12
55012,B099Q2KT58,E,
86985,B07TJZP92F,E,
108770,B07T81TRSN,C,2
61668,B08YLG11FW,I,5
71865,B0764LSC19,S,
20205,B07DKR5WYX,E,
25969,B07466YCYK,S,
97272,B01B3BBK94,E,
20142,B00CWFNLG6,I,5
66539,B01IULAZ5K,E,
21510,B086Z5F3Z8,I,4
73835,B07V3H5FMK,C,14
78247,B07GHGKF9B,S,
102523,1401324649,I,7
79377,B01LXJNPZV,S,
17805,B004XAHUGU,S,
35935,B07Q1Y5YR9,I,1
115836,0307986357,C,15
93682,B00GN9PCV4,C,3
55170,B086MK64TK,S,
651,B002X3YQNE,I,3
83970,B08XXNBSKB,C,16
73417,B0039ZIZ7I,S,
56401,B08DF1PYWB,S,
3267,B08FX6SWMH,E,
7279,B0954RP4KV,E,
8203,B00CTPYAXW,S,
7045,B082QXN4Z1,E,
87279,B07WS2L4JX,S,
69890,B00KCPDHWQ,S,
24975,B077YD9DG6,S,
40497,B071D41YC3,I,1
17891,B07Y94NR4Z,E,
54114,B07RL1Z9P6,E,
56109,B087F6L9J1,I,5
114812,B00SLB7648,I,7
29866,B003T7PJXY,I,4
52836,B08PPM76JH,C,9
37795,B014F0QL3K,S,
75722,B0788JBDVY,I,6
37518,B01N3PB5LN,E,
114166,B086RDYQ56,I,4
63890,4896376366,E,
110797,1442489367,S,
68917,B07NLJW14T,C,3
64924,B074MCTHV5,S,
40158,B00T7F7BS8,I,2
11245,B097DQQKNF,E,
38527,B004WP4V0E,S,
97494,B078HQ9Q9G,S,
87259,B005ACNW5S,S,
110096,B07PJ54S1Z,I,1
35050,B075KVZY55,E,
6124,B097J4V43J,S,
59046,B072PSS3KX,I,7
109393,B07DGVBL22,S,
735,B014FYZJ3O,E,
72596,B07Z232M1H,I,5
65100,1455570249,E,
76315,B07Q27XG58,S,
23705,B01N04X37V,I,1
69103,B01800IHXI,S,
11696,B0734JQC12,S,
59108,B07NC4Y9ZT,C,4
19244,B073KV9CTN,E,
42731,B083V2T46D,I,3
10538,B084ZZ96GJ,E,
77367,B07DPTWFLY,E,
1147,B077LHPF2Y,C,11
88835,B07T975KBJ,E,
106078,B085626HSG,E,
56953,B07MR2N2G1,C,10
21141,B097H6KK2B,C,13
72252,B07H289S7C,E,
96525,B0827HSBKB,S,
76087,B003Q4TPAI,S,
90871,B079FWCQC8,I,6
45988,B00HOY2MRE,S,
497,B078P713QY,I,3
81884,B00MPDS2SC,C,4
81666,B00BQ94JF6,C,1
8882,B001C3S736,C,13
46877,B07D717MHX,E,
1842,B07K9DYG8D,C,10
46671,B07RB7HKL7,C,1
9803,B082HVCCQH,C,15
42903,B004QJ1LWM,S,
55814,B01IA9CHTE,E,
58076,B07T4G24Z8,S,
79867,B01H1VKNUC,I,7
71045,B005XD7RIC,S,
101844,B088QSJCKZ,I,3
15775,B075MTH9NS,I,2
75377,B07FB1YHM1,I,2
63975,B083QMHPQF,S,
113940,B00B3Z6UMS,I,3
92128,B00412N97E,S,
53169,B007JAAAV8,S,
33496,0060987502,S,
12339,B007YAMQ2E,C,2
104685,B07GWGG95F,C,1
74684,B07DGJ8YMH,S,
50994,B007AFP8HS,E,
18891,B0722QPMT8,E,
1425,B08PYTTB6F,I,2
81069,B07ZZJH3B8,E,
55912,B06Y66GDMY,S,
161,B01LZCC2VY,S,
8510,B07SLR5FGT,E,
38640,B07SVSTDL1,I,1
53631,B079ZR8LGT,I,3
58342,B094CZ18V8,E,
39710,B00FY2UJAU,S,
115336,B07M9R57LW,C,2
91606,B07R4RC9R7,C,2
55300,B08816JRHK,I,3
37885,B07ZQ8DQB5,C,8
83416,B087GCM6J8,I,7
32830,B07K4XKGDG,S,
26154,B01N789CTI,I,2
23257,B082ZQ377L,I,4
6151,B01M6TI1GK,C,1
107915,B07Y2DJWQM,S,
42752,B00P2EN5J2,C,11
83880,B01J4JU4TO,C,8
27957,B07S82HCQH,E,
17584,B07N98QPKD,E,
13461,B005DVV2AI,E,
105415,B01MYX3TRR,I,6
68345,B07VSNX25Z,S,
53723,B07JM9BB74,C,12
89585,B009AC0YR8,I,3
85208,B0791XYGJ8,S,
99188,B00L1ZCN0I,E,
107038,0736425810,I,4
13445,B08384NQ65,E,
3480,B07M5HQKGX,S,
25060,B08DP1YZP8,C,11
34368,B0075RW2KC,E,
33806,B077GZ7FRB,S,
79448,B07NRK8G5W,I,1
49004,B097MZWDNK,I,2
106859,B01LNH759W,S,
19100,B082X44NQM,S,
11953,B004BCYWY8,S,
87047,B07TVMN6GR,I,5
57799,B07BZBGFH5,E,
74206,B083HRTNRX,S,
18684,B01HETFQKS,C,17
96956,B07MCYGJ47,I,5
8876,B005JVOONE,C,2
11037,B074XFZVZ6,C,3
52375,1788287800,C,2
10579,B07FBNPLJD,I,6
55079,B07RXZF5TB,C,7
98434,1701692937,I,5
61505,B074887SRZ,I,5
88185,B07XFJPWC8,C,3
953,B0072L62BG,I,7
34062,B07WF8VHRK,C,6
52237,B07VJ31576,S,
23628,B0758K3X4H,S,
113847,B07C21VL9J,E,
73541,B07YN755LL,E,
41403,B000P4Y4JE,I,2
40077,B081ZS5TF2,E,
65328,B00I4IVWW0,S,
1214,B07VZY8JKL,E,
37958,B094CVSZV2,S,
47143,B07TJP1GDL,E,
111607,B07DGV6BSY,S,
43603,B079PT75R8,C,2
88280,B018V16I82,I,7
39897,B07J3WSS2Z,C,14
95182,B07NFDVNYS,I,3
31520,B07ZG4W5GX,I,2
7999,B07TYQ344Z,C,7
114492,B081T2WCNW,I,4
27881,B07FMYS892,C,5
1779,B0842SV5QX,C,3
20318,B07MJR3P1H,S,
91161,B07S5985GC,I,7
30406,B00J49TBNK,C,4
83707,B0026RHAV2,C,6
104699,B001J38N92,C,4
81373,B07FCYRLFL,S,
56735,B00363WGGO,S,
71704,B08D1ZX4SL,E,
95477,B01M1SMPOS,S,
91709,B08YRD11VS,S,
83714,1736540912,I,5
90543,B07DDW8CC2,E,
84280,B004BU3CDW,C,4
63119,B082J5ZV5C,E,
94838,B077PXX4XF,E,
50756,B00JF5LRN0,C,4
1498,B07YGV7HFW,S,
96166,B00K7O2DJU,I,6
77284,B00LLHIDUK,C,1
97397,B07L9WPL9B,S,
66027,B07YXJM987,I,2
76687,B00378KMG4,E,
7041,B07ZZKQ9R1,C,7
75739,B07BL4Q2M8,E,
37145,B076HH4WZM,I,6
14,B07C2Y4JBG,S,
46328,B0816YH91H,C,8
105301,B00Y4FF1OM,C,10
11987,B09C8GMWB7,E,
74627,B06XR8X22H,S,
20490,B0055BA2QQ,E,
33372,B07V6PCD7B,S,
43533,B00150LT40,S,
19293,B078MMQTNX,E,
63636,B01N41USFK,E,
62902,B000256ESU,C,3
72373,B00NJ1BQZA,S,
31512,B01M0DQVVG,I,3
27628,B0743X2LLJ,S,
22324,B009X8U5S2,E,
1532,B075X79GZY,I,4
56379,B00DM0TQ50,C,12
5864,B00KRQCDV6,I,2
58096,1683215990,I,1
22991,B082DM569S,C,11
66935,B00FEP4H1E,S,
87366,B07XRV2FG2,E,
37397,B071YVW59G,S,
25423,B01FK2F63I,I,1
82055,B095BR2F6P,C,14
65085,B015RW315G,E,
47588,B08QBC221K,I,1
201,B07N12VBMV,S,
73279,B07VHRXKWR,S,
76932,B075QR1TCX,S,
114994,B0875MC2YY,C,15
31771,B08CCPFP7B,I,4
31926,B000W4RQA6,I,4
102115,1411470990,C,11
96821,B07FWQ97WC,I,2
59257,B07FJQ5BJQ,E,
31427,B0021TT4C8,S,
31615,B008RLEY3I,S,
100994,B016BWH2HE,S,
99734,B00UODTDNI,C,3
59172,B00JXI2RRY,E,
84397,B08Q3N9N78,S,
88078,B07G3SRKNY,E,
46582,B079JDQKV4,C,3
46940,B073BJR5VV,E,
42361,B00IJMAFI8,E,
89633,B00GE57DFK,E,
52411,B071JPMXKY,E,
38582,B087TN1DFP,I,7
44713,B07HKRR4Z9,I,1
513,B08C5HQSZY,C,12
550,B00HEBT388,C,9
23946,B07JP4883J,S,
62998,B01LXSD9KM,S,
95679,B0771MCKSN,E,
75866,B00119SZOW,S,
69601,B07CVFSHPW,E,
14940,B01M7W89NO,E,
29495,B07RK8W45M,S,
87078,B000WO79TO,I,4
10886,B07Q3VQMKL,C,16
36877,1937832686,E,
30360,B07YMT8P17,E,
55011,B00KCL1222,S,
44270,B01LDTP484,C,4
64579,B07JG918D6,E,
753,B003FIYZRI,E,
99185,B07BVS53YF,E,
7884,B07RQ3TCT2,C,16
74961,B085VRQ67B,C,4
80122,B07GDV2G6V,C,1
47281,B07Z5M8VH1,I,4
53632,B07H7FJBSD,E,
91326,B07816Y7V5,S,
113149,B07S9QQXYX,S,
85016,B083DCQH56,C,10
43937,B06WGS47NG,S,
13163,B079JCZMMK,E,
46173,B084YYJW8Z,I,4
2445,B009W25G74,I,2
45988,B07MPRLDWD,I,3
582,B0040D2QC8,E,
75529,B092L84995,I,3
23741,B0838YTY35,S,
108224,B07PRKQ3CJ,E,
87161,B00061V4E4,I,5
97445,B0932FR6H7,I,5
92559,B010K3E836,C,14
5518,B010VWCAEK,C,16
42974,B079686B4P,E,
30355,B00HR0BK1E,E,
79,B093Q6QFM6,E,
91328,B07T166MXK,I,2
15697,B07N2JJRSH,S,
88544,B07W5CMZPM,E,
53220,B07H2SNDVM,C,6
44959,B01AOABLSU,I,5
103087,B001U3ZYKM,I,2
76642,B0995484TP,C,1
77802,B07QSCH2DS,C,1
34279,B08782D68Q,C,3
92350,B09431D2DX,S,
76040,030682020X,E,
56748,B004KAQ3RA,S,
7842,B07KFYH4TD,I,2
36667,B07V8VPHD6,C,9
14911,B0163CL69W,I,5
110198,B073GZSZ3X,C,5
7286,B0817XBW9T,S,
290,B07RV4NJ2H,I,4
1130,B08GCFDGYN,I,3
103966,B08CDJ38C3,C,7
52239,B07MZC18ZC,S,
28210,B07ZNNS329,S,
85573,B0876N9341,E,
100024,B087JD7BBH,E,
65012,B009VOFRYU,C,15
26163,B07W154RJG,S,
64905,B07K2SWHGN,C,2
33147,B0007LNG8U,C,3
17915,B0057Z8WBW,C,5
53823,B00X5P8BJO,E,
1621,B0866F4K9J,S,
111138,B01783RLK8,S,
75515,B07HG1S42V,E,
63676,B07GJ2MWTZ,I,6
2263,B082P8N4KJ,I,4
14094,B08BYB7HDR,S,
85346,B097BDSCJW,I,3
97510,B01B3SJILY,C,2
23757,0062090291,S,
87596,B08D2ZFN2M,I,5
98574,B07XQ2V2KX,C,11
32775,B07VCLDWG2,C,12
18002,B00E6G80B0,S,
1459,B0168H5SZ0,I,4
3220,B07RHPKHJ2,S,
93851,B08HLLQGCT,C,3
19731,B08BJ9SNQN,C,1
71259,B01M6V78ZW,C,1
635,B07PMK2HWT,I,6
76438,B07F39HP39,S,
26010,B0778ZG416,S,
101041,B074WN7BSW,S,
63234,B07BT2VPTV,E,
55414,B07ZM3P7NW,I,2
14326,B075CWJ38D,C,12
62910,B07G4HJR5V,E,
1392,B085F28PVV,S,
87505,B07MPY87P7,S,
19133,B07MBFVGZF,E,
34046,B00X0W626G,C,1
19284,B07L4H994X,E,
111445,B01IDLQKJM,I,1
110655,B00FS75W94,C,2
1298,B077FVRM4P,C,10
100589,B089G7QXBF,I,7
66663,B0813Z7GVG,C,7
72811,B078ZRRBPX,E,
39080,B07HKW3QHW,E,
115150,0553386697,I,3
17388,B08LNFTY19,S,
13250,B0000AVE2U,C,3
12838,B001AJQISS,C,17
97414,B07777VKSR,C,16
20600,B07ZL1TDV2,E,
54974,B08CKNH1HD,I,2
69701,B083PZ7JR3,C,3
69910,B08B1LSD48,S,
38143,B001EQ56T4,E,
87725,B07HHYWDX1,I,7
74994,B01LX5IVV3,C,10
95346,B07LCQCN8Y,S,
8441,B07D2LV4DR,E,
113629,B08432SGPF,E,
96403,B071FP1PLH,C,6
14702,B000RGAK2A,I,5
70931,B07TKSRYY1,C,5
106446,B01MQ1JLWY,S,
96610,B07HR3VPRC,I,2
52121,B07DGF8K2S,S,
38033,B0063N7OZ2,C,4
30677,B079MFD755,E,
42081,B07GFF8SLQ,I,6
4230,B07C1KZK5W,C,4
90011,B01JEQMBPM,S,
12805,B081R8MG2Y,S,
104083,1082553204,I,2
68102,B01LWLWV2O,I,3
112449,B079YDN6T3,S,
96408,B07N6HC2P2,E,
41390,B00VEK5PIM,E,
26019,B01417HPVE,E,
32840,B00KZ9BDEI,C,16
29984,B07Z8B27B7,S,
115284,B00R9KZQPI,S,
96391,B07NNT7TL5,E,
41494,B07JGHK2TD,C,10
94776,B07BN8PLZS,C,4
69066,B000LF42P8,S,
108751,B007IIEOEA,S,
681,B07D8ZJM83,S,
83688,B00Z4T34CI,S,
36393,B01M66EIS0,C,10
1494,B08SQQ1WMK,I,5
76795,B005Y6YGEQ,S,
69840,B00PWRYKDE,E,
65766,B00HU7CGMG,I,4
827,B07BQFTHMQ,S,
24706,B083LHXS93,I,2
91154,B01KLNJF7O,I,4
30112,B07Y8RN16G,S,
26910,B081BDDGJ8,I,4
92294,B07W3ZNFSW,C,11
22471,B099746282,I,7
55096,B07QLPDH8G,S,
107587,B00JVKU7SA,E,
5188,B083NNQV9T,E,
32901,B08VSFF6JB,I,3
707,B08967RZYN,I,3
20527,179650307X,I,4
38044,B07QXLBKD7,I,7
104079,1648765092,E,
91699,B01JQSP498,E,
59592,B07R4N5VCM,I,6
58256,B085H7K3RZ,C,3
72184,B00135HF40,E,
669,B003O3H2G0,S,
66153,B08Q85DM23,C,1
104943,B074T41HTZ,S,
113004,B07HM98L2F,E,
95660,B00MB6VJYM,E,
75083,B073X8N1YW,E,
96572,B08H1XFYCV,I,6
7317,B076H8VP8P,C,13
95096,B01B8964H4,S,
8867,B087QPF6ML,I,3
20,B08G14MTVW,S,
15746,B07M91K9KF,C,5
112301,B07ZK2VV99,I,1
1666,B06XHZHRXT,S,
85191,B01LWZ7R4Z,S,
108516,B072WC4XGV,C,2
87600,B097MKCBDT,S,
75290,B078YMTZ5F,E,
63297,B01K7JEIOC,S,
55623,B07TGF122P,I,3
52712,0739049038,I,6
103538,B07X25GBN7,E,
88258,B00L14WA84,E,
68382,B08K1KNJCN,S,
58027,B08HSMXHZF,I,4
14608,B07NF17R88,S,
107341,B01KEGQFYY,E,
21020,B088JL3YYC,E,
1755,3740800240,I,6
58354,B07H9NDPG7,I,2
56780,B082D6NC6P,E,
110730,B01M4RDJBR,I,1
945,B00178TEJ2,S,
78367,B078K93HFD,S,
25901,B07X1PYL7G,I,2
106108,B00KYYQKBA,S,
55876,0525572767,S,
77506,B00ON0YS60,C,6
7033,B0851R6VKQ,I,2
56251,B00Q3CHLCE,S,
40175,B0170H5078,I,2
7773,B07F2T23W5,E,
28564,B00TU9UFTS,S,
56941,B07PKFQL9H,I,6
44687,B07SYC9277,E,
54423,B07WDS5J5V,C,4
31905,B0060VG188,S,
44851,B077KHPHKB,C,7
71701,B07H9NTFJT,E,
13811,B07W2W42VN,E,
101880,B01HQWJVQI,I,2
114656,B00WHQ9XRQ,C,4
70728,B07CX6Z6JT,C,6
4309,B07GFPVS2M,S,
56003,B07NSPN4HX,S,
103386,B01J7DO9VQ,I,3
68370,B077CF7N1H,S,
93900,B07GKNC1Y8,E,
41617,B078RCLMSL,E,
100955,B07YL3WM4B,I,2
40710,B00CM7YG4U,C,3
41108,B0013LQDP6,C,2
16328,B07TXG77SW,S,
112134,B07YB7HSFZ,E,
69702,B077G1K3ZH,C,1
54719,B07515P7PT,E,
75607,B00377VNXG,I,2
75963,B07DR6WMRZ,S,
59666,B08XW8HKV5,E,
114707,B075QVMBT9,S,
53634,B00KLAXFQA,E,
93619,B007UT3OFC,S,
50183,B07VQPCGP8,C,2
114790,B07FW8BHH4,S,
78280,B00FNPQW2W,I,2
39815,B088J8NNS6,I,1
109114,B01ACUQC6I,I,3
100303,B00DNK2FMK,C,8
62910,B08HJ8L6HL,E,
110228,B07PLHSBDM,S,
81166,B076JK8FVL,S,
36826,B07TYTP844,C,2
25478,B00473O0AW,S,
114673,B07WNWMRRG,S,
100589,B0855LZ6ZF,I,5
115284,B07RNM7T6X,C,14
57969,B07KVCKK94,I,1
98585,B07R5RZNNG,E,
88319,B0895GT97M,E,
83893,B07HRXHH2N,I,4
9508,1608828158,I,2
71791,B08HHNXW8Y,S,
82353,B017182RW2,C,1
35962,B07T14BX1X,I,2
68716,B07MC98NTJ,C,2
102398,B08DCL3FC1,S,
3869,B07Y3YGD66,C,2
18707,B07F6NVKLC,S,
69957,B000PCF882,E,
68917,B01N0ZZ2N3,S,
22726,B07CG41NXD,E,
113942,B097F45NZS,I,2
5337,B07DLB71JH,C,12
93264,B0798JFW1X,E,
106305,B07CFX3NXS,I,3
80971,B00NHRWBCI,E,
90204,B072K7W4L1,C,1
1158,B08ZCCB8KS,I,5
29959,B00XHBT7BC,C,7
99069,B0742R7PLY,I,1
83707,B0015BR7UO,C,3
113380,B08L5L34WC,I,1
71792,B075JF2S7H,C,2
106447,B00MYL9X4M,E,
3661,B0053WU90G,E,
17334,B07GBWN8TC,S,
102373,B088562J5K,I,3
89282,B073ZTMS7B,I,3
84988,B07Q1K8YQ6,E,
63871,B08BRXGBQ1,S,
83295,B07BYJX9FZ,E,
16691,B07D753NR2,E,
20652,B07R781D9G,E,
4641,B07PLVRZXQ,E,
2884,B0875SLTVF,S,
1082,B07QM9WD6B,I,1
74329,B08HGQTXL7,S,
15650,B07JQDF12D,E,
95965,B07H9MMHJW,C,11
3267,B07Z9WYRX8,I,7
64305,B004CD41GA,C,1
45710,B01H7IJW1A,E,
10182,B07JYRWJ4G,C,3
51537,B0043U5TEK,E,
46328,B07WCCMNHZ,C,7
1307,B08TTBWRWZ,C,12
35894,B07GT37484,C,2
47835,B08176KBY2,I,1
41173,B07VFGBTSL,I,6
25582,B000CD2MCE,I,3
112497,B0771BD3G5,I,6
33485,B01M26M79X,S,
24085,B002EPUPUO,I,6
89446,B06XJKSJZ8,I,5
5627,B07NS8GS2R,E,
64321,B075329TH9,S,
1911,B005ESORC0,S,
20774,B00AMPJAOK,S,
35658,B07CY6DR5B,I,1
22496,B07TKNCQZL,I,4
29211,B005H1525A,I,1
97814,B01BPDTWBS,C,8
78843,B004VTGF0U,C,1
69275,B08NGGJRVV,I,4
64489,B07GXZ6FYB,E,
4325,B07FNZ85WF,S,
60334,B01M9A4992,I,3
77925,B07L8RZC3C,E,
33147,B088D4Z491,I,7
92607,B001AFKV0S,S,
115135,B07F1GQ3F4,I,2
56592,1567666965,I,1
74432,B07VDGWGP7,E,
